p_market_H,p_market_D,p_market_A,elo_diff,form_diff,lam_diff,lam_sum,diff_model_market,outcome
0.3809100087270487,0.2898749123017163,0.329215078971235,0.0,-0.06666666666666667,-1.1616,3.0624000000000002,-0.0036903322616663736,0
0.3686977505817461,0.29733689563044036,0.3339653537878135,0.0,-0.1333333333333333,-0.1472,1.1328,-0.00805204863928205,2
0.36585365853658536,0.2926829268292683,0.3414634146341463,0.0,-0.06666666666666671,-0.08960000000000007,0.9344000000000001,-0.012788171263895254,2
0.43237783170524396,0.28337377893297533,0.28424838936178076,0.0,-0.06666666666666665,-0.5451428571428572,1.877714285714286,-0.0047364171081188955,0
0.2809884416102033,0.2801343733986221,0.4388771849911747,0.0,-0.4666666666666667,-1.8328125000000004,2.7609375000000007,-0.0051195657479063406,2
0.47534179312884567,0.27609673014070674,0.24856147673044754,0.0,0.33333333333333326,0.88125,2.521875,-0.008091689855618034,2
0.4939386028451981,0.27572095143896136,0.23034044571584056,0.0,0.39999999999999997,1.7390625,4.0359375,0.04757918959677265,0
0.5035066628409962,0.26785383517413464,0.22863950198486924,0.0,0.39999999999999997,0.6328125000000002,0.9140625000000002,-0.0403970553513881,1
0.5916184874511244,0.24416001069411492,0.16422150185476053,0.0,0.1333333333333333,-0.0865671641791046,1.3562189054726368,0.03706708516857582,1
0.35916825819188436,0.2911868844016223,0.3496448574064935,0.0,-0.06666666666666671,-0.9714759535655058,2.875953565505805,-0.01705694033285654,0
0.3011689691817216,0.2818278427205101,0.4170031880977683,0.0,-0.33333333333333337,-1.9333333333333333,3.837810945273632,0.00625839612413559,2
0.39382357437700666,0.2861947714416756,0.31998165418131785,0.0,0.33333333333333337,0.42321724709784414,3.06832504145937,-0.01241964879553814,1
0.5062096623496097,0.27338325978524913,0.2204070778651411,0.0,0.06666666666666665,0.5867330016583748,1.7409618573797676,-0.004289064647321705,1
0.3591901085624684,0.28847455593923244,0.35233533549829915,0.0,-0.4666666666666666,-2.567906066536203,4.195303326810175,-0.007729462940748721,0
0.3907082756417084,0.2945915432953456,0.31470018106294595,0.0,-0.1333333333333333,-0.8911937377690802,1.8211350293542072,-0.016102522465080538,0
0.5532059055404811,0.25591519729989015,0.1908788971596288,0.0,0.06666666666666665,1.3702544031311152,2.4270058708414872,0.0032413203115710942,2
0.5023483735877041,0.2581902255311105,0.2394614008811854,0.0,0.06666666666666671,0.9827788649706459,3.2019569471624267,0.03261083244920182,0
0.27028399405172093,0.28446556164085446,0.44525044430742444,0.0,-0.26666666666666666,-0.8609221466364322,1.9750566893424035,-0.01269159431810768,2
0.45003133895172215,0.2856236052170373,0.26434505583124074,0.0,-0.39999999999999997,-0.2987906273620561,1.5243386243386245,0.02001634192319668,0
0.5830207822706597,0.25306946043616546,0.1639097572931748,0.0,0.2,1.696523053665911,2.2029478458049887,-0.01899905737292129,1
0.530417379819679,0.26674168811741084,0.2028409320629102,0.0,0.2666666666666667,1.1749055177626608,2.3903250188964478,-0.004861157844144093,2
0.4262568422446286,0.29044630260201826,0.28329685515335323,0.0,-0.13333333333333341,0.027274909963985516,2.0728931572629055,0.007482319523232195,2
0.39398828224505394,0.28810393139169566,0.3179077863632504,0.0,0.0,-0.31133720930232567,1.5200581395348838,-0.009467193082090153,1
0.2596891599449144,0.2793625811528625,0.4609482589022231,0.0,-0.2,-2.1375,3.749127906976744,-0.007054714894570713,1
0.3527435610302352,0.2945128779395296,0.3527435610302352,0.0,0.13333333333333336,0.1530523255813956,3.2140988372093027,-0.005556314347677449,1
0.35422840012785844,0.29424723333304537,0.3515243665390962,0.0,-0.13333333333333336,-0.1935568820224719,2.018521769662921,-0.009936242287766572,0
0.6897248990730986,0.2017972412135267,0.10847785971337467,0.0,0.4666666666666667,1.856566011235955,2.488588483146067,0.0037955482961938847,0
0.5046895353886235,0.26089882761615285,0.23441163699522358,0.0,-0.2,0.7821278089887642,3.3892205056179776,0.06822735636684185,1
0.5110713013672061,0.27127245028581903,0.21765624834697483,0.0,0.6000000000000001,0.1316713483146068,1.6063904494382022,-0.03325083133565504,1
0.4941766662378948,0.2742167257759238,0.2316066079861813,0.0,-0.1333333333333333,0.4424157303370787,2.3384831460674156,0.009121500358275414,0
0.3909677419354839,0.30451612903225805,0.30451612903225805,0.0,0.1333333333333333,-0.1329880617977527,1.5524051966292136,-0.002907927665299348,1
0.28266069562127927,0.29720272497800104,0.42013657940071963,0.0,-0.8,-1.9421052631578943,2.984210526315789,0.005789251499523418,2
0.4485870206960379,0.28433515773348866,0.26707782157047344,0.0,0.06666666666666665,0.5578947368421054,2.9157894736842103,0.014650364994190257,1
0.4557383632347905,0.2829201459836772,0.26134149078153235,0.0,-0.39999999999999997,0.6210526315789473,3.084210526315789,0.04579335788558209,0
0.32052359793443014,0.29296265161522755,0.38651375045034225,0.0,0.1333333333333333,-0.5536842105263158,1.8042105263157893,-0.029473650424547082,0
0.4172217709179529,0.29553208773354994,0.28724614134849713,0.0,-0.2,-0.08903853348297797,1.3949370245666541,0.014647687479469595,0
0.6229140602444423,0.2407083052641709,0.1363776344913868,0.0,-0.06666666666666671,1.110861703454296,2.8068337697967327,0.05202991003907409,1
0.3485975958786491,0.2987979393245564,0.3526044647967945,0.0,-0.26666666666666666,-0.08055867315126564,1.57301409153261,-0.010123287790084201,2
0.5048088108438952,0.27576123099830696,0.21942995815779773,0.0,0.13333333333333336,0.8988651951614915,2.086045641601197,-0.004084252767753038,0
0.36863273076527286,0.28620553630844164,0.34516173292628544,0.0,0.13333333333333336,0.29762675296655905,2.0257820927723844,-0.026202701192444777,2
0.29054308187928246,0.2843044267469052,0.42515249137381234,0.0,0.06666666666666665,-0.976153846153846,2.346923076923077,-0.022432564802825905,2
0.31659574468085105,0.2982127659574468,0.3851914893617021,0.0,-0.06666666666666671,-0.4240384615384616,1.7567307692307694,-0.016086113308296235,0
0.5646600217712558,0.2523276391566375,0.18301233907210665,0.0,0.0,0.5881121495327106,2.1357757009345795,0.023175451147324333,0
0.48915320472654067,0.27679627453088673,0.23405052074257254,0.0,-0.20000000000000007,-0.3379065420560743,2.5510654205607475,0.04655311555830188,1
0.5138040042149631,0.2680716543730242,0.21812434141201262,0.0,0.3333333333333333,0.09285981308411229,1.9500560747663553,-0.013653274117156333,0
0.5531596757692611,0.26021877705201857,0.18662154717872037,0.0,-0.06666666666666671,0.19259813084112154,1.3963364485981307,0.003363708350744954,0
0.6763162346536704,0.2072826043569415,0.11640116098938799,0.0,0.4666666666666667,2.488299065420561,3.262130841121495,0.022191740634548207,0
0.5106684926452326,0.26714161031441364,0.2221898970403536,0.0,-0.3333333333333333,1.2370491803278694,3.004262295081968,0.038635484440199375,1
0.4930203445197945,0.2735750873151382,0.23340456816506724,0.0,0.06666666666666665,0.7184035476718406,1.9157427937915745,0.0068002204505464015,2
0.35911602209944754,0.287292817679558,0.35359116022099446,0.0,-0.19999999999999996,-1.0130631831511594,2.1860837110103972,-0.01566419472452235,1
0.25545531170979924,0.2753410545375082,0.4692036337526925,0.0,-0.6,-1.5742468675019996,2.717941882164756,0.013101931447799864,1
0.6224620071278226,0.23381821587542576,0.1437197769967516,0.0,0.0,1.0997067448680355,2.8592375366568916,0.0540162546596501,2
0.3036758316389806,0.29494393871645397,0.40138022964456566,0.0,-0.1333333333333333,-0.29325513196480946,1.3196480938416424,-0.01717868682918494,1
0.39972581276929103,0.29279279279279274,0.30748139443791617,0.0,-0.06666666666666665,0.11530258597707299,1.9814716075713146,-0.01849856502067576,0
0.4736710756176691,0.27327177439480904,0.25305714998752177,0.0,0.06666666666666665,0.1093041855505199,2.1487603305785123,-0.0045776919779819125,0
0.30291718045303295,0.2914139963851962,0.405668823161771,0.0,0.0,-0.8046525864707683,2.5177838996020814,-0.021952741079184268,1
0.4141766966281844,0.28594861717673414,0.29987468619508156,0.0,0.06666666666666665,-0.22711968166513596,2.3685338230792774,-0.006812350745507012,0
0.6950179094757408,0.1992184956040378,0.10576359492022143,0.0,0.19999999999999998,1.4173913043478263,2.0260869565217394,0.009912148697644119,0
0.480947850120067,0.2798242037062208,0.23922794617371212,0.0,0.0,0.4949665090622539,1.6545409771473603,-0.01617430141269688,0
0.3674672629926678,0.294678220482938,0.33785451652439413,0.0,0.4,-0.2029255319148935,2.116223404255319,-0.027247231156269813,1
0.5331393458285424,0.2650376632998213,0.20182299087163638,0.0,0.2,0.7913022064617814,2.680979117415288,0.03008333151617182,0
0.41146918880317535,0.28398947079973763,0.3045413403970871,0.0,-0.19999999999999996,-0.3167356185973206,2.0883077226162334,0.01798821024631958,1
0.5388309691218817,0.259549565408005,0.20161946547011328,0.0,0.1333333333333333,0.4924109447599383,2.7877129581827567,0.024409409251256675,0
0.41651846232293205,0.29542204036961955,0.28805949730744834,0.0,0.06666666666666665,0.0814900123108695,1.7112902585282554,-0.009653028837248445,1
0.38092350268201847,0.2862841231336909,0.33279237418429053,0.0,-0.19999999999999996,-0.3389003613835826,2.593985544656685,0.002941707758733425,0
0.2163465014823206,0.2587673841259129,0.5248861143917665,0.0,-0.2,-1.7038203407330927,3.0633453794527625,0.004648543845668152,2
0.3743129469886062,0.2979967150783079,0.3276903379330859,0.0,-0.2,-0.3180802103879026,1.8541748849441155,0.00424528213861286,1
0.48591075566185804,0.27976679871440313,0.23432244562373866,0.0,-0.5333333333333333,-0.1289030496131086,2.019481110605371,0.03157862099947584,0
0.4706197838492733,0.28208402946317296,0.2472961866875538,0.0,-0.1333333333333333,0.5333662064431298,1.8134451019066407,-0.005528188145143775,2
0.46390966566442887,0.27232455300065295,0.2637657813349181,0.0,0.0,0.8000493096646948,2.613494411571335,0.02135551788349893,0
0.36972100195674423,0.29793051613990074,0.332348481903355,0.0,-0.4,-0.32313327697943073,1.9112989574528036,0.012908739438394101,0
0.585594449629488,0.25006465686880835,0.16434089350170358,0.0,0.33333333333333337,0.5745873559638746,2.2345063843039554,0.015166008626114058,0
0.2364401287468184,0.262562409259923,0.5009974619932585,0.0,-0.06666666666666665,-1.0212812532065536,2.7194582207476827,-0.008043520406401466,2
0.5534632492447178,0.25674545173296626,0.18979129902231592,0.0,0.26666666666666666,0.8353485903031739,2.4573846879792383,0.012122898922968917,1
0.4278051841007787,0.28432590697159454,0.2878689089276268,0.0,-0.2666666666666667,-0.25249317156831597,2.034237438861717,0.027227803091758263,0
0.5508265029719649,0.2535311027377811,0.1956423942902539,0.0,-0.06666666666666665,0.8891706971806065,2.6144272737996936,0.0295926922186881,0
0.45377682283673304,0.27998995451628206,0.266233222646985,0.0,0.0,0.14077097505668967,2.317641723356009,-0.007887773911339435,1
0.5002937341491023,0.2705076585806193,0.22919860727027844,0.0,-0.2,0.26568986568986563,2.6568986568986572,0.03009056177653391,0
0.32744618646241175,0.30482654858178465,0.36772726495580366,0.0,0.06666666666666665,-0.5043083900226756,1.7814058956916101,-0.02455371696313935,0
0.3622013743548311,0.2969818342780769,0.3408167913670919,0.0,0.06666666666666671,-0.267392290249433,2.446439909297052,-0.010048125024607335,2
0.33819604134877823,0.2968730523736864,0.3649309062775355,0.0,-0.06666666666666665,-0.5188208616780045,2.195011337868481,-0.00920138870398668,2
0.46719254073448546,0.2867194097342481,0.2460880495312664,0.0,0.4,0.2423582766439909,1.6573242630385487,-0.03423361624374799,0
0.4547226547179006,0.2822895991062196,0.2629877461758798,0.0,0.1333333333333333,0.146354609929078,2.2371347517730493,-0.015333175795060605,0
0.3849030941856511,0.28867732063923834,0.3264195851751105,0.0,-0.39999999999999997,-0.6208983451536642,2.2935224586288414,0.006705186496820059,0
0.5237691966083841,0.2671981988494945,0.2090326045421215,0.0,0.46666666666666673,0.7143498817966905,1.6900472813238772,-0.01017292881444487,0
0.22804037173978217,0.2833016888178275,0.48865793944239044,0.0,-0.5333333333333333,-0.9471867612293143,1.9925768321513002,-0.0041151209587753645,2
0.4352838155065593,0.2897314986494764,0.2749846858439641,0.0,-0.33333333333333337,0.24035194585448405,1.8966632825719123,-0.0030962889669812754,1
0.6024420901418567,0.2464535823307595,0.15110432752738373,0.0,0.13333333333333336,0.9284060913705585,2.236020304568528,0.022711408620664675,1
0.43236384690244767,0.28600465649137063,0.28163149660618153,0.0,0.0,0.25818709209572166,2.559854967367658,0.002415321072916532,1
0.3277999275099674,0.28517578832910473,0.3870242841609279,0.0,-0.1333333333333333,-1.0256348408710216,2.8815455053042998,-0.003963774251492913,2
0.511223520856793,0.26898679440430096,0.21978968473890623,0.0,-0.13333333333333336,-0.4742951907131012,2.5611940298507463,0.04102665437462327,1
0.4346643544554374,0.28180074356132334,0.2835349019832392,0.0,0.2,0.5547413793103448,2.2616379310344827,-0.013243413810455684,1
0.6682746415697531,0.20539398783212898,0.1263313705981177,0.0,0.5333333333333333,1.3192426108374384,2.649291871921182,0.005860736675913691,0
0.44771896308842,0.2769672864751187,0.2753137504364612,0.0,0.26666666666666666,0.7071428571428573,2.6578817733990148,0.008543409470671282,0
0.41349406456846344,0.2890569793064807,0.2974489561250559,0.0,-0.4,-0.33024446770334925,2.1919220992822965,0.029024788840876226,1
0.29107399002112344,0.2856670428380686,0.42325896714080796,0.0,0.06666666666666671,-0.8522615131578947,2.290830592105263,-0.01699542521549846,2
0.5254471825970167,0.2704055676522659,0.2041472497507173,0.0,0.13333333333333333,0.7363187799043064,2.1649970095693782,0.019999387554869852,2
0.4608337006485737,0.28099615893205715,0.25817014041936903,0.0,-0.1333333333333333,-0.07830255681818143,2.3449555173444976,0.021373355533041205,0
0.36429136735761825,0.30417728033490893,0.3315313523074727,0.0,0.19999999999999996,-0.09478730562200943,1.6361113187799043,-0.025771249265534535,2
0.41198501872659177,0.2883895131086142,0.299625468164794,0.0,-0.13333333333333341,-0.08741450068399437,2.118878248974008,0.003380439383542211,2
0.3943422122814152,0.2874644164294428,0.31819337128914194,0.0,-0.2666666666666667,-0.2427906976744183,2.268837209302326,0.005306994785694963,0
0.41390703611924606,0.2902555630647543,0.2958374008159996,0.0,-0.06666666666666665,-0.36950074147306,2.2454275827978254,0.013796803186379603,2
0.3387441650353862,0.3042011745219093,0.35705466044270434,0.0,-0.06666666666666665,-0.39075630252100835,1.96218487394958,-0.00738500514212187,2
0.43536195999218086,0.27800221541669384,0.2866358245911253,0.0,0.33333333333333337,0.4867906897723414,2.153882093102277,-0.02633552631024144,2
0.4968225147526101,0.2709940989559691,0.2321833862914208,0.0,0.06666666666666665,0.3562771294886973,2.387056767574271,-0.0024823973973912006,0
0.5027668664162629,0.27697336353470775,0.22025977004902944,0.0,0.1333333333333333,0.6746998139692205,2.1176221883984443,0.009124574612960235,0
0.4386850251515543,0.28746130530117375,0.2738536695472721,0.0,0.26666666666666666,0.6334156378600825,2.1478189300411525,-0.013196669085140111,1
0.4768703904909259,0.27638434043468074,0.2467452690743933,0.0,-0.06666666666666665,0.1714865295516388,2.385616404775329,0.004367459755915903,2
0.5219071142495421,0.26621774991979524,0.2118751358306627,0.0,0.20000000000000007,0.3824406148113646,2.2571495109455055,-0.004348284894592713,0
0.40644284070703895,0.2754105219119338,0.3181466373810271,0.0,0.4,0.25468749999999996,2.360104166666667,-0.025209285319830244,2
0.4335013950756278,0.2815115766802095,0.2849870282441627,0.0,-0.2666666666666667,-0.35360262008733623,2.224563318777293,0.02714941081016592,0
0.4164863903592276,0.29406866539740983,0.28944494424336253,0.0,-0.13333333333333341,-0.0019352568613650867,2.0881421534130893,0.0038983572578507597,0
0.4813085171499173,0.2742173154088549,0.24447416744122782,0.0,-0.06666666666666665,0.12209331072967466,2.144767606131243,-0.00504810383827331,2
0.4101832891546588,0.2911395585482594,0.2986771522970817,0.0,0.06666666666666665,0.21410256410256434,2.017071524966262,-0.023078843868569343,1
0.4680826265836309,0.2785869408972063,0.2533304325191629,0.0,0.26666666666666666,0.7646520146520149,2.4817653107126794,0.012050209590591165,0
0.3736424994743775,0.29675143848929664,0.32960606203632586,0.0,0.0,-0.4716783317216091,2.1626006529877544,-0.00540881123085879,1
0.29960572663152674,0.2938807764411154,0.40651349692735783,0.0,-0.6,-0.9577673383342784,2.1672741281340624,-0.0022401335147938517,2
0.5104310468984364,0.2791178836514109,0.21045106945015263,0.0,0.33333333333333337,0.2622924237378931,2.0631060792517846,-0.008248740812272115,1
0.30043018253691434,0.2864783164748285,0.41309150098825714,0.0,0.13333333333333336,-0.3122062804939848,2.2715698339389907,-0.004802844042979926,1
0.7174380003905486,0.18472954501074007,0.09783245459871118,0.0,0.3333333333333333,2.135203872343917,3.0938668354371037,0.029935498294849316,1
0.5408256266353935,0.26198635171289597,0.19718802165171062,0.0,0.0,0.47271358457239665,2.4986289470255247,0.020841619716780557,0
0.48588025859645834,0.2755738780099316,0.23854586339361003,0.0,0.0,-0.1458267579736795,2.1051903114186854,0.009815910135011707,0
0.2917754702981459,0.28199031733083,0.4262342123710242,0.0,-0.19999999999999996,-0.7354666666666665,2.6245333333333334,-0.00854749961546214,2
0.6096983058355697,0.23762600637694,0.15267568778749024,0.0,-0.06666666666666671,0.8066666666666668,2.0973333333333337,0.03933795662752215,0
0.31659574468085105,0.2982127659574468,0.3851914893617021,0.0,0.06666666666666665,-0.5753679012345679,2.066804938271605,-0.022029981543540078,0
0.5740878761544239,0.2518478148797337,0.17406430896584232,0.0,0.2,1.253580729166667,2.6923828125,0.021469906364452118,1
0.3992764996684656,0.29500684051937587,0.3057166598121585,0.0,-0.3333333333333333,-0.3603515625000002,2.4873046875,0.029599623354940763,0
0.4564084669941701,0.2833361431187049,0.26025538988712504,0.0,0.33333333333333337,0.07670454545454564,2.313920454545455,-0.017348340964786824,0
0.2620170172741536,0.2845907910700807,0.4533921916557658,0.0,-0.2666666666666666,-0.7062863629913438,2.6880658436213993,-0.002525148317488346,2
0.3640215716486903,0.2935285053929122,0.34244992295839755,0.0,-0.1333333333333333,-0.1254711205494652,2.5432235168072856,0.004235196695065335,1
0.46603105420866253,0.28046853718332876,0.2535004086080087,0.0,0.33333333333333337,0.334510454696316,2.7291337537338203,-0.012640937022383725,2
0.6718183086798774,0.21022885849846495,0.11795283282165783,0.0,0.39999999999999997,1.355822139151397,2.9845537757437075,0.021787077456228987,0
0.5441404449658525,0.2635438052541165,0.192315749780031,0.0,0.06666666666666665,0.4168148178773722,1.6993219498077483,-0.007376815535109826,1
0.6174312676272566,0.23808403636012468,0.14448469601261857,0.0,0.3333333333333333,0.8482035804357715,2.251188655062637,0.012193007697340774,0
0.2883069999752738,0.2910268773335311,0.420666122691195,0.0,-0.26666666666666666,-0.7123929226050201,2.1357722664871135,-0.016429504681778784,2
0.33344995157498625,0.28954745011370275,0.3770025983113109,0.0,-0.33333333333333337,-0.41856369123909554,2.4962252449663045,0.01474620544181321,0
0.32759065131465887,0.30288709400240593,0.3695222546829352,0.0,-0.4666666666666667,-0.34836023961823515,1.9581344975801267,0.009418155445511056,1
0.4697570658997623,0.28214067677516214,0.24810225732507557,0.0,0.33333333333333337,0.5993448534936142,2.0685559729526672,-0.013861212298234948,1
0.4361702127659574,0.28191489361702127,0.28191489361702127,0.0,0.2,-0.6978121212121211,2.9676121212121216,0.005817302039534289,0
0.578459756803706,0.2501447596988998,0.17139548349739434,0.0,0.2,0.8705950413223144,2.4097685950413226,0.016806584626609444,0
0.24932008509034118,0.2811481810593209,0.4695317338503379,0.0,-0.33333333333333337,-1.209149090909091,2.3886690909090906,-0.01750744486338751,2
0.5002115678807407,0.27297681433019777,0.2268116177890614,0.0,0.06666666666666665,0.9111456628477903,2.4990343698854334,0.010683594379554684,2
0.5533678821610512,0.26031672203069167,0.18631539580825712,0.0,0.5333333333333333,0.8102823240589196,1.7176472995090015,-0.02255249876202825,0
0.5958119320426709,0.24496246542868436,0.15922560252864482,0.0,0.19999999999999998,0.614840425531915,2.1339893617021275,0.0223077220059007,0
0.39435854788615265,0.29388503250114556,0.31175641961270173,0.0,-0.26666666666666666,-0.36970474967907596,2.887218045112782,0.014364183479969261,0
0.4292891723473532,0.28886748045803207,0.28184334719461485,0.0,-0.4,0.28129602356406513,2.3431516936671577,0.014125164068299112,2
0.7222508897974305,0.18234341990941041,0.09540569029315903,0.0,0.2666666666666667,1.6955653739158891,2.6590738013418425,0.006395977804074415,0
0.5161741429391403,0.27335849581688204,0.21046736124397755,0.0,0.13333333333333336,0.3669158156998982,1.8070674106046252,-0.008292404171036494,1
0.41284403669724773,0.29357798165137616,0.29357798165137616,0.0,0.13333333333333336,-0.6153110333901294,1.8358891579230563,-0.02277162689644202,0
0.46835181959849675,0.28888990741589515,0.24275827298560823,0.0,-0.1333333333333333,-0.07327249022164273,1.7598435462842241,0.006338946042940108,1
0.39739493733103953,0.2890144998771197,0.3135905627918407,0.0,-0.4666666666666667,0.12378017462763236,2.65588084232152,0.008681186687687192,1
0.29922333254124095,0.28984329076878823,0.4109333766899708,0.0,-0.26666666666666666,-0.8305084745762709,2.5254237288135593,-0.013849546403658486,0
0.3038966940583936,0.28685575794296964,0.4092475479986367,0.0,-0.3333333333333333,-0.4969225785552318,3.3903466148364108,0.010191943347120813,0
0.4635554952615361,0.2767495494098723,0.25969495532859166,0.0,0.19999999999999998,0.043049953459509904,2.8665063605336645,-0.004989247565328758,0
0.5251464694234448,0.2694629114242748,0.20539061915228057,0.0,0.26666666666666666,0.7394060161533084,2.2826616920696163,0.01783595684529171,1
0.37663312809731186,0.2995945337137708,0.32377233818891726,0.0,0.26666666666666666,-0.7625548512920528,2.3643751015764662,-0.02861353190249316,1
0.34542723588289376,0.2984759611026946,0.35609680301441166,0.0,-0.5333333333333334,0.058146884085450656,2.1109847048413597,-0.007497531207270869,2
0.4687445747155704,0.28500827536718326,0.24624714991724633,0.0,0.06666666666666665,0.24898423533235825,1.7961969770843491,-0.015161758168861506,2
0.41055916970631373,0.290489978565788,0.2989508517278984,0.0,-0.33333333333333337,0.010076385503006824,2.178124492117666,0.014518375974535758,2
0.497972972972973,0.2716216216216216,0.23040540540540547,0.0,0.2,0.2463273482712568,2.1457189493990207,-0.004090859769901978,2
0.46889809854503745,0.2807687702534115,0.2503331312015512,0.0,0.2666666666666666,0.008703071672354845,2.77320819112628,-0.0029676226478626555,0
0.4013246709416132,0.29303071211609855,0.3056446169422882,0.0,0.06666666666666665,0.13334646013826923,1.837643300953881,-0.026472421625661102,2
0.5990411688608173,0.24024046876189029,0.16071836237729242,0.0,0.5333333333333334,0.7098934550989343,2.3618467782851345,0.02170698954261352,1
0.3766998025552181,0.2948608678147874,0.3284393296299945,0.0,0.2666666666666666,-0.08950809464508092,2.058686176836862,-0.020822654406428,1
0.3942557417120742,0.2919488720272954,0.31379538626063047,0.0,0.33333333333333337,-0.14989080802064714,2.3118919992058764,-0.017881123971383528,0
0.5502374023587072,0.2567774544340634,0.19298514320722926,0.0,0.4,0.7622309197651668,2.337573385518591,0.02079562347757158,1
0.3534900551843571,0.2957080269330679,0.350801917882575,0.0,-0.1333333333333333,-0.4417808219178082,1.955479452054795,-0.006528444770694808,0
0.5533273543737779,0.2545610693675507,0.1921115762586713,0.0,0.0,1.0028767123287672,2.4056164383561645,0.02496969257976589,0
0.5097490653656033,0.26899294702966237,0.22125798760473428,0.0,0.06666666666666671,0.657985169108338,2.9947549285585096,0.0381091558235207,1
0.4654022115758924,0.2876243481478341,0.24697344027627358,0.0,-0.19999999999999996,0.4130826094071276,1.818957973148919,-0.010982610781315516,0
0.35467644300451867,0.28928297382556056,0.35604058316992065,0.0,-0.3333333333333333,-0.7096219931271477,2.297250859106529,-0.006172394864930764,0
0.3727585894688736,0.29604942636273884,0.3311919841683877,0.0,-0.33333333333333326,-0.07513180081535054,2.5544812277219275,0.012280370846289856,2
0.3708518878708775,0.3049768814727611,0.32417123065636144,0.0,-0.6000000000000001,-0.35280641466208473,2.1672394043528063,0.026555925845329675,1
0.39324373969431087,0.29588114176356506,0.3108751185421241,0.0,0.2,-0.21166392748642848,2.1838736988893865,-0.014442803936754678,0
0.614336536206927,0.2360427912652569,0.14962067252781605,0.0,0.0,1.3207771609833467,2.8750991276764473,0.026635091799799393,0
0.5639007704141322,0.2492714995900746,0.18682772999579328,0.0,-0.39999999999999997,0.2577319587628868,2.731958762886598,0.0532638160440696,0
0.2950391644908616,0.2950391644908616,0.40992167101827676,0.0,-0.4666666666666667,-0.25282277859597413,1.710849288168876,0.006428889322285247,2
0.3778492709973304,0.28811006913546444,0.33404065986720516,0.0,-0.26666666666666666,0.14704402807767014,2.236617058655089,-0.012991638505130965,2
0.5052471499293549,0.26645598973219586,0.2282968603384493,0.0,0.13333333333333336,0.5713013800267104,2.5300489686897167,0.014678624248159577,0
0.3095873268197403,0.2910316195340146,0.3993810536462451,0.0,-0.2,-0.5152099718059058,2.238907849829351,-0.004874523320136714,0
0.5802752097426644,0.25700211239299064,0.16272267786434505,0.0,0.5333333333333333,0.5116554054054053,1.6771959459459458,-0.014438685138145946,0
0.5304503478296244,0.2607298319840527,0.20881982018632275,0.0,0.2666666666666666,0.5841523341523345,2.3347665847665846,0.00993425537149939,1
0.5530992603732572,0.25800999017411713,0.18889074945262566,0.0,-0.2,0.6714527027027029,2.7660472972972974,0.052652704378426174,2
0.33670774647887325,0.3014964788732395,0.3617957746478874,0.0,0.4,-0.6831006831006828,1.8810018810018811,-0.028304970495451554,0
0.4595991812998236,0.2886857357539516,0.2517150829462249,0.0,0.1333333333333333,0.0008775008775009363,1.7558792558792558,-0.002208173605392827,1
0.35788342503438786,0.2949965612104539,0.34712001375515816,0.0,0.2,-0.5955710955710953,3.134032634032634,0.0027707396830197184,2
0.5459583636174852,0.25772894818814246,0.19631268819437234,0.0,-0.13333333333333333,0.3625644804716288,2.8150331613854087,0.03019350428431733,1
0.33710055225947644,0.2904577085506181,0.3724417391899055,0.0,-0.19999999999999996,-0.5909090909090908,2.251926040061633,-0.007112295668226021,1
0.31388082780825693,0.2986930458175348,0.3874261263742083,0.0,0.06666666666666665,0.1340626340626342,1.97263590120733,-0.030520040896463374,2
0.6167200988914907,0.23479191582163353,0.1484879852868758,0.0,0.26666666666666666,0.9165057915057915,3.0014478764478767,0.03928770040175922,0
0.4083744813669678,0.29486464149819397,0.29676087713483834,0.0,-0.20000000000000007,0.1366039952996474,1.8022914218566393,-0.015112503821940682,0
0.43339738803686617,0.2893844628584718,0.27721814910466214,0.0,-0.4,0.4519354519354518,2.1943371943371943,0.0030837609448611802,2
0.4758960641956439,0.27724875811998473,0.24685517768437137,0.0,-0.06666666666666665,-0.24370838229533875,2.664634743439091,0.020016424182562442,0
0.6047463365767669,0.2467365053233209,0.14851715809991226,0.0,-0.13333333333333336,0.952702702702703,1.825883575883576,0.020362642770685224,2
0.21388771765984957,0.27159349485840134,0.5145187874817493,0.0,-0.5333333333333333,-1.1608751608751608,2.236808236808237,-0.0068998828480291985,2
0.3278486852222051,0.29632477318160844,0.37582654159618634,0.0,-0.2,0.02892561983471098,2.4256198347107443,-0.015329085670263365,1
0.7356131364868936,0.1742241639047906,0.09016269960831576,0.0,0.5333333333333333,1.5350970017636683,2.494532627865961,0.014893118394955551,1
0.3634140039617604,0.2996985617087245,0.3368874343295151,0.0,0.1333333333333333,-0.39768050879161987,1.9367751589973814,-0.013542206280153735,0
0.5247940074906368,0.27086142322097373,0.2043445692883895,0.0,0.0,0.6044437033640422,1.9939694582239083,0.011573992398264954,1
0.3929245583151286,0.29406774268807395,0.31300769899679737,0.0,0.20000000000000007,-0.184906177235995,2.110061026647796,-0.0147976236597821,2
0.48226434341691726,0.2772298022037369,0.2405058543793457,0.0,-0.2,0.6197391753271533,2.150569010796615,0.015904184044778447,1
0.4448620054096752,0.29375014960384904,0.2613878449864758,0.0,0.5333333333333332,-0.22091722595078256,2.128076062639821,-0.020831938428527486,1
0.32582801813571044,0.2899664438125976,0.3842055380516919,0.0,-0.06666666666666667,-0.8396805896805892,3.6504914004914006,0.0078690101132452,2
0.4598781971297705,0.2861780731364826,0.25394372973374685,0.0,-0.39999999999999997,0.5128639970604656,2.5931500363908735,0.024906508132439498,2
0.37997200138708725,0.3027317912690564,0.3172962073438564,0.0,0.2,-0.2471944830685825,1.9775558645486595,-0.0031338276103851648,0
0.27873244037896117,0.2928454753348579,0.42842208428618095,0.0,-0.3333333333333333,-0.900670921289478,2.3262968417607595,-0.004829683293714804,2
0.39154365774330757,0.29522141606204655,0.313234926194646,0.0,-0.26666666666666666,-0.496809032891507,2.3112420225822286,0.011083276964088229,0
0.4676680244399185,0.27724032586558045,0.255091649694501,0.0,-0.3333333333333333,0.4427262313860254,2.020618556701031,0.0022523457378119116,1
0.4254980998299523,0.2912715699151408,0.2832303302549069,0.0,-0.2666666666666666,0.18684637241338276,2.0910132250338433,-0.005996469874159083,0
0.585342490308992,0.2526888346142643,0.16196867507674384,0.0,0.33333333333333337,1.1407149551479452,3.074634414840601,0.04067353371621396,0
0.5665955805617314,0.2544217069740006,0.17898271246426786,0.0,0.13333333333333341,0.6329569628538703,1.9878906889216166,0.016742054657208905,1
0.31432226267535435,0.2970852353673511,0.3885925019572946,0.0,0.19999999999999996,-0.5367801151285247,1.9461760882828871,-0.027565187357972476,2
0.36356447217995996,0.29693046924022454,0.33950505857981556,0.0,-0.4,0.042662651358303605,2.0307979728269583,-0.013699664730529582,0
0.39024452271658,0.2983482318833208,0.3114072454000992,0.0,0.06666666666666665,-0.30014430014430016,2.204906204906205,0.0069930023113042306,1
0.4684339511925719,0.2802112457284871,0.25135480307894104,0.0,-0.6000000000000001,0.23703703703703716,1.873721340388007,0.014977906697859089,1
0.5921619293712317,0.24633936261843242,0.16149870801033595,0.0,0.6,0.5866666666666668,2.236666666666667,0.006159164886019086,1
0.41578704108528103,0.29118209186414,0.293030867050579,0.0,-0.06666666666666665,0.29543746645195923,2.425335480407944,-0.009028401804484498,0
0.3261297671604907,0.29868842752886365,0.37518180531064577,0.0,0.4666666666666666,-0.5066378066378067,2.3764790764790766,-0.024635219657371532,2
0.6763330965207193,0.21203119959574038,0.11163570388354041,0.0,0.3333333333333333,1.2374999999999998,2.5208333333333335,0.023172200798981524,1
0.4153896233974359,0.2946213942307692,0.2899889823717949,0.0,-0.06666666666666665,0.13238095238095238,1.5926984126984127,-0.02550796142294548,2
0.4294746842700126,0.29406706088551815,0.27645825484446923,0.0,-0.26666666666666666,0.02441077441077466,3.031144781144781,0.010915356677070776,2
0.5742542839009943,0.25260912488541004,0.17313659121359568,0.0,-0.19999999999999996,0.6332819722650231,1.909090909090909,0.029942484090239363,0
0.43384038002043385,0.28698136939239877,0.2791782505871674,0.0,0.1333333333333333,0.1493438555585449,2.2155262607240007,-0.020123937434081363,0
0.41987829614604466,0.2932483338162851,0.2868733700376702,0.0,0.33333333333333337,-0.04228785216257558,2.279575987755796,-0.01229482391416098,0
0.3378562088118388,0.3004389088131336,0.3617048823750275,0.0,-0.06666666666666665,-0.7357859531772573,1.9971333014811272,-0.010886281076811666,0
0.5401045023704435,0.26463573038781046,0.19525976724174596,0.0,0.3333333333333333,0.8240027143618824,2.8320765560841172,0.03246441174335413,2
0.4715986988897551,0.2792548186779214,0.2491464824323234,0.0,-0.06666666666666665,-0.022408026755852628,2.6933110367892974,0.007584961635680065,2
0.33057851239669417,0.29752066115702475,0.371900826446281,0.0,0.26666666666666666,-0.16579655117861103,2.588198069925645,-0.016315634480046526,1
0.4202299914083669,0.2944286564007666,0.2853413521908664,0.0,0.06666666666666665,0.20525095781487557,2.252257829319797,-0.015223394319964001,0
0.41765238859194853,0.2920923350595589,0.2902552763484925,0.0,-0.06666666666666665,0.16990982439487423,1.8974845752254392,-0.022493013869226308,0
0.4112910335909719,0.29623534252211486,0.29247362388691334,0.0,0.26666666666666666,0.25374400374400385,2.078945828945829,-0.026791833756871386,0
0.45219321626632075,0.2864826587525759,0.26132412498110325,0.0,-0.4666666666666667,-0.06354180267223741,1.8253035644339992,0.01956515566632061,2
0.5685465601526172,0.2545963991892214,0.17685704065816144,0.0,0.26666666666666666,0.8939189189189188,2.049324324324324,0.003282432661965262,0
0.5115472752220495,0.2731270112542506,0.2153257135236999,0.0,-0.19999999999999996,0.9276463963963967,2.1692004504504507,0.01634852537841569,0
0.36459498047580546,0.29376601930056934,0.34163900022362503,0.0,-0.2666666666666666,-0.25633150633150614,2.673171423171423,0.00485331794271876,2
0.41055916970631373,0.290489978565788,0.2989508517278984,0.0,0.13333333333333336,0.007770270270270441,2.9875000000000003,-0.003704912455083087,0
0.48220528910802335,0.283998207082026,0.2337965038099507,0.0,0.33333333333333326,0.5113941345825402,2.0078400754729255,-0.01881343171892741,0
0.582105997090546,0.2468129427663915,0.1710810601430625,0.0,0.06666666666666676,0.3080076123554385,2.667837798272581,0.029471178840815848,0
0.4276398865588838,0.2937462479557828,0.2786138654853334,0.0,-0.4,-0.021049420378279393,1.5713849908480781,0.006701776068039955,2
0.5655573917130339,0.25750238784699586,0.17694022043997026,0.0,-0.06666666666666665,0.0038046538525926543,2.457045458004231,0.023685607938452757,0
0.38141809290953543,0.29584352078239606,0.32273838630806845,0.0,0.4,-0.49501083058130024,2.1564101653587113,-0.021989226848386723,0
0.41655474307317314,0.2926428891210267,0.29080236780580015,0.0,-0.4666666666666667,-0.48204697986577183,2.095134228187919,0.01942983517139857,1
0.49355313511922283,0.277995289961731,0.22845157491904625,0.0,0.06666666666666665,0.8848847388386345,2.373066822293551,0.0036044420093435114,2
0.3072163133203929,0.28897534471699454,0.4038083419626125,0.0,-0.3333333333333333,-0.9281319910514544,1.9801454138702463,-0.014505887773368642,2
0.5849735038386563,0.24386758207521825,0.17115891408612538,0.0,-0.06666666666666671,0.8258762117822525,2.9884414615958246,0.06124090136854998,0
0.38312769645526595,0.28944757004927624,0.3274247334954578,0.0,0.4,0.1325478645066276,2.6755031909671088,-0.027930334536296453,0
0.48364268142451144,0.28249465489933234,0.23386266367615613,0.0,0.06666666666666667,0.4433710619277632,1.8563910316487635,-0.015126090918152035,0
0.4266256554567542,0.29112505419533224,0.2822492903479136,0.0,0.2666666666666666,0.22412043855342811,2.0568810342006216,-0.026614420366141034,2
0.45199935243645784,0.2824995952727861,0.265501052290756,0.0,0.33333333333333337,0.41324200913242026,1.7178734507501632,-0.0394362823494393,2
0.528515020417247,0.26731251032664227,0.20417246925611085,0.0,-0.2666666666666666,0.34868087265347536,2.159944190766109,0.020896026876744744,2
0.500730314699243,0.2781835081662462,0.22108617713451068,0.0,0.1333333333333333,0.10532180908893252,2.0622689715155467,-0.003923855502524776,2
0.41655474307317314,0.2926428891210267,0.29080236780580015,0.0,-0.33333333333333337,-0.13579511614055984,1.8653960690887437,0.00817656270334316,2
0.3695410172974825,0.2932865216646686,0.337172461037849,0.0,-0.20000000000000007,-0.16351724511343324,2.5816232605988416,0.006394895959487612,2
0.28771993499905135,0.28861905979592345,0.4236610052050252,0.0,-0.19999999999999996,-0.25416666666666665,2.4541666666666666,-0.0042161248010558205,2
0.3631475375878199,0.30143619133106625,0.3354162710811137,0.0,-0.06666666666666665,-0.6883037354562153,2.251071647274954,-0.01552239775419939,0
0.2941659991528516,0.2989259667766842,0.4069080340704643,0.0,0.2666666666666667,-0.4673239436619717,1.89887323943662,-0.02695575180767712,2
0.48392847132686806,0.2826615841695162,0.23340994450361569,0.0,0.06666666666666665,0.24543437446663252,1.7371565113500598,-0.013649656656549658,1
0.48693159087878385,0.28292661243721384,0.23014179668400236,0.0,0.06666666666666665,0.7000553403431101,1.9175428887659107,0.004150143903485171,0
0.5102068970396285,0.27402803668893994,0.2157650662714317,0.0,-0.19999999999999996,0.773809523809524,2.2193877551020407,0.035024774648401036,1
0.3887944807244897,0.2975340399113458,0.31367147936416456,0.0,-0.06666666666666665,0.0011297520194318844,1.5505039500972395,-0.013689366875277498,2
0.4212468778348017,0.28211946864165616,0.29663365352354204,0.0,-0.19999999999999996,-0.23572307919999425,2.9825965865898865,0.022993627515441317,0
0.353960396039604,0.2961014851485148,0.3499381188118812,0.0,-0.33333333333333337,0.044394798648107026,2.5075900784785476,-0.004687040951668053,2
0.504287445073326,0.26671850418618115,0.22899405074049298,0.0,0.1333333333333333,0.9094017094017096,2.5504273504273502,0.010143731473871043,0
0.4679363942745507,0.27599841219187576,0.2560651935335736,0.0,0.5333333333333334,0.3608815426997245,2.426997245179064,-0.027754614378338205,0
0.3268769261591056,0.29554686933874397,0.37757620450215046,0.0,0.13333333333333341,-0.17391304347826075,2.906832298136646,-0.00393643078250383,0
0.5376344086021505,0.25686977299880526,0.20549581839904416,0.0,-0.13333333333333341,0.32600071408735687,2.853076526361725,0.02705473639542899,0
0.4943579618250515,0.28709608342013865,0.21854595475481,0.0,-0.06666666666666665,0.1279009798865396,1.778236204228984,-0.003541457898662226,1
0.4797283391644371,0.276600123482198,0.2436715373533649,0.0,0.26666666666666666,0.8145885402203092,2.918942269122775,0.02350067009670581,0
0.32590349145851766,0.2947662152045191,0.37933029333696316,0.0,-0.4,-0.24700741022230677,1.9735809465588319,0.013312226037229202,2
0.5664375681781603,0.2566181248099953,0.17694430701184435,0.0,0.19999999999999996,0.9908882879134595,2.7216975244435195,0.027376189444380694,0
0.32049969281179597,0.2949006758140487,0.3845996313741552,0.0,-0.06666666666666671,-0.44057416267942573,2.200574162679426,-0.005753146675752607,1
0.4106084217298847,0.29516579836812795,0.29422577990198745,0.0,0.2,0.2365190365190365,2.1634809634809633,-0.022943986649153092,2
0.5285047199919374,0.2704337017502604,0.2010615782578023,0.0,0.8,0.6445728184858622,2.352082699908787,-0.008885649491081504,2
0.34724387314405464,0.2933990953464005,0.35935703150954484,0.0,-0.5333333333333334,-0.2835629017447199,2.287603305785124,0.026336513709514786,0
0.3770538739962993,0.2941980863983864,0.32874803960531435,0.0,0.5333333333333333,0.3893604980192418,2.6983588002263725,-0.03410062051653062,1
0.3333644574222464,0.2914318212685047,0.37520372130924895,0.0,-0.5333333333333332,0.19590819029809192,1.763173712682829,-0.01693229206115443,2
0.5893856223682932,0.24741588960380217,0.1631984880279048,0.0,0.0,0.4293819743734857,2.4406135272009637,0.025836758917640035,1
0.6335201857738356,0.22127738546167466,0.1452024287644898,0.0,0.19999999999999996,1.6844444444444444,3.9066666666666667,0.06938382239327967,1
0.4059670044878953,0.2888856113440509,0.30514738416805376,0.0,0.06666666666666668,-0.9737069947596263,2.489496468443837,-0.008494334884177113,1
0.48161918588208685,0.27439431361828087,0.24398650049963236,0.0,-0.13333333333333336,0.4192424242424245,2.370757575757576,0.0055063220311153405,0
0.35353535353535354,0.29292929292929293,0.35353535353535354,0.0,-0.06666666666666665,-0.47812092214006074,2.24654197477164,-0.0036641092149139465,1
0.32534974247394993,0.2896530622652093,0.3849971952608407,0.0,0.39999999999999997,0.1273875598086125,2.1698755980861244,-0.04501124752969787,1
0.45002092842478725,0.29010783121723704,0.25987124035797576,0.0,-0.06666666666666665,-0.03076923076923055,1.8153846153846156,0.0037882204623051474,1
0.5178933992624412,0.26948522810458425,0.2126213726329747,0.0,-0.3333333333333333,0.6450592885375495,2.6940711462450597,0.04742351571129522,2
0.3882241974133683,0.29425910504580144,0.3175166975408304,0.0,0.20000000000000007,-0.4663446054750402,2.007085346215781,-0.015171611548636166,1
0.6128273796704731,0.23911352540114061,0.1480590949283863,0.0,0.3333333333333333,0.46249779101764665,2.103456110676327,0.008931023528395476,0
0.522845515891413,0.2644104466079431,0.21274403750064394,0.0,0.0,0.3294698840965231,2.2789283678510355,0.010281214520221682,0
0.32273838630806845,0.29584352078239606,0.38141809290953543,0.0,-0.13333333333333333,-0.3610108303249099,1.8050541516245486,-0.008394054521393857,2
0.4281786266663393,0.2881201973829573,0.2837011759507034,0.0,-0.06666666666666665,-0.005415162454873501,2.983754512635379,0.007367248090734135,0
0.49625779020327326,0.2682086900809599,0.23553351971576678,0.0,0.0,0.39365876628472785,2.1202323026212526,-0.004980207702754091,0
0.3556974594261453,0.2926624666164486,0.35164007395740604,0.0,-0.4666666666666667,-0.014276337381030624,1.7579586478503446,0.0021743347761640774,1
0.5440376147861438,0.25834188411632525,0.19762050109753088,0.0,-0.06666666666666665,0.4394705174488571,2.1867629362214203,0.013110002556616651,1
0.45528086340587576,0.2843754316042854,0.2603437049898388,0.0,0.1333333333333333,0.3292856361448424,2.7032053385844,-0.007579652259125713,0
0.4251655629139073,0.2874172185430463,0.2874172185430463,0.0,-0.3333333333333333,0.37874169978624694,3.0185550922878113,0.018241448544052685,1
0.5373866038871152,0.26637030509678333,0.19624309101610152,0.0,0.33333333333333337,0.09537166900420746,1.7971014492753623,-0.012416439507672683,0
0.4888611590266818,0.2789297904356443,0.23220905053767388,0.0,0.0,1.305455993628037,2.7949024293110316,-0.0025015136373189306,0
0.45884554347568635,0.2761315995168052,0.26502285700750844,0.0,-0.13333333333333336,-0.4570629210916982,1.7697270754824714,0.006852844850381956,1
0.38025828445465926,0.3000089711768903,0.3197327443684505,0.0,-0.33333333333333337,0.470441038473569,2.034407256803253,-0.012878628571876105,1
0.47201234089417765,0.27452349796812703,0.2534641611376954,0.0,-0.06666666666666676,-0.29835871562490257,1.9907191130212716,0.024448019079870098,1
0.5075690783250582,0.2709019714227583,0.22152895025218367,0.0,0.06666666666666665,0.7814203182908223,2.4709777632439507,0.023274586060303082,0
0.21873701630838954,0.26435930828128223,0.5169036754103283,0.0,-0.6,-1.677308153477218,2.9929556354916067,0.016373917594641796,2
0.5314456517348628,0.26121904915781397,0.20733529910732318,0.0,0.4666666666666666,0.39103819617424074,2.23635631564221,-0.01366757322205503,0
0.33497095775440755,0.29072951050382534,0.37429953174176706,0.0,0.06666666666666665,-0.12156766218138038,2.0800514166940163,-0.01878000171502542,0
0.6302830884438645,0.2293356782209111,0.14038123333522437,0.0,0.4,2.2302446851183313,3.888220350314213,0.05140594961432654,0
0.47508697222591867,0.276543162937475,0.24836986483660625,0.0,0.39999999999999997,1.256317689530687,3.23671995874162,0.006767184735302356,1
0.48765626446893234,0.27658116492267804,0.23576257060838968,0.0,0.0,-0.08975507360458912,2.2554581399346745,0.01851071360981643,2
0.32478029379690804,0.3034832253512092,0.37173648085188266,0.0,-0.4666666666666667,0.036101083032491044,1.2050885336083892,-0.0070543095237267095,1
0.28193715377730477,0.27770386318004797,0.4403589830426474,0.0,-0.1333333333333333,-1.025299409775944,2.547561744312647,-0.013412383841831632,2
0.4560741127799758,0.283128577658517,0.26079730956150726,0.0,-0.4666666666666666,0.09241877256317688,2.449097472924188,0.013228456850013004,0
0.40047371471287346,0.28909196280835553,0.31043432247877106,0.0,0.06666666666666665,0.3627299295169335,2.70070483066873,-0.013611063948446578,2
0.3940747232005932,0.2930618985827196,0.3128633782166872,0.0,0.13333333333333336,0.4420289855072468,2.146652864044169,-0.028371647523033505,0
0.4536771879653512,0.2796076928849899,0.26671511914965895,0.0,-0.2666666666666666,-0.38768115942029,2.2210144927536235,0.02938924297671791,1
0.5314094403736856,0.26801519601455454,0.20057536361175987,0.0,0.20000000000000007,0.4524259609325769,2.5973534971644616,0.011656853688995827,0
0.434156253422074,0.29544818523610783,0.270395561341818,0.0,0.0,0.09205227254047832,1.571463795512452,-0.006558799457004605,1
0.37633684712860144,0.2976812359923986,0.3259819168789999,0.0,-0.26666666666666666,-0.24154589371980695,2.3671497584541066,0.004951072518203092,1
0.6235853924477994,0.24386935295202652,0.1325452546001742,0.0,0.0,1.0464426877470356,3.243412384716733,0.06071415946504599,1
0.5110889054450569,0.26969997634272674,0.21921111821221634,0.0,0.06666666666666665,0.13858695652173914,1.7810990338164254,-0.00454593354524957,0
0.32042549934950637,0.2901966786561567,0.38937782199433685,0.0,-0.06666666666666665,-1.0121923165401423,3.289625028755464,-0.012142967081685219,2
0.5160931833462813,0.272509379997004,0.21139743665671476,0.0,-0.1333333333333333,-0.823671497584541,2.4975845410628024,0.016371762663374256,0
0.504436506107398,0.27150553122839366,0.22405796266420835,0.0,0.4666666666666666,0.8012422360248448,2.4782608695652177,0.006818107576806565,0
0.39555521844660196,0.2938410194174757,0.31060376213592233,0.0,0.1333333333333333,0.2743764172335602,1.5215419501133787,-0.037760476868512416,2
0.5669083717864206,0.2551087673038893,0.17798286090969018,0.0,0.2666666666666666,0.9322247417485511,2.670697908793147,0.023275085837373255,2
0.32205585400236214,0.2879440189989967,0.39000012699864106,0.0,0.06666666666666665,0.15306122448979576,2.908163265306123,-0.013641787099325842,1
0.3432859514911765,0.2931553046067507,0.3635587439020727,0.0,-0.39999999999999997,-0.46483114260471303,2.2181352662231117,0.008275331466176927,1
0.4757397172432747,0.2813826376377905,0.24287764511893492,0.0,0.19999999999999998,0.7334703665638918,2.891743747858856,0.02662099391188799,0
0.5325555511388481,0.26859323448741906,0.198851214373733,0.0,0.1333333333333333,0.06893963090397293,2.383609634031905,0.010414117824670277,1
0.43385881577179974,0.2861050395027658,0.28003614472543437,0.0,0.06666666666666665,0.34013605442176886,2.410964385754302,-0.008419483629680868,0
0.6403936563091458,0.22483554519328364,0.1347707984975706,0.0,0.6666666666666667,1.271764705882353,2.895294117647059,0.019504187939242024,0
0.39762707169567424,0.29042980471815705,0.3119431235861686,0.0,0.0,-0.46404076033705643,2.6713697824808937,0.013488041758325242,2
0.5091683212469341,0.26860473758533915,0.22222694116772665,0.0,-0.13333333333333336,-0.6851851851851851,2.9259259259259256,0.03676883954742338,0
0.6107579163657448,0.2392659878546217,0.1499760957796336,0.0,0.06666666666666665,0.6045855379188715,2.2977072310405644,0.033751586677477574,2
0.35935609697293247,0.29985232766897285,0.3407915753580946,0.0,-0.3333333333333333,-0.27441077441077455,1.82996632996633,0.009453292009083625,1
0.330656412699493,0.29298669479701905,0.3763568925034879,0.0,-0.6,-1.3190706234184493,2.867724867724868,-0.004081381460114386,1
0.5568864500625536,0.26113884381464375,0.1819747061228029,0.0,0.26666666666666666,1.0929292929292933,2.581144781144782,0.021190630063234073,1
0.5085840726853598,0.2667501476332435,0.2246657796813968,0.0,0.6,1.1963347916613984,2.275328966778781,-0.02633382627088726,0
0.3149447332559431,0.2893554736788977,0.3956997930651593,0.0,-0.6,-0.4143742255266416,2.420817843866171,0.02132404544088795,0
0.31944420995762357,0.2913170468167007,0.38923874322567575,0.0,-0.3333333333333333,-0.17898939832025318,1.8666037253397847,-0.008432710108162045,2
0.393887587327719,0.29859220329681924,0.3075202093754617,0.0,-0.33333333333333337,-0.32425373134328317,2.5078358208955223,0.009342199866149092,1
0.3491088812340872,0.29369477310169234,0.3571963456642205,0.0,-0.3333333333333333,-0.665474281485136,2.3411866288392744,-0.002917651596399673,2
0.34574549668535587,0.2923021864721621,0.36195231684248197,0.0,-0.06666666666666665,-0.24733475479744116,2.3113006396588487,-0.009080097311410906,1
0.43903969368014195,0.2876937123183539,0.27326659400150427,0.0,0.26666666666666666,0.2141466580142768,2.6768332251784557,-0.00711391740768863,0
0.47557446808510634,0.28102127659574466,0.2434042553191489,0.0,0.06666666666666665,0.3752665245202558,2.345415778251599,-0.007374400497068723,0
0.5084996304508499,0.2690317812269032,0.22246858832224686,0.0,0.19999999999999996,0.8060324081501686,2.8082785175677847,0.02927960322273615,2
0.39983804028747855,0.2922866686911631,0.30787529102135847,0.0,-0.26666666666666666,-0.6800601339346724,2.917042503758371,0.01769077419924414,1
0.6446442145619194,0.22368377565522024,0.13167200978286017,0.0,0.13333333333333341,1.080864522930944,3.3075382182393254,0.06044537000650807,0
0.5225979140387041,0.2704673414761714,0.20693474448512447,0.0,-0.33333333333333337,-0.11559568065144277,1.8174898212072934,0.02642075195640703,0
0.43311028661233614,0.2843116605369323,0.2825780528507315,0.0,0.06666666666666668,-0.17326652658800712,2.26410214966866,-0.0023251467673733317,1
0.5888346058478383,0.25212972282915574,0.15903567132300592,0.0,0.4666666666666666,0.8392193308550185,1.8801115241635689,-0.009502099790496654,0
0.3818935682024256,0.2915402003311892,0.32656623146638514,0.0,-0.4,-0.7110403021183691,2.3986546291379005,0.0032069676600055552,1
0.3971132977938852,0.29751575043721945,0.3053709517688952,0.0,-0.06666666666666668,-0.36328091928544515,1.6840225665181219,-0.0050069388854802055,0
0.6263008160515086,0.2356535898779666,0.1380455940705248,0.0,-0.06666666666666665,0.6726854310497432,2.513719242343778,0.05049912874350038,1
0.32129890053694704,0.29946305292764,0.37923804653541293,0.0,0.33333333333333337,0.07878151260504218,2.109593837535014,-0.039702187201295036,1
0.44396962009184066,0.28550661722829135,0.2705237626798679,0.0,-0.06666666666666665,-0.025042625745949953,2.8148976982097187,0.0046123156388159225,0
0.38198038681558155,0.292529283573958,0.32549032961046037,0.0,-0.33333333333333337,0.19452225334578277,1.7740429505135387,-0.019258038942452538,0
0.19135180897528814,0.2638583348833033,0.5447898561414085,0.0,-0.6666666666666667,-0.917647058823529,3.0823529411764703,0.016037323687171284,2
0.4146592683656179,0.29637505399209224,0.2889656776422899,0.0,-0.06666666666666665,-0.18315018315018294,2.4542124542124544,0.004264902902036016,1
0.4574597123548778,0.28002079362328886,0.26251949402183333,0.0,0.4666666666666666,0.6516657945229372,2.7866736438165005,0.002110538227683645,0
0.3350962772785623,0.29643132220795887,0.3684724005134788,0.0,-0.06666666666666671,-0.16640502354788067,2.261643118785976,-0.011796211196168138,0
0.5240038037976624,0.264241234393693,0.21175496180864442,0.0,-0.33333333333333337,0.6981635536022603,3.6113639930937067,0.0783577990162051,0
0.5335105335696003,0.27064382752510335,0.19584563890529633,0.0,-0.3333333333333333,-0.37525479505881787,2.277069672634397,0.05276903196537541,0
0.662595322217071,0.21878147431695735,0.11862320346597179,0.0,0.5333333333333334,2.0038878089419607,3.164676478755901,0.025429292884752153,0
0.3303491495076097,0.2936436884512086,0.37600716204118173,0.0,-0.2,-0.8416724177593744,2.410570508396596,-0.018641719007814805,0
0.47117682428578034,0.2764989747305777,0.2523242009836419,0.0,0.0,-0.4444444444444442,2.3574879227053143,0.022055466337213503,1
0.4817200910053387,0.2811254026535715,0.23715450634108984,0.0,-0.06666666666666665,-0.2542505803375368,2.3556998556998563,0.017669137863447593,2
0.6262239930836168,0.23886894581540025,0.13490706110098294,0.0,0.06666666666666665,0.4107923362581748,1.468993394459233,0.010166332330603267,0
0.3140842386125405,0.29985388475954516,0.38606187662791436,0.0,-0.2,-1.0479375696767,2.5195094760312156,-0.012785584643537684,2
0.3057166598121585,0.29500684051937587,0.3992764996684656,0.0,-0.26666666666666666,-0.5545053560176434,1.8865236568861128,-0.013521086328784848,2
0.27910713331771797,0.295158022773689,0.4257348439085929,0.0,-0.1333333333333333,-0.2827988338192422,1.5798509880142535,-0.010269747167145793,0
0.5304381307502127,0.26445912535970495,0.2051027438900823,0.0,0.33333333333333326,0.540714285714286,2.397857142857143,0.005923442945286905,0
0.32630437453139105,0.2923357803372714,0.3813598451313376,0.0,-0.13333333333333341,-0.01714285714285735,2.363809523809524,-0.0030831498058112583,1
0.3201956271576525,0.2909953970080552,0.3888089758342923,0.0,-0.33333333333333337,-0.5429570429570427,3.1583416583416586,0.022997326472013302,0
0.4769560963771359,0.27954526494611587,0.24349863867674829,0.0,0.3333333333333333,0.8588255090021875,2.5616691906444555,-0.008094736690803295,1
0.6008027771171109,0.24157605137345972,0.15762117150942945,0.0,-0.06666666666666665,1.106223408091152,2.606187351265595,0.044041045427098524,0
0.4161001878105938,0.2970232851895558,0.28687652699985045,0.0,0.1333333333333333,0.2826855123674913,2.2345616691906445,-0.01415130388557806,0
0.5865747943987553,0.2458324072016004,0.1675927983996444,0.0,0.2666666666666667,1.856325492689129,3.458359821996186,0.025243655787521635,1
0.4044188360832588,0.298748107945375,0.29683305597136617,0.0,-0.2,-0.2374897829443281,2.3054218508763964,0.005840402324305494,1
0.5314900776356597,0.25688687085723555,0.21162305150710475,0.0,0.33333333333333337,1.1101718794026487,2.519019442096365,-0.007009742615623815,0
0.4114195292411156,0.29056504252653786,0.2980154282323465,0.0,-0.06666666666666665,-0.0430555555555554,3.0680555555555555,0.0037533477391979986,1
0.3498863015612892,0.31883837036472423,0.3312753280739866,0.0,-0.2,-1.0900450715265528,2.437291789143641,-0.014813669336030566,1
0.4485870206960379,0.28433515773348866,0.26707782157047344,0.0,-0.1333333333333333,0.03819444444444464,1.6423611111111112,0.006007751999900168,1
0.43031498791330186,0.29185401388441606,0.27783099820228196,0.0,-0.33333333333333337,-0.4996980676328504,2.3263888888888893,0.022263867940652715,0
0.4855621390534763,0.27788194704867625,0.23655591389784747,0.0,-0.4666666666666667,-0.6631216006216007,2.36718142968143,0.03088121783140335,0
0.6268519932793647,0.23094547120818698,0.14220253551244846,0.0,-0.06666666666666671,0.7449809191969472,2.321221171395387,0.04996168801350798,0
0.4315860017326207,0.2815835499109171,0.28683044835646215,0.0,0.13333333333333336,0.22708478513356578,2.2749361207897794,-0.013676360747688132,2
0.49226767139719113,0.2746181668328544,0.2331141617699545,0.0,0.3333333333333333,0.590353442951534,2.6809457774463077,0.00869678608781227,0
0.3371842771302147,0.3019231762538524,0.36089254661593295,0.0,-0.39999999999999997,-0.8122707077410909,2.491381376398798,-0.006719912305460429,1
0.4509821814704751,0.2871159850976627,0.2619018334318623,0.0,0.06666666666666665,-0.17279174725983226,1.7614442295293364,0.015676670975517337,1
0.41473209509780523,0.2894080663610853,0.2958598385411095,0.0,-0.6666666666666667,-0.2807092198581562,3.06113475177305,0.04076550872767193,0
0.43384038002043385,0.28698136939239877,0.2791782505871674,0.0,0.06666666666666665,0.4957446808510638,2.219148936170213,-0.012960459640230071,1
0.605113376879937,0.2423621640382994,0.15252445908176337,0.0,0.39999999999999997,1.269503546099291,2.8297872340425534,0.023500565155908704,1
0.4017802655668021,0.3029818396077524,0.2952378948254456,0.0,-0.19999999999999998,-0.27171410150133557,1.7914709404071107,0.01053249718659005,0
0.6100866178053406,0.23838860130182973,0.1515247808928297,0.0,-0.2,0.4925994449583724,2.712765957446809,0.04821617044935966,0
0.3621040457475745,0.289456212117967,0.34843974213445844,0.0,-0.06666666666666665,0.47865845738186175,2.4790221598732245,-0.013462515950174614,1
0.5998289425951474,0.24338608927290012,0.15678496813195253,0.0,0.46666666666666673,0.7368794326241135,2.5241134751773053,0.030741984006491863,1
0.28901109692624966,0.28282431503486205,0.42816458803888835,0.0,-0.3333333333333333,-1.032301032301032,3.23010323010323,-0.006050953840119611,0
0.5130856901646264,0.27163360067539044,0.21528070915998307,0.0,0.0,0.9022435897435899,2.5368589743589745,0.017076641345818544,0
0.341266910027915,0.30027056044663947,0.35846252952544555,0.0,0.06666666666666671,-0.3787878787878789,2.118714618714619,-0.007457152939820855,2
0.4899208023593607,0.27974329802392495,0.23033589961671436,0.0,-0.2,0.5069930069930072,1.9930069930069934,0.0053173458556387,0
0.24787576684137116,0.2898359279994716,0.4622883051591572,0.0,-0.39999999999999997,-0.8545969081086138,1.7601796197113921,-0.010967626528430363,1
0.4018205461638492,0.29908972691807545,0.29908972691807545,0.0,-0.1333333333333333,0.023586169927633183,2.3822031626909674,-0.01024027380792586,0
0.3239951278928137,0.30085261875761266,0.3751522533495737,0.0,0.33333333333333326,-0.4329171343060233,2.1484521137298915,-0.021211408211218974,1
0.39435854788615265,0.29388503250114556,0.31175641961270173,0.0,-0.06666666666666665,-0.3690175565175565,2.3366101491101494,0.012477100717717515,1
0.49129119426658047,0.2850701991423368,0.22363860659108262,0.0,-0.06666666666666665,-0.03757644078377176,2.3842857748928767,0.024234659904123712,1
0.48271538599319364,0.28085258821422177,0.23643202579258463,0.0,0.06666666666666671,0.6276861569215393,2.689512386663811,0.020819919275851584,0
0.5901623007227822,0.24642415216350216,0.16341354711371572,0.0,-0.19999999999999996,0.666555611083347,2.319062690876784,0.04604876056101881,1
0.6496191301841211,0.22117984670554597,0.12920102311033282,0.0,0.19999999999999996,0.45622961513372484,2.7210697977821265,0.034518709778178946,0
0.33221979034673427,0.29996544176938145,0.36781476788388434,0.0,0.2,-0.06537830769912656,2.3813217499224324,-0.01763632503913143,0
0.4583623652462558,0.28228413957238924,0.2593534951813548,0.0,-0.06666666666666665,0.5610771481078651,2.4313343084674144,0.00872113177650663,0
0.5767065333548037,0.24370013614205618,0.17959333050314005,0.0,-0.3333333333333333,0.21637829733781766,2.4044734389561975,0.04091288284463401,0
0.42613540850926,0.2793697391133215,0.29449485237741857,0.0,-0.2666666666666666,-0.4989286807468625,2.550210732028914,0.025022285560544866,1
0.4331125827814569,0.2834437086092715,0.2834437086092715,0.0,0.33333333333333326,0.13542890716803768,2.133078730904818,-0.031897549418196,0
0.4826906977889398,0.27276308662037724,0.24454621559068304,0.0,-0.39999999999999997,-0.08323980546202736,2.1408529741863074,0.03175275863787563,2
0.5683519334180019,0.25106061015483555,0.18058745642716242,0.0,0.06666666666666665,0.24429256943434652,2.936496395853674,0.03965887185328609,2
0.543326544204948,0.2602488489048911,0.1964246068901609,0.0,0.26666666666666666,1.555020960055285,3.195316421861044,0.027291822499578844,1
0.47006889786408956,0.28232796609520017,0.24760313604071024,0.0,-0.3333333333333333,0.4411658934800593,2.282428884813177,0.01036953729718515,0
0.24527744311336408,0.2792616671591916,0.4754608897274442,0.0,-0.4666666666666667,-1.7808966861598439,2.9598440545808966,0.0037166622208117117,1
0.4520957142407949,0.29328994120051566,0.2546143445586894,0.0,-0.06666666666666665,-0.3466578905175396,1.5942212433440504,0.004881435974386283,1
0.5030660782852885,0.2754885666800389,0.22144535503467247,0.0,-0.06666666666666671,0.3319052235460904,2.7503101187311714,0.013745290488884065,1
0.3504043586322148,0.30050859235448846,0.3490870490132967,0.0,-0.1333333333333333,-0.8451339551818018,2.1706700175599694,-0.00923580537740648,2
0.39461242671933766,0.3091130675968145,0.2962745056838478,0.0,-0.26666666666666666,-0.48606364395838075,2.26829700513911,0.011168710479463828,1
0.400737964008513,0.30350973667530007,0.2957522993161869,0.0,0.2,0.6318249711716316,1.7586465758089358,-0.0284732656916164,0
0.3024453024453025,0.3024453024453025,0.39510939510939513,0.0,0.0,-0.41488726771238316,2.2505895918923144,-0.0063387379047161185,0
0.4794586173467271,0.27956348383056895,0.24097789882270398,0.0,-0.1333333333333333,0.21592063558945163,2.680374724364106,0.01957308447407463,0
0.41768993205682514,0.29344039530574423,0.2888696726374305,0.0,0.13333333333333336,0.8075464543041335,2.608835798255593,0.005639587918330469,0
0.42273895922153154,0.29713281478829695,0.28012822599017156,0.0,-0.06666666666666671,-0.7415863351936411,2.797226450194487,0.006398397947003254,0
0.34057781680337523,0.30174972693979835,0.3576724562568266,0.0,-0.2,0.2683301463903949,2.462618726685684,-0.006598772269921227,1
0.43273173068335885,0.28493720112688864,0.2823310681897524,0.0,0.39999999999999997,1.0824248388015643,3.0193956029727844,0.003628630907017427,1
0.5463258785942492,0.2715654952076677,0.1821086261980831,0.0,0.06666666666666671,0.298014390480144,1.6540404040404042,0.002095191107254313,1
0.6057177212360391,0.24647556209870738,0.14780671666525355,0.0,0.39999999999999997,1.5384213959556425,2.629093281148076,0.016450361992206952,0
0.37147516477542974,0.301522049330706,0.3270027858938642,0.0,-0.06666666666666671,0.061773092819839004,2.622408766140143,-0.0168465605994792,0
0.5832459163794396,0.2499625355911884,0.16679154802937213,0.0,0.1333333333333333,0.564046651468596,2.715564806554994,0.03574191846271946,1
0.4274383018921703,0.2853972661864645,0.2871644319213652,0.0,-0.33333333333333326,-0.06036085292509563,2.2735921268452706,0.016126759755592524,0
0.35131519138243034,0.3101913395483666,0.33849346906920297,0.0,-0.06666666666666665,0.5940184985210575,2.35184750457768,-0.010910234171046918,1
0.2924342872372322,0.3009794449811773,0.40658626778159046,0.0,-0.06666666666666671,-0.14885699096225413,2.3320928584086476,-0.010829722003990516,2
0.29501179348300866,0.30269939722197964,0.4022888092950118,0.0,-0.3333333333333333,-1.1911872346654955,2.00600204948031,0.00852588208693661,2
0.4735272184936615,0.2841163310961969,0.24235645041014167,0.0,0.06666666666666665,0.303030303030303,2.65993265993266,0.0051572865666478784,2
0.3861866592141868,0.3079229176458632,0.30589042313994996,0.0,-0.3333333333333333,-0.08356883703144102,1.4050010725911002,0.014667812216173415,0
0.33670212538075633,0.30160613837038436,0.3616917362488593,0.0,0.2,-0.24153321081648715,2.698871094775532,-0.015077793491840519,1
0.6173009412924925,0.24176277074118502,0.14093628796632246,0.0,0.1333333333333333,0.45996324494618024,2.0351798372276186,0.01569589977830299,0
0.586828128549331,0.2619176392960291,0.15125423215463998,0.0,0.06666666666666668,0.7167594310451457,1.5825602968460115,0.017522836022693,2
0.23050333400236392,0.28688031043018664,0.4826163555674494,0.0,-0.2666666666666667,-1.1291302235179783,2.3985665694849367,-0.012866060438442295,2
0.3971132977938852,0.3053709517688952,0.29751575043721945,0.0,0.0,0.05034013605442178,2.2544217687074832,-0.018323578449492006,2
0.4539958435669752,0.28584923483846586,0.26015492159455883,0.0,-0.06666666666666665,0.8673469387755102,2.562358276643991,0.004475744363561407,0
0.6583078706142662,0.21095774944684437,0.13073437993888948,0.0,0.06666666666666665,1.6713778357613975,2.8890338479379576,0.04929986749746329,0
0.4117427354896542,0.2913274071860761,0.2969298573242698,0.0,-0.39999999999999997,-0.3705205479452054,2.754958904109589,0.019712324623274158,0
0.44425041473849647,0.2919759015105212,0.26377368375098226,0.0,0.2,-0.04845773926008734,2.262603671605629,-0.002489334986927383,2
0.44789966769269673,0.29527143698212804,0.25682889532517517,0.0,-0.2,0.10934083099031566,2.2961574507966263,-0.003390367770793601,0
0.36753110478189177,0.30975865687303256,0.3227102383450757,0.0,-0.13333333333333336,-0.436082474226804,1.3508591065292097,-0.020562564330358857,0
0.33832266226716706,0.3009753553935187,0.3607019823393143,0.0,0.4,0.2330793366203494,2.3307933662034963,-0.03480294971429376,1
0.288498280473825,0.30760412686282007,0.403897592663355,0.0,-0.33333333333333326,-0.6545573555882834,2.094583537882507,-0.011921005345654434,2
0.4972133931292725,0.2794008795227936,0.22338572734793405,0.0,0.4,0.4752577319587631,1.7020618556701033,-0.02964065508877589,2
0.46301964278795865,0.2866994692185503,0.25028088799349113,0.0,-0.2666666666666667,-0.4215262997871696,2.4389176041349954,0.03565269244177732,1
0.6039247096515818,0.24509411293552263,0.15098117741289546,0.0,-0.13333333333333336,1.0075309306078535,1.9865519096288327,0.028168540287732968,2
0.3583030156732244,0.3091711640257255,0.3325258203010501,0.0,-0.06666666666666665,-0.42546090273363,2.1492371265098535,-0.00234009363557236,1
0.36756090040086337,0.3108233117483811,0.32161578785075545,0.0,0.0,0.6413586413586414,2.223110223110223,-0.012018459194451714,2
0.28485743061133784,0.29110822062475283,0.42403434876390933,0.0,-0.5333333333333334,-0.9885568976478067,2.3172282263191355,-0.002997014948912635,2
0.48104213477929847,0.2874338452396427,0.23152401998105884,0.0,0.13333333333333336,0.2331002331002331,1.9647019647019648,-0.011390644003540118,0
0.5408644602250878,0.26732381367446867,0.1918117261004435,0.0,0.19999999999999996,0.9606643356643362,2.673951048951049,0.01868821366355211,0
0.288232291632364,0.29557578950834784,0.416191918859288,0.0,-0.19999999999999996,-0.6102212051868804,2.2304637155106657,-0.010904081744609884,0
0.4654022115758924,0.2876243481478341,0.24697344027627358,0.0,-0.19999999999999996,0.7915789473684214,2.4196491228070176,0.02409939288556029,0
0.6317041207591128,0.2327330971217784,0.13556278211910888,0.0,0.6666666666666667,0.692982456140351,2.0263157894736845,0.010993244375629208,0
0.27748465859281146,0.2914461508490535,0.431069190558135,0.0,-0.39999999999999997,-1.3338947368421052,2.3713684210526313,0.006535907232269822,2
0.42864129903159537,0.2958035801623789,0.2755551208060256,0.0,0.3333333333333333,0.1240997229916897,1.6310249307479223,-0.03913651306716592,1
0.43164161033195436,0.2993643426495812,0.26899404701846436,0.0,0.06666666666666665,-0.25214551530341,1.7893217893217892,0.006719182327415529,0
0.33442266261773107,0.3037215657216771,0.3618557716605918,0.0,0.2,0.11273836765827672,2.3339435545385205,-0.03457556118291505,1
0.3730111359334231,0.2918194375756748,0.335169426490902,0.0,0.06666666666666665,-0.5032388663967611,2.3469635627530363,-0.005181605938530065,2
0.4791732100925801,0.27999880348783296,0.2408279864195869,0.0,0.39999999999999997,0.5800000000000002,1.9133333333333336,-0.02043474070962259,2
0.2564249270993225,0.2920170305452852,0.4515580423553923,0.0,-0.7333333333333334,-0.44847299979264754,1.5954264048105689,0.0023100272642549435,2
0.5694985433949987,0.2550226993774307,0.1754787572275705,0.0,-0.06666666666666665,-0.08355074407301766,2.2864295060915647,0.04026303601942327,2
0.5927936175778186,0.24993460633010725,0.15727177609207432,0.0,-0.06666666666666665,0.8564357642698656,1.892692560895326,0.015056190465794872,2
0.4558753016451945,0.2856255747962175,0.2584991235585879,0.0,0.2,-0.46376811594202894,2.2173913043478266,0.004412028920734334,1
0.5200035634988076,0.2738480304816206,0.20614840601957182,0.0,0.2666666666666667,1.7969289164941342,3.004658385093168,-0.00598109429208904,0
0.40071532319678943,0.2947937568740712,0.3044909199291394,0.0,0.06666666666666665,-0.2192028985507246,2.01268115942029,0.00758859103642634,2
0.6018647846642807,0.2439136232586822,0.15422159207703703,0.0,0.13333333333333336,0.7362948960302457,1.8421550094517962,0.025819439042378267,0
0.41284159371567425,0.29264720567187036,0.2945112006124555,0.0,0.06666666666666665,-0.011857707509881354,1.6350461133069831,-0.013503507964985284,0
0.47791335223468284,0.26658172537946184,0.25550492238585537,0.0,-0.3333333333333333,0.46432552954292117,2.957079152731327,0.03360789101531031,0
0.43561617357478527,0.2890537226524276,0.2753301037727871,0.0,0.0,0.579794293297943,2.431154611811546,0.0020202074187439245,2
0.5096403732396109,0.2657723436378487,0.2245872831225404,0.0,0.2,1.076842865164033,2.7612898050854255,0.022122155700492585,2
0.33516043126405876,0.31041704372107454,0.3544225250148667,0.0,-0.4,-0.34923945247198607,1.7693695483059404,0.0026257383291204417,1
0.2790605783715704,0.3097572419924431,0.41118217963598647,0.0,0.06666666666666665,-0.165631469979296,1.8881987577639754,-0.02141117604951831,1
0.40988241555374466,0.29881750295208476,0.2913000814941707,0.0,0.2666666666666667,0.040000000000000036,1.4800000000000002,-0.023235119059935694,1
0.29772525265826116,0.2875860025677322,0.41468874477400663,0.0,0.19999999999999996,-0.6363636363636365,2.79020979020979,-0.01310141324071884,2
0.4025748771424143,0.30160332815229735,0.2958217947052884,0.0,0.0,0.10909090909090913,1.7090909090909092,-0.028669131848925833,0
0.40730078497665156,0.2982492844829029,0.29444993054044555,0.0,-0.39999999999999997,-0.12698412698412676,1.989417989417989,0.007323959111059264,0
0.6395588385936558,0.22346031709898811,0.1369808443073561,0.0,0.6,2.051577503429355,3.127023319615912,0.02287318878159672,2
0.5645634100629535,0.26007977317506853,0.175356816761978,0.0,0.1333333333333333,0.8718400940623163,2.0446796002351557,0.006477034314643193,0
0.4523847759755902,0.29629034848241526,0.25132487554199456,0.0,-0.2,0.16354016354016387,2.0234086900753567,-0.0066141904613001845,0
0.5012567799973541,0.278475988887419,0.2202672311152269,0.0,-0.06666666666666665,0.45977011494252906,2.7770114942528736,0.02195565680963585,2
0.5011878599643108,0.28268217711401683,0.21612996292167252,0.0,0.26666666666666666,-0.15406162464985962,2.1568627450980387,0.002826534041612483,0
0.4218240376676775,0.3003277938087025,0.27784816852361993,0.0,0.06666666666666665,-0.3161764705882353,2.25735294117647,0.013765598150559166,1
0.38394630621281006,0.3023890843048603,0.3136646094823296,0.0,-0.5333333333333333,-0.4400139502441289,1.5653336433387584,0.003565375160739237,0
0.4139809388406252,0.29532398184808933,0.29069507931128546,0.0,0.2,0.14227941176470582,1.5319852941176468,-0.03770775355137862,0
0.30595258571866074,0.2961777427244543,0.397869671556885,0.0,-0.6000000000000001,-1.1251798561151078,2.328057553956835,-0.007729777613603828,2
0.5860866403318844,0.25722691436788264,0.15668644530023307,0.0,0.33333333333333337,0.781983109164842,1.970597435095402,0.01428620411459336,0
0.40192616372391654,0.30144462279293743,0.2966292134831461,0.0,-0.13333333333333336,-0.3674203494347379,2.0066803699897227,0.007491510200204943,2
0.35713763362226575,0.3052760630632569,0.3375863033144775,0.0,-0.1333333333333333,-1.0216157468904725,2.4562250935877312,-0.011876226947921231,0
0.4345651434953625,0.2947846355557714,0.27065022094886615,0.0,-0.1333333333333333,0.33260073260073275,2.2703296703296703,-0.004334564916332995,0
0.2662379629031215,0.30081432172170874,0.43294771537516963,0.0,-0.3333333333333333,-0.1806020066889632,1.3578595317725752,-0.002646498970024669,2
0.2888696726374306,0.29344039530574434,0.41768993205682525,0.0,0.1333333333333333,-0.11381475667189944,2.272370486656201,-0.017198494107922013,1
0.4989867374387895,0.2729750975400437,0.2280381650211667,0.0,-0.19999999999999996,0.2029304029304031,2.263003663003663,0.013929694150612848,0
0.44405390038210585,0.29002270368706284,0.26592339593083125,0.0,-0.26666666666666666,0.18315018315018317,2.0879120879120885,-0.0023964167991612495,2
0.3951638215686193,0.29110814441575406,0.31372803401562677,0.0,0.0,-0.6922171353826028,3.0749509483322433,0.00925669834291798,1
0.5910913103943785,0.25081442089707406,0.15809426870854756,0.0,0.0,0.13472858077174632,1.6062786134728584,0.01042381965128003,0
0.6518886003700047,0.22912916151618976,0.11898223811380547,0.0,0.0,1.121309848672786,2.1533118332919874,0.017772356321250404,1
0.475606766364305,0.285364059818583,0.23902917381711203,0.0,0.06666666666666665,0.24820788530465965,1.624551971326165,-0.01865816711413204,0
0.6352114004013847,0.2359818434061124,0.128806756192503,0.0,0.7333333333333333,0.5802768215110433,1.7136299885247994,-0.006873146143128284,2
0.4062475220666486,0.2959247125597312,0.29782776537362016,0.0,-0.20000000000000007,0.025315186605509243,2.130736646865679,-0.013617304876123337,1
0.4020392815147524,0.31481720010138237,0.28314351838386526,0.0,0.06666666666666665,0.1747738521932075,2.055640894350572,-0.025929143236743113,1
0.44158747903856904,0.29346003353828953,0.2649524874231414,0.0,0.3333333333333333,0.3618279569892471,1.7238351254480284,-0.03622458853873778,2
0.3801696352841391,0.3021543681085666,0.3176759966072943,0.0,-0.26666666666666666,-0.03938299967180847,2.061043649491303,0.004541334425304744,0
0.5644740405209128,0.24425789616208365,0.19126806331700352,0.0,0.0,0.336668385765859,2.7131511088189786,0.023682547696039724,0
0.5842750762832921,0.24773263234411586,0.1679922913725921,0.0,0.1333333333333333,0.8638004594683296,1.9665244502789632,0.007712167915846391,2
0.3538813274135473,0.30398986158147345,0.34212881100497927,0.0,-0.3333333333333333,-0.5813993467423071,1.3680591370122057,-0.005855220129624417,0
0.2831861676580337,0.29397421214024455,0.42283962020172167,0.0,-0.2,-0.8668320926385441,2.177005789909016,-0.011125384946281403,1
0.41655474307317314,0.2926428891210267,0.29080236780580015,0.0,-0.13333333333333336,0.22482893450635388,2.2482893450635384,-0.006375009126534936,0
0.408765905207452,0.3012657807860117,0.2899683140065363,0.0,-0.06666666666666665,0.6995740481013976,1.6345904108877463,-0.01522956378921625,0
0.43739218895130255,0.29068070237516036,0.2719271086735371,0.0,-0.2666666666666666,0.6455385776268632,2.6413884172797584,0.024445805937583664,0
0.2743006422118211,0.2951997387612932,0.4304996190268859,0.0,0.0,-0.3862496626434939,1.7477263740608937,-0.016269884091788755,2
0.4730864048155598,0.2897654229495304,0.23714817223490978,0.0,-0.06666666666666665,0.2905279503105592,1.8309006211180128,-0.004567721586894891,1
0.46105491077145155,0.28780135734491225,0.2511437318836362,0.0,-0.1333333333333333,-1.1964285714285712,2.375,-0.006867583819699985,0
0.293847817709434,0.2910756684857601,0.4150765138048059,0.0,0.1333333333333333,-0.3122109158186863,2.092969472710453,-0.009241844836688717,2
0.4650950828789026,0.2874345387978311,0.24747037832326635,0.0,-0.06666666666666665,0.4973404255319148,2.1356382978723407,-0.0027359745312462436,0
0.4851295761541472,0.2877631957932985,0.2271072280525542,0.0,0.4666666666666666,0.36811887875717664,1.860857818304627,-0.02830404829360572,1
0.5618640692327189,0.26188579498135206,0.17625013578592896,0.0,-0.06666666666666671,1.3066012002182217,2.8341516639388984,0.037790126801882096,1
0.4829589679837392,0.29251773455166535,0.22452329746459546,0.0,0.13333333333333336,0.6474164133738605,1.5592705167173257,-0.01378293045147716,2
0.34907856325312825,0.29649301045538135,0.3544284262914904,0.0,-0.2666666666666666,-0.35404255319148925,3.050212765957447,0.006639156059314255,1
0.4481268296934236,0.2845467906335542,0.26732637967302214,0.0,0.06666666666666665,-0.10200792115685742,1.8345307175094412,-0.006648941186102375,2
0.486117014003097,0.27882387289667127,0.23505911310023167,0.0,0.06666666666666665,0.4255319148936171,1.773049645390071,-0.018214520647802546,1
0.4216095127485544,0.296889013800429,0.2815014734510165,0.0,0.1333333333333333,-0.5818980074299221,1.97129348193178,-0.015132957182345141,1
0.39990305380513813,0.290838584585555,0.3092583616093068,0.0,0.39999999999999997,0.36772192909377033,2.554614458946589,-0.03099257933849664,0
0.24527432527386453,0.28882771013557873,0.46589796459055666,0.0,-0.19999999999999998,-0.43321299638989164,1.7947395564724085,-0.008877751802747524,2
0.5188025049641056,0.2788758209867115,0.20232167404918283,0.0,0.0,0.3270773071432309,1.77112062844287,0.004055226553878022,1
0.5955710891762731,0.23580987287182387,0.1686190379519031,0.0,0.33333333333333326,1.4550316311224163,4.15509032805061,0.053802311496274124,0
0.3830341363594084,0.29057762068644777,0.3263882429541438,0.0,-0.1333333333333333,-0.532698526769673,2.054437657204456,-0.0054391807324897234,0
0.6069364161849712,0.24566473988439314,0.14739884393063585,0.0,-0.1333333333333333,0.5279503105590067,2.0807453416149073,0.03047765679911929,1
0.4779356260756666,0.2767746610706845,0.245289712853649,0.0,0.1333333333333333,0.49270072992700753,1.9160583941605842,-0.015134750921540263,0
0.6061139872458594,0.24598259959845226,0.1479034131556882,0.0,0.13333333333333333,0.6432481751824818,1.6651459854014599,0.015609921127128001,2
0.4990486849468383,0.2706211527700056,0.23033016228315611,0.0,0.39999999999999997,0.948905109489051,3.2262773722627736,0.019903117734050846,2
0.3099353365979749,0.29233648467758516,0.3977281787244399,0.0,-0.26666666666666666,0.4919073310060298,1.9786148475453456,-0.02158967844354054,0
0.39134425003611517,0.3018210555834091,0.30683469438047567,0.0,-0.06666666666666665,0.6434970139349702,2.0170869276708694,-0.011259333992513443,0
0.36077534343258266,0.29065599768706507,0.3485686588803524,0.0,-0.26666666666666666,-0.19325686478971127,2.9767118526242613,0.01666014835858426,2
0.33748149656228393,0.29276785979377945,0.3697506436439366,0.0,0.4666666666666666,-0.18001183468809356,1.8381139244448597,-0.019424518373655275,2
0.4218134034165572,0.2890932982917214,0.2890932982917214,0.0,0.2666666666666666,-0.7001065814015452,2.8250732747135627,-0.004307586561038801,2
0.4848879382497907,0.28064726122942435,0.23446480052078483,0.0,-0.13333333333333336,0.08207979071288452,2.3711576193590584,0.011350968063109312,0
0.271808764940239,0.28258167330677286,0.445609561752988,0.0,-0.1333333333333333,-1.0137718396711204,3.03967112024666,-0.015798629238304607,1
0.4288787308416241,0.29040064533476745,0.2807206238236085,0.0,-0.39999999999999997,-0.3541559993172897,1.9499914661204985,0.02379891349759039,2
0.31230028922540637,0.2963360571883249,0.39136365358626873,0.0,-0.1333333333333333,0.49780963759458396,1.9846010885437408,-0.025815454220121714,1
0.5301950203699903,0.25845161160097024,0.21135336802903945,0.0,0.26666666666666666,0.5265232974910394,2.8562724014336918,0.02111347596403046,0
0.2678920206431124,0.2843271139341009,0.4477808654227869,0.0,-0.06666666666666671,-0.21098077549690453,1.6625936787227111,-0.006361870581593099,0
0.46294641122294333,0.2805735825593596,0.2564800062176971,0.0,-0.26666666666666666,0.0654511453950446,1.3744740532959328,0.009099946369517331,0
0.480477676672226,0.26957032441203377,0.24995199891574016,0.0,0.0,-0.02269503546099294,3.1293932230102444,0.019560946728642337,0
0.4183825476694915,0.2871507547669491,0.2944666975635593,0.0,0.06666666666666665,0.5653920547537574,2.7079303675048365,0.002531581568036234,1
0.46053911081722354,0.2892761289820685,0.25018476020070785,0.0,-0.2,-0.06411149825783968,2.1797909407665506,0.020325466287957172,1
0.5159127062517544,0.26762042399226454,0.2164668697559809,0.0,0.0,-0.5601045296167245,2.3870499419279905,0.025427648435998207,1
0.4383288294292766,0.2872278975452713,0.2744432730254521,0.0,0.2,0.2653782361000939,2.188408932477585,-0.015011268018198576,2
0.5203908651129457,0.2661769367531734,0.21343219813388098,0.0,-0.2,0.7329631499242805,2.2729261315833753,0.03606926758633777,0
0.4963465761629067,0.2721900578957876,0.23146336594130568,0.0,0.0,-0.2931553461588796,2.606533403890909,0.022907074432451602,1
0.4495608810964474,0.27399272634872235,0.2764463925548303,0.0,-0.2,0.1794936512251002,3.555799324350561,0.03857948999981614,0
0.3843695991232138,0.28241790667284916,0.33321249420393717,0.0,0.06666666666666665,0.08761199072617742,3.480246525229224,0.004927133972199349,0
0.49806620780072103,0.266207800721075,0.23572599147820386,0.0,0.0,0.12702806612841244,2.1939254133025763,-0.0022114622428654473,0
0.5264287961050862,0.2545370003145471,0.21903420358036677,0.0,-0.39999999999999997,0.05583569589023285,3.410305797822841,0.051964322421636844,0
0.4300809122953197,0.2836423194585697,0.28627676824611065,0.0,-0.39999999999999997,0.008423632117011914,2.114331661369989,0.01963697937001274,2
0.546120853466529,0.26005754926977576,0.19382159726369508,0.0,0.06666666666666665,0.7546832120272043,2.592172771745615,0.040810787126362214,2
0.516361453017112,0.26868808165716007,0.21495046532572804,0.0,-0.19999999999999996,0.314842578710645,2.7328335832083965,0.02964674095017994,2
0.3211612212104981,0.2963770755222282,0.3824617032672737,0.0,-0.06666666666666665,-1.0531501166709873,3.380347420274825,-0.01223971017439135,2
0.5962349050594311,0.2457883252239676,0.1579767697166014,0.0,-0.2,0.24837956961368968,1.9077002851957483,0.027029040092934498,2
0.37152737603969815,0.3083677221129495,0.3201049018473524,0.0,0.2,-0.2977558839627805,2.417077175697866,-0.016817201783096702,2
0.4172049845831252,0.28498309716139636,0.2978119182554785,0.0,0.1333333333333333,0.8108764684447067,2.6936091204081283,0.008194028562741429,2
0.32244157799295164,0.30441030553939846,0.3731481164676498,0.0,0.0,0.09779693990220306,1.3596929386403072,-0.022130228478182135,1
0.4890890735419741,0.28096606352411274,0.2299448629339132,0.0,-0.39999999999999997,-0.13753559459930642,1.7995854560951516,0.02557600065574711,1
0.4102325812955849,0.3000406581644084,0.28972676054000684,0.0,0.06666666666666671,0.11129221655537447,1.7202096149464572,-0.02969584099241207,2
0.4202802777169716,0.28804255793686523,0.29167716434616325,0.0,0.26666666666666666,0.09965879531096977,3.851784286566896,0.01498318920243219,1
0.5520716685330347,0.2597984322508399,0.18812989921612544,0.0,0.26666666666666666,0.6134606134606134,2.599129265795933,0.024308766765538503,0
0.4344315127634475,0.29098714534155445,0.27458134189499794,0.0,0.4666666666666666,0.2885535517114465,1.5252116304747885,-0.04415032732758428,1
0.34879907730576726,0.30108063676230723,0.3501202859319254,0.0,0.2,-0.469863716713235,2.0505217540058163,-0.01919702012767105,0
0.41623756354356306,0.3033365250660606,0.28042591139037626,0.0,0.13333333333333336,0.6449221645663457,2.127501853224611,-0.011892766371876584,2
0.4150522752041903,0.29570817051288956,0.2892395542829201,0.0,-0.06666666666666665,-0.5209753142510979,1.815624932390039,-0.008391374353183989,0
0.3885871984331879,0.29359921659396415,0.31781358497284784,0.0,-0.1333333333333333,0.10555967383246845,2.4776871756856935,-0.0128050068464311,2
0.26560103013297937,0.28352502603152396,0.4508739438354967,0.0,0.0,-0.20048143292196485,1.802945481536978,-0.004748970062014191,2
0.6091018208749392,0.24300125137267917,0.14789692775238142,0.0,0.2,0.9068489729662234,2.2179559218330525,0.019166405393612362,1
0.33041962545401465,0.30533826774628414,0.36424210679970115,0.0,-0.4666666666666667,0.0012911451650650108,1.8734516345090824,0.0032198012646378893,1
0.4346377815869774,0.28224953499398225,0.2831126834190403,0.0,0.20000000000000007,0.18952490715840686,3.41657062363939,0.014498667556094857,1
0.5279614236385262,0.26626296581193687,0.20577561054953694,0.0,0.06666666666666671,0.827007299270073,2.513138686131387,0.016089554503942782,0
0.4896988906497623,0.28565768621236126,0.22464342313787636,0.0,0.0,0.28662335231678326,2.2544851741932033,0.008590156120404424,0
0.39668667446703365,0.2962435742013424,0.30706975133162406,0.0,0.13333333333333333,0.07081686429512524,2.2117918313570497,-0.02366323077413096,1
0.28886023211982936,0.29719273881559366,0.4139470290645769,0.0,-0.6666666666666667,-0.5445652173913044,1.716304347826087,-0.003089168438736689,0
0.6004824339160544,0.24792036145595814,0.15159720462798754,0.0,-0.39999999999999997,0.7404479578392623,1.9262187088274048,0.049490096187970845,0
0.41305250568908525,0.3013803298838929,0.2855671644270219,0.0,-0.2666666666666667,-0.24501845018450186,1.9985239852398526,0.023431520694364605,2
0.5907269196221325,0.24797894754191124,0.1612941328359562,0.0,0.06666666666666665,0.5439114391143909,3.2715867158671585,0.05344718892709377,2
0.4256404354920246,0.29699027170986925,0.2773692927981061,0.0,0.06666666666666671,0.3621315565382375,1.8859524627634943,-0.02353353690408344,0
0.3064612284310844,0.2928838322347705,0.400654939334145,0.0,0.2666666666666666,-0.40641302964753767,2.9146201806845653,-0.018084768380955074,0
0.39074292527620275,0.30563060491901006,0.3036264698047871,0.0,-0.39999999999999997,0.09896008050989624,2.3364642737336467,-0.005890978829571736,2
0.5267240969016229,0.2596735043548617,0.21360239874351528,0.0,0.2,0.3160749241240597,2.8446743171165343,0.009402232039064429,0
0.46745357509250407,0.28833585005705853,0.24421057485043748,0.0,0.19999999999999996,0.49523809523809514,2.019047619047619,-0.017207167170922022,1
0.4664306345632319,0.2847229947180465,0.24884637071872162,0.0,-0.5333333333333333,-0.11885591595736522,2.7336860670194003,0.04323680850419337,0
0.5946043638275499,0.24093059936908517,0.16446503680336488,0.0,0.6666666666666667,0.6902356902356901,2.4579124579124576,0.01687356826162445,0
0.27241659886086256,0.298779495524817,0.4288039056143206,0.0,-0.06666666666666665,-0.20899470899470873,1.3148148148148149,-0.014329449072832845,1
0.35314843025284465,0.2976860165272376,0.34916555321991777,0.0,0.2666666666666666,-0.1642335766423355,2.3540145985401457,-0.02038416675329069,0
0.4435086236791442,0.29240789384524013,0.26408348247561575,0.0,-0.06666666666666671,0.36145423919146547,2.1862717574396404,-0.005721863761424417,0
0.36079214013735095,0.3020312052615609,0.337176654601088,0.0,-0.26666666666666666,-0.5109489051094891,2.581636573184787,0.0123489795109481,2
0.2859721313782797,0.29416878482542785,0.41985908379629244,0.0,-0.2666666666666667,-0.04287775716347131,1.7118119975262833,-0.012564243634006544,2
0.43844224657025277,0.28290921720588175,0.2786485362238655,0.0,0.0,-0.3733333333333333,2.826666666666667,0.01034528599275597,0
0.541482562917557,0.2683870094460935,0.1901304276363496,0.0,-0.3333333333333333,0.513813459268005,2.4783943329397875,0.03733383687298253,0
0.34131457826963846,0.3083208357035734,0.350364586026788,0.0,0.13333333333333336,-0.06436363636363629,1.2083636363636363,-0.014470272465735345,1
0.40953563570904733,0.2957030468697913,0.2947613174211614,0.0,-0.1333333333333333,0.5030283139899159,2.752632992212907,0.006260635699304962,1
0.32063599430477785,0.2799510645138393,0.3994129411813828,0.0,-0.5333333333333333,-0.4273055464391202,3.3370528388578933,0.022199407057286902,1
0.5779968566938134,0.2583226175167881,0.16368052578939846,0.0,0.3333333333333333,0.6397111913357404,1.7191335740072207,0.0034018830546539425,0
0.4076967073155458,0.29662548897637464,0.2956778037080795,0.0,-0.4666666666666667,-0.053483085974060485,2.238649170057112,0.017022774362893844,0
0.5779360841329618,0.2485746598421341,0.17348925602490411,0.0,0.8,0.4725897920604918,2.930056710775048,0.007079858799313055,2
0.37646968612616294,0.29971373070238216,0.3238165831714549,0.0,0.06666666666666667,-0.10302671793355023,1.5598606592395416,-0.021618342460289597,0
0.35509430712255624,0.29782103178020847,0.34708466109723546,0.0,0.0,-0.33652108186269647,2.331985934470407,0.005133519221576177,2
0.5977611407822794,0.25109207810637757,0.15114678111134308,0.0,0.13333333333333336,0.5324511657214872,1.3390044108380594,-0.002266973086241353,1
0.5658044148672221,0.25406644524340827,0.18012913988936954,0.0,0.06666666666666665,0.3651079136690647,2.4838129496402876,0.016512686189893544,2
0.4985641867143317,0.26969115363202156,0.23174465965364668,0.0,0.0,0.2506712578655024,2.919305581176085,0.017947209806600306,2
0.40124889245179535,0.29112695666849503,0.30762415087970973,0.0,0.2666666666666667,0.17129153819801335,2.969053328765559,-0.009126437526235709,1
0.5642444362473872,0.2621418910611091,0.17361367269150374,0.0,0.0,0.7697841726618704,1.525179856115108,0.010473656795305208,0
0.33596647061867224,0.3059297331792546,0.3581037962020731,0.0,-0.2,-0.5793260128739114,1.8061340401363122,-0.017968097150029838,1
0.504721960282051,0.28227611152552395,0.21300192819242517,0.0,0.0,0.09782608695652178,0.8586956521739131,0.02197061113169574,0
0.5121631827283498,0.2809137456782767,0.20692307159337348,0.0,0.2,0.34718614718614693,1.8432900432900432,-0.01242564016611225,1
0.3384766356346921,0.3019742533603626,0.35954911100494535,0.0,-0.2666666666666666,-0.4952380952380952,1.4857142857142858,-0.01840548292844779,1
0.4002848224900543,0.28627180803468283,0.31344336947526286,0.0,0.1333333333333333,0.2424242424242431,3.831649831649832,0.015952669149387755,0
0.4474386678530571,0.2894368882674463,0.26312444387949663,0.0,-0.1333333333333333,-0.17877685950413202,2.0347768595041322,0.008356112568490504,2
0.47205941910489274,0.2838148654741073,0.24412571542099992,0.0,0.1333333333333333,0.5008264462809919,2.88099173553719,0.012292147606434767,1
0.4789144176769267,0.27591188839297565,0.24517369393009775,0.0,0.4,0.8599999999999999,3.1,0.00532413805558718,1
0.20274772557567966,0.26779107106383127,0.5294612033604891,0.0,-0.3333333333333333,-1.0399055489964582,1.8502951593860684,0.010606192377338508,1
0.3330020051070248,0.30253123339788524,0.36446676149509005,0.0,-0.06666666666666665,0.07900826446281006,2.131900826446281,-0.02440004986524702,1
0.3789257638539286,0.2979901638074585,0.32308407233861286,0.0,-0.2,-0.386724386724387,1.9649556792413938,0.0036136326025175136,1
0.5399138623450199,0.25717345532311536,0.20291268233186463,0.0,-0.1333333333333333,0.3711049892868077,2.9177838996020817,0.032454642583070736,0
0.41841864622081354,0.29170511298044094,0.28987624079874547,0.0,-0.19999999999999998,-0.6676679841897233,2.987667984189723,0.021649300314958042,2
0.3898100194688689,0.2905187880947231,0.31967119243640807,0.0,-0.19999999999999996,-0.5644901185770748,3.644837944664032,0.04008118121517151,0
0.6125454724713009,0.24087074568532924,0.14658378184336995,0.0,0.0,0.790082219938335,1.3296505652620763,0.015218474256279979,0
0.5478761905672952,0.26081993297428985,0.19130387645841507,0.0,-0.2,0.6524626452684008,1.892086330935252,0.025545788589620422,0
0.3552137017088386,0.2988853153537154,0.34590098293744587,0.0,0.06666666666666665,0.3863741305092576,2.0843945961243433,-0.03443094828456578,0
0.4639798547577932,0.28236082904220444,0.2536593162000023,0.0,0.0,0.20383693045563578,1.8405275779376502,-0.015164257705912232,0
0.42833804381565393,0.2946529218604499,0.277009034323896,0.0,0.0,-0.11546762589928061,1.6111510791366908,-0.009398530100143576,2
0.3661777342664518,0.3017686213987371,0.33205364433481105,0.0,-0.39999999999999997,-0.37573928418998837,1.8344917992805319,0.006803974680398783,0
0.3394190125011242,0.3028150013490422,0.3577659861498337,0.0,-0.46666666666666673,-0.33427230046948353,2.0694835680751176,0.01464997428832937,1
0.5009646766079446,0.27019960691682143,0.22883571647523399,0.0,-0.13333333333333336,-0.2475561906057926,2.635118278106644,0.027667043600035468,0
0.42249639006249,0.2928060424800168,0.2846975674574933,0.0,0.06666666666666665,0.052631578947368474,1.8771929824561404,-0.005680299129487365,0
0.3953386252322243,0.30035466981928727,0.30430670494848844,0.0,0.26666666666666666,-0.4725146198830409,1.3988304093567252,-0.016168328447135283,2
0.4372467352512306,0.28521940884080277,0.2775338559079668,0.0,0.1333333333333333,0.19138755980861255,3.016632490316701,0.006458207633038449,1
0.4911681659990807,0.28130540416310984,0.2275264298378094,0.0,-0.06666666666666671,0.04469067405355487,1.2635272391505077,0.002386890956793397,1
0.5063777558149077,0.2670522458620407,0.22656999832305166,0.0,0.19999999999999996,0.5059173257053116,3.467384598126648,0.03497475857646004,1
0.44634466610767454,0.2928696862788527,0.2607856476134728,0.0,0.0,0.47162327828658,2.288887286363309,-0.007101200554678999,0
0.48106444483502675,0.27715056075570194,0.24178499440927126,0.0,-0.6000000000000001,0.0209396675827771,2.2824237665227063,0.023850726143839873,2
0.3964114350904272,0.2954148911183438,0.3081736737912291,0.0,-0.19999999999999996,-0.3421052631578947,1.973684210526316,0.009960836975569043,2
0.6656839165179611,0.21568779579486383,0.11862828768717512,0.0,0.2,0.7049441786283893,2.031897926634769,0.03277640192415254,0
0.3661467394309583,0.2894847658626014,0.3443684947064403,0.0,-0.2,-0.5542560103963612,3.4847303443794675,0.032821876594061994,2
0.5596937380366421,0.2602497493391669,0.18005651262419103,0.0,0.33333333333333337,1.0546365914786968,1.856641604010025,-0.023655310054312872,1
0.369096441328218,0.2988490541076862,0.33205450456409574,0.0,-0.06666666666666665,0.3131796433231838,2.2705524140930837,-0.019669899560617654,1
0.5691471429722158,0.25141188158393274,0.17944097544385143,0.0,0.2666666666666666,0.5870445344129559,1.3967611336032393,-0.00846232153059212,0
0.26845257364842995,0.2987617351893817,0.43278569116218846,0.0,-0.26666666666666666,-0.3659503016893031,1.6364192735917897,-0.008534804515551053,2
0.34458434853725445,0.29333287897633364,0.3620827724864119,0.0,-0.3333333333333333,-0.7656222219182953,2.486699399592434,-0.005803514310869229,0
0.4134935266701191,0.286757120662869,0.29974935266701197,0.0,0.1333333333333333,-0.016660258874791722,2.5823401255927205,-0.01620443871177929,2
0.45505745418136584,0.2856360635476881,0.2593064822709459,0.0,0.4,0.4388172381251967,2.0525322428436614,-0.030348787760784424,1
0.5610546951213847,0.24885490509416255,0.19009039978445272,0.0,0.06666666666666665,0.9847750865051905,4.237370242214532,0.0774431915568542,1
0.4878346398461766,0.2775107232657891,0.23465463688803428,0.0,0.0,0.16502528613255274,3.4655310087836044,0.03529281204414081,0
0.3499368538219492,0.3040434959436608,0.34601965023439,0.0,-0.6,-0.7020503874860591,1.6771998055420516,0.004867176847767052,0
0.5765304224134723,0.25712298617332147,0.16634659141320618,0.0,0.4666666666666667,0.5937057175811502,1.5638820233975943,-0.010114445077608836,1
0.3556353935847514,0.30316459780995203,0.34120000860529653,0.0,-0.2,-0.6124567474048441,1.602076124567474,-0.006594077939411358,2
0.44461499104630336,0.2926579687899718,0.2627270401637247,0.0,-0.06666666666666665,0.25655864197530875,1.0832782186948855,-0.026092442725786535,1
0.546120853466529,0.26005754926977576,0.19382159726369508,0.0,0.0,0.10567632850241537,2.5513285024154593,0.017810974073745767,0
0.46612040888963735,0.29169170241835796,0.24218788869200478,0.0,0.06666666666666665,0.09668682287729946,1.9611363063744018,-0.012642950699767563,2
0.44405390038210585,0.29002270368706284,0.26592339593083125,0.0,0.06666666666666671,0.26943869335173687,2.210432482171613,-0.007224544428457269,0
0.4214041882754546,0.2924571653646688,0.28613864635987657,0.0,0.2666666666666666,0.5468603561387066,2.3431740081224617,-0.016886504221178045,0
0.5037091406623008,0.27666412502048754,0.21962673431721172,0.0,0.13333333333333336,0.7164914960176312,1.9008192493452036,0.005866476083825178,0
0.3712230828155587,0.3042812154225891,0.32449570176185205,0.0,-0.06666666666666665,0.14289805269186706,1.740836197021764,-0.027317629004369293,2
0.4172362555720654,0.2858841010401189,0.29687964338781575,0.0,-0.06666666666666665,-0.16200294550809957,4.068073964981181,0.02569875935374566,0
0.36676624441734273,0.29457733281773874,0.33865642276491864,0.0,0.06666666666666665,0.07689904597121133,3.3066589767620695,-0.0033705925744357823,1
0.2709525412319085,0.28778189161898354,0.4412655671491081,0.0,-0.5333333333333334,-0.633527392148082,2.6565158978952086,0.009576319848712544,0
0.5455071904256347,0.25760061770099413,0.19689219187337131,0.0,-0.4,0.21851574212893587,3.6817841079460276,0.06470330075090103,1
0.5721746259966491,0.2478403460199389,0.17998502798341195,0.0,0.2,0.29985007496251836,2.527307774684086,0.01758561577706108,0
0.3214839556244781,0.3006083740904211,0.3779076702851008,0.0,0.0,-0.25803424818203136,1.9094534365470328,-0.004691243808910339,2
0.34828496042216356,0.3007915567282322,0.35092348284960423,0.0,-0.4,0.33365199941434365,2.1939729047705177,-0.009798617134526899,1
0.566669894451438,0.25757722475065364,0.17575288079790838,0.0,0.13333333333333336,0.7002989080705179,1.8674637548547142,0.01783377105405881,1
0.5160725444819085,0.2756470563998324,0.20828039911825905,0.0,0.3333333333333333,0.5200458190148912,1.632793323514973,-0.02128539317511874,0
0.47227882037533514,0.2754959785522788,0.2522252010723861,0.0,0.1333333333333333,0.32381707639439616,2.147766323024055,-0.011556835052003445,2
0.4113976996905173,0.29895781392301257,0.2896444863864701,0.0,-0.4666666666666667,-0.43243065489402965,1.6984823821503148,0.0102870664900519,1
0.3217970134788763,0.29992731353371,0.3782756729874137,0.0,-0.3333333333333333,-0.26021737671103284,2.2418727839719765,-0.003607206628976678,1
0.33929849677881174,0.29312813171080887,0.3675733715103794,0.0,-0.26666666666666666,-1.071016641950898,2.811006755643434,-0.0023709535252974256,0
0.41069100391134294,0.29465449804432853,0.29465449804432853,0.0,-0.1333333333333333,-0.0032714690154136417,2.090468700849324,0.002703614146836286,2
0.5258929540766475,0.26750624253609817,0.20660080338725437,0.0,0.4666666666666666,0.12029201924672339,2.5261324041811846,-0.0065818682488328895,0
0.4623991510744214,0.2785537054665189,0.2590471434590596,0.0,0.0,-0.10956252419667023,2.2133178474641886,0.009967820524043713,0
0.3429052534159414,0.299625949586745,0.3574687969973135,0.0,-0.1333333333333333,0.3463731390560658,2.5700031675641437,-0.0177987120228843,1
0.31654961510070656,0.29537909944110513,0.38807128545818836,0.0,0.2,-0.5197444831591173,1.8612078977932636,-0.028617569735891246,1
0.4613122866165098,0.2818351659875941,0.256852547395896,0.0,0.0,0.45841539160733236,1.9612179972731405,-0.014194068513305236,1
0.37168005337576016,0.30244553362929505,0.32587441299494474,0.0,-0.2,0.20584795321637434,1.0292397660818713,-0.01693237562724481,2
0.5664667367616134,0.25522127700248515,0.17831198623590136,0.0,0.1333333333333333,0.17324975955957944,2.179020329652108,0.010312861811206941,2
0.5227045539643227,0.2650965789446565,0.2121988670910209,0.0,-0.06666666666666665,0.9729323308270678,2.971261487050961,0.0355417955995363,0
0.4506124864385048,0.27875727389288885,0.27063023966860633,0.0,-0.3333333333333333,0.037903400476500204,3.678795754819147,0.03845448777799382,0
0.46786489858152747,0.27902786120223627,0.2531072402162361,0.0,-0.2,0.4817007056648719,2.685792495422955,0.01869641143521672,2
0.5935878675003327,0.23865903951044307,0.16775309298922447,0.0,0.6000000000000001,0.5392697662201211,2.194116101917521,0.002083636074106554,1
0.4198880298587044,0.28552386030391896,0.2945881098373767,0.0,0.19999999999999996,0.1843971631205672,2.0283687943262416,-0.02850038968000862,1
0.3333134552145985,0.29604198258676795,0.3706445621986335,0.0,0.19999999999999996,-0.20551257253384936,2.244519664732431,-0.024672501114308132,1
0.35103745101817946,0.30186933898631724,0.3470932099955033,0.0,-0.6,-0.6070139888728914,2.073446026413552,0.0043652998286004,1
0.5008380534042307,0.2818171309675182,0.21734481562825106,0.0,-0.06666666666666668,0.9939285714285717,2.1725000000000003,0.008643459751721316,0
0.3134561825187898,0.29637683924052244,0.39016697824068775,0.0,-0.13333333333333336,-0.09700176366843039,2.4062695568071915,-0.0030012490739081965,1
0.5312681510164569,0.2695062923523717,0.19922555663117136,0.0,-0.13333333333333336,0.6513947327411564,2.3655913978494625,0.03273635030961408,2
0.38244648659321223,0.3082595427055657,0.309293970701222,0.0,0.06666666666666665,0.15946163411601233,2.061297637334504,-0.029598346559011446,2
0.28262329511459516,0.2834902377376461,0.4338864671477588,0.0,-0.4666666666666667,-0.14025245441795242,2.540127785569581,0.008712367034363955,0
0.3180865966661955,0.3116606048143531,0.37025279851945153,0.0,0.1333333333333333,-0.2377871239081204,1.278712390812035,-0.02427124967646571,1
0.4430986061785163,0.2930620528206009,0.2638393410008829,0.0,0.19999999999999996,0.20759193357058137,2.0759193357058123,-0.021135722994527484,0
0.5706772711496492,0.2596902188939415,0.16963250995640947,0.0,0.13333333333333336,0.6156583629893241,1.9679715302491103,0.01583528802980494,0
0.4535944206008583,0.286480686695279,0.25992489270386265,0.0,0.2666666666666666,0.31672597864768703,2.814946619217082,-0.011276518263082458,0
0.4853316728379275,0.28175790125241384,0.23291042590965866,0.0,0.13333333333333336,-0.2871624223937388,2.374944154303585,0.008152211141574661,0
0.3748383434417588,0.3025655909480864,0.32259606561015475,0.0,-0.33333333333333326,-0.12519561815336466,2.6499739175795516,0.01202321079338059,1
0.2573547426180356,0.2849848530218124,0.457660404360152,0.0,0.26666666666666666,-0.16320988311722862,2.6936286908597147,-0.013062851469866382,0
0.377628348809905,0.30334080478172704,0.31903084640836804,0.0,-0.2,0.3492622401073109,2.2808517773306507,-0.010625759087512676,2
0.42322226039161803,0.3009275163174167,0.2758502232909653,0.0,0.4,0.17781690140845074,2.378521126760564,-0.026794101121284497,1
0.5801839541025408,0.2522538930880612,0.16756215280939807,0.0,-0.6,0.34772366466943216,2.570287294515287,0.04797341165093094,0
0.47577092511013225,0.28634361233480177,0.23788546255506612,0.0,-0.39999999999999997,0.102537744940572,2.351172502409251,0.012781567511923442,1
0.4284570938565508,0.2919455276751261,0.2795973784683232,0.0,0.4666666666666666,-0.009287402904424313,2.1453900709219864,-0.017813029458818463,2
0.3899490719306369,0.3135401321604445,0.29651079590891877,0.0,-0.19999999999999996,0.08091908091908118,2.0289710289710294,-0.015572210869396585,1
0.319970748284688,0.3145290688920913,0.3655001828232208,0.0,0.06666666666666671,0.04816017316017329,2.350649350649351,-0.026180361745180236,2
0.4383862173541321,0.292719910954816,0.26889387169105194,0.0,0.2,0.10426441455531232,1.8837104229659754,-0.02594838535376509,1
0.5299711343240648,0.2657448381281127,0.20428402754782235,0.0,0.06666666666666665,0.42596093257719003,2.457466918714556,0.011178655952945094,1
0.3773798013160034,0.312358281494665,0.3102619171893317,0.0,0.0,-0.08488463349552644,2.1678229477319104,-0.006776883040335302,0
0.48057335732234996,0.2898458061350423,0.22958083654260775,0.0,0.0,0.20445709525131928,2.0789364065537352,-0.004364872577302781,0
0.5921989469174833,0.24859688413380981,0.15920416894870698,0.0,0.13333333333333336,0.7653351003407804,2.223116243847028,0.0366364806278805,2
0.3625421774227993,0.3083415196685602,0.3291163029086405,0.0,-0.06666666666666665,-0.7502769714053319,2.447165074957578,-0.014250539677771012,1
0.5180962201928833,0.2657284338525103,0.2161753459546063,0.0,0.0,0.4655475619504401,2.8828137490007997,0.0264481894657409,0
0.44201286837715464,0.2994280721264596,0.25855905949638575,0.0,-0.26666666666666666,-0.04507672057842449,2.028452426029102,0.015797813522175352,0
0.3546687648598258,0.32042488411473924,0.32490635102543486,0.0,0.2,-0.3826983030597195,1.4094498478540893,-0.029952278569725155,0
0.43450714955931763,0.29518898414506023,0.27030386629562203,0.0,0.2666666666666666,0.22920413272682394,2.796290419267252,-0.0036212950066957794,1
0.4192509674421283,0.3008261811841245,0.2799228513737473,0.0,0.19999999999999996,0.8868887547335492,2.123557067852112,-0.025284539438827358,0
0.4638748274275195,0.29452369995398064,0.24160147261849976,0.0,-0.06666666666666665,0.1974278762599928,2.0048661800486616,-0.007983842056765056,2
0.3633844008773869,0.3090578293176447,0.32755776980496853,0.0,0.06666666666666671,0.10827250608272498,2.09529602595296,-0.026174137172585543,2
0.41996635978775787,0.3178512517571729,0.2621823884550692,0.0,-0.1333333333333333,0.3888452474469756,1.6849960722702275,-0.020169561464128016,0
0.29410077206753615,0.29598001022771214,0.40991921770475176,0.0,-0.3333333333333333,-0.5322593382294873,2.547579562504936,0.005983762898290335,0
0.43560301911032595,0.29930142925967557,0.2650955516299983,0.0,-0.3333333333333333,-0.45355240588607004,1.9550419788751465,0.01580716144045835,0
0.46487324137193986,0.2923731077810942,0.24275365084696596,0.0,-0.39999999999999997,0.04392532694419504,2.1523410202655486,0.009147719388746645,0
0.4000785368747337,0.3043220346063549,0.2955994285189115,0.0,0.39999999999999997,1.1528822055137848,2.6963635503853975,-0.03084684248466041,0
0.4387281631930332,0.29294823554977845,0.2683236012571884,0.0,0.13333333333333336,-0.03332830188679248,2.6474264150943396,-0.010463499988310032,2
0.4272074039072556,0.29523568996138366,0.2775569061313607,0.0,-0.06666666666666665,0.04619170820975582,2.19170820975579,-0.01208105296252171,0
0.28488020103336464,0.3095698184562562,0.4055499805103793,0.0,-0.06666666666666665,-0.19055271767204268,1.175457728290191,-0.017032884241104274,1
0.4507746755800236,0.28838379866299646,0.26084152575698,0.0,-0.13333333333333336,-0.03896160117750602,2.7374132382862664,0.00580322305891201,0
0.6033222729806175,0.24386254603416033,0.1528151809852222,0.0,0.06666666666666665,1.0008322332548936,2.5505079492624696,0.03496049183324934,1
0.34456335505867564,0.3196122155544267,0.33582442938689766,0.0,0.06666666666666665,0.013476079958074538,1.1771248890362465,-0.02773272501397872,1
0.34478026690452507,0.3091529726577241,0.34606676043775086,0.0,0.0,-0.21823065301326183,2.178432613215222,-0.013431633812493127,0
0.394072190813903,0.3059244639213194,0.30000334526477773,0.0,-0.13333333333333336,0.09061693272219618,2.499040393777236,-0.012287058852813282,0
0.521983252445831,0.28241039190078393,0.19560635565338508,0.0,0.0,0.32988416988417,2.034903474903475,0.002972091813197908,2
0.5208568398440014,0.268684075884946,0.21045908427105253,0.0,0.5333333333333333,1.193798449612403,2.6434108527131785,-0.009925808085338383,0
0.48575243237661075,0.28459728399979345,0.22965028362359569,0.0,0.06666666666666665,0.40709141782487046,1.9895876335947889,-0.013233334631675087,0
0.28815500580941,0.3071751382060707,0.40466985598451927,0.0,-0.1333333333333333,-0.2965116279069766,1.4476744186046513,-0.014286342172954658,1
0.49369633989134215,0.29095583667577535,0.21534782343288245,0.0,-0.1333333333333333,0.5498046875000002,1.4482421875,-0.009710668610895257,0
0.39939465500324295,0.3061149822886698,0.2944903627080873,0.0,0.1333333333333333,-0.012590392561983021,2.5054881198347108,-0.020536357702020835,1
0.49886385769006036,0.2737129130688827,0.22742322924105696,0.0,-0.4,-0.07134555785123942,3.3312887396694215,0.04370813217875569,1
0.47900988775062964,0.29039974444881916,0.2305903678005512,0.0,-0.2,0.20817057291666663,1.435384114583333,-0.0058946630065201955,1
0.24776885403498675,0.2781835936021558,0.4740475523628573,0.0,-0.5333333333333333,-1.4586416374411266,2.757944954624393,0.010224285132462346,1
0.37982888255120567,0.31630801140782994,0.30386310604096456,0.0,0.26666666666666666,-0.07589855865717932,1.5369458128078821,-0.028008326510127357,1
0.5015633095710278,0.27698272319594075,0.2214539672330314,0.0,-0.19999999999999996,0.4291187739463602,2.268199233716475,0.010774359176169868,0
0.5334424058275875,0.277901133574851,0.18865646059756144,0.0,0.26666666666666666,0.3095785440613028,1.5111111111111113,-0.012873417506076401,0
0.5498732777291369,0.2741256163310446,0.1760011059398184,0.0,-0.2,0.5643972885352194,1.8670792808723844,0.019301162276166295,0
0.35160391769251503,0.308383502560877,0.3400125797466079,0.0,-0.26666666666666666,-0.2909090909090908,1.982863113897597,0.008751666918649759,1
0.4298922789816498,0.2929234456152567,0.2771842754030936,0.0,-0.2666666666666667,-0.003998000999500206,2.7013160086623356,0.008206219063743081,1
0.356157520433075,0.2969875809362063,0.34685489863071856,0.0,0.19999999999999998,0.20550330895158497,3.012887495646117,-0.009837919105841586,2
0.3237369748541438,0.3203994802680187,0.3558635448778375,0.0,-0.39999999999999997,-0.10941475826971991,1.460923300617957,0.008131192837164403,2
0.6030865774015834,0.24440877084169432,0.15250465175672226,0.0,0.0,0.5377977482192553,2.4755546478082158,0.03592372490123419,0
0.3904840273900138,0.30875481235489466,0.3007611602550916,0.0,0.06666666666666665,-0.12940748818611414,1.7608142493638677,-0.01579664844240186,0
0.42649171226133403,0.30786487838732063,0.26564340935134517,0.0,-0.1333333333333333,-0.0797047970479704,1.2487084870848708,0.010216352077972113,1
0.4304496705000646,0.28608347331696604,0.2834668561829694,0.0,-0.06666666666666665,0.562423124231243,2.5427429274292748,0.005788158381499542,1
0.41259563235930957,0.3043738271503104,0.28303054049038007,0.0,0.39999999999999997,0.17793853827866346,2.0681708793372517,-0.03724320489389016,2
0.5402810630304717,0.26325309586753864,0.1964658411019897,0.0,0.06666666666666665,0.5949745211737829,1.9023018801616587,0.008906885297611522,0
0.5988182262819072,0.247511533529855,0.1536702401882378,0.0,0.2,1.117944512778461,2.610359436927703,0.01584062326592539,0
0.40193613748077,0.3004765299613524,0.2975873325578778,0.0,-0.19999999999999998,-0.47583904410472655,2.2618169038833247,0.010303965927760117,2
0.34758285427678537,0.312473475056908,0.33994367066630654,0.0,-0.06666666666666665,-0.3476014760147601,1.5653136531365315,-0.014222201791972866,0
0.5348636372625931,0.2592375289239309,0.20589883381347612,0.0,0.19999999999999996,0.22766687294202148,2.7977049956834974,0.022225791123801075,2
0.5436075878325289,0.2783140644292289,0.17807834773824224,0.0,0.19999999999999996,0.534176770339132,1.3213846424178526,-0.017189990676391376,2
0.3568350188524204,0.30822958439079506,0.3349353967567846,0.0,-0.8,-0.6374175138220082,1.759586231496344,0.02030303782563847,2
0.3287783828213295,0.30905167985204973,0.3621699373266208,0.0,-0.26666666666666666,-0.06456090725753638,1.986197323275975,-0.005659773121120759,0
0.3740779768177029,0.2992623814541623,0.3266596417281349,0.0,-0.06666666666666665,0.241062308478039,2.5903983656792646,-0.005937590845547069,0
0.4549836970935584,0.2927970795176212,0.2522192233888204,0.0,0.0,-0.12734082397003732,2.269662921348315,0.008679334735857469,0
0.39255415671894534,0.29629087624964984,0.3111549670314049,0.0,-0.4,-0.6880165289256197,2.93801652892562,0.021903498385339504,0
0.48665770781339984,0.2750047993856786,0.2383374928009215,0.0,0.20000000000000007,0.3840579710144927,2.4855072463768115,-0.0058489387600418885,0
0.6410172333734587,0.23006806643354336,0.12891470019299794,0.0,0.6666666666666666,0.8223650647893073,1.5850423426181002,-0.01758521543039515,2
0.39961810324612246,0.3069913905731802,0.29339050618069745,0.0,0.4666666666666667,0.17460317460317476,2.1587301587301586,-0.0396136925282361,0
0.4022067450510497,0.3056242042986595,0.2921690506502908,0.0,0.26666666666666666,0.09411695285301236,1.716823036525639,-0.04022244415325271,0
0.3530453606218636,0.3105382269015054,0.3364164124766309,0.0,-0.2,0.09045848822800517,1.7633209417596039,-0.02665179992115474,0
0.4364266127868379,0.2766632991773705,0.2869100880357916,0.0,-0.1333333333333333,0.19572490706319745,3.0061338289962825,0.017700683564659425,0
0.34758285427678537,0.312473475056908,0.33994367066630654,0.0,0.0,0.06174236301923375,1.5099401971876516,-0.018820283510993352,2
0.5230986874153359,0.2779449742087456,0.19895633837591836,0.0,0.13333333333333336,0.341907970807276,1.8736556800238717,-0.006431087048614059,0
0.36095555337561475,0.29924379747591284,0.33980064914847247,0.0,-0.06666666666666665,0.1305860805860808,1.9364468864468865,-0.024057002377249226,0
0.41379169308165803,0.30828851305752675,0.2779197938608151,0.0,-0.6,-0.12221112221112229,1.9756909756909757,0.01705255459315086,0
0.3042462182250757,0.31883336567422316,0.3769204161007011,0.0,-0.39999999999999997,-0.38890477552187586,1.2696597083214183,-0.014302466994999874,0
0.4294684961024655,0.2939894752499527,0.27654202864758165,0.0,-0.2,0.7411287597161205,3.072997634335924,0.0389087671450441,0
0.4530274992468908,0.2911305245943969,0.2558419761587124,0.0,-0.3333333333333333,0.009462656302805295,2.2805001689760056,0.004920891187097043,1
0.46397908512909364,0.275358507495011,0.2606624073758953,0.0,-0.4,-0.4466277217206587,3.044255620463799,0.056299644366304025,1
0.50036338762772,0.27698687529391647,0.22264973707836352,0.0,0.0,0.3077601410934746,2.0008818342151673,0.005124578457571083,0
0.5565860646627313,0.25676760441623236,0.18664633092103633,0.0,0.2,0.7544581618655691,2.3237311385459534,0.029634357514374154,0
0.3852014850042446,0.30841713583396335,0.306381379161792,0.0,0.19999999999999996,0.2102964642647186,1.9034181573864113,-0.035544414272570435,2
0.4628144871440421,0.28711639480232237,0.2500691180536356,0.0,0.1333333333333333,0.22956841138659323,2.8007346189164366,0.008588138576505755,2
0.44136531540815194,0.29102525484725017,0.26760942974459784,0.0,0.06666666666666665,0.6577160493827161,2.5743827160493824,0.009893971079555364,0
0.3723446381810052,0.3000447084371208,0.3276106533818739,0.0,0.1333333333333333,-0.10123456790123464,1.676543209876543,-0.021549382648897997,1
0.5062830595281409,0.27807785956172515,0.21563908091013406,0.0,0.06666666666666665,0.1068376068376069,1.5313390313390314,0.00692454736092496,0
0.4184461608359836,0.3025897319400273,0.2789641072239891,0.0,0.06666666666666665,0.31986531986531974,2.2727272727272725,-0.01677865938593559,0
0.28517349374661266,0.3088589998717466,0.4059675063816407,0.0,0.0,-0.2894042232277526,1.5959653092006034,-0.014966009097380273,0
0.38334553797053106,0.3021811732536434,0.3144732887758255,0.0,-0.4666666666666667,-0.23238925199709504,1.9384790953418403,0.02489241769176742,1
0.5053222454689468,0.27590294708096796,0.21877480745008518,0.0,-0.5333333333333334,-0.12254901960784326,1.8942577030812324,0.03286183567015544,0
0.40047681765892534,0.303629482669512,0.29589369967156265,0.0,0.19999999999999996,-0.1378896882494005,1.9304556354916067,-0.021185409601007787,0
0.4113030862569243,0.2868965972039039,0.3018003165391717,0.0,-0.06666666666666665,-0.5953237410071941,2.732014388489209,0.01199465032278807,0
0.4774707829494022,0.2722421130851854,0.25028710396541237,0.0,0.26666666666666666,0.6003924133420535,2.2485284499672993,-0.003885423384742348,0
0.38377926421404684,0.30351170568561875,0.31270903010033446,0.0,0.3333333333333333,-0.09343174810800703,1.7378305148089321,-0.03140009059151855,2
0.3837288592186014,0.2892909156725904,0.32698022510880825,0.0,0.06666666666666668,-0.2301304863582443,2.7354685646500596,-0.002232408038345568,2
0.46040533477865314,0.2776175451501132,0.26197712007123364,0.0,0.06666666666666665,1.117823129251701,3.0906122448979594,0.024372302295588122,2
0.47210429651040253,0.29063920753921657,0.2372564959503809,0.0,0.0,0.27048210588583255,1.645814847678202,-0.0144426972874378,0
0.48845883960556924,0.27296229272075934,0.23857886767367137,0.0,-0.13333333333333336,0.3583928571428576,2.9298214285714286,0.02028177415604171,2
0.3899028505042682,0.3145656895593757,0.29553145993635616,0.0,-0.33333333333333337,-0.03525046382189234,1.9128014842300556,0.0051376870704941124,1
0.43194764270997454,0.28663192340322385,0.2814204338868016,0.0,0.0,-0.0896570348366188,2.157169862273832,0.002840743950844604,1
0.4462570610294467,0.29373882498140796,0.2600041139891454,0.0,0.13333333333333336,0.06944444444444453,1.4583333333333335,-0.009136105496550861,0
0.5272250367815939,0.2753460132746603,0.1974289499437458,0.0,-0.33333333333333337,0.017592592592592826,1.4170634920634921,0.024911674709541143,0
0.38334553797053106,0.3021811732536434,0.3144732887758255,0.0,0.06666666666666665,-0.08571428571428585,2.1285714285714286,-0.0096794212706649,2
0.44136244735619956,0.28392523290292104,0.2747123197408794,0.0,0.1333333333333333,-0.376409220932189,3.2749453138145723,0.012086904075249982,0
0.5160272872364262,0.27238977038872936,0.21158294237484448,0.0,0.39999999999999997,0.8157496214033318,2.0272589601211513,-0.01609697511741276,1
0.4788747210471346,0.2740463005402481,0.24707897841261728,0.0,0.0,0.10921940250562212,2.71763572116929,0.0073986378214033754,0
0.46518336023994067,0.2853885645643808,0.24942807519567864,0.0,-0.3333333333333333,0.03514872772823319,1.231701161029783,0.006240467669798744,0
0.4132768477769095,0.2905852835931395,0.29613786862995106,0.0,0.39999999999999997,0.08740031897926648,2.5371610845295054,-0.030047194530616994,0
0.3900260920797913,0.31149734870802126,0.2984765592121876,0.0,0.3333333333333333,-0.11228070175438587,1.5017543859649123,-0.011317984604583275,1
0.4806297475195492,0.28630105330639805,0.2330691991740527,0.0,0.26666666666666666,0.5648591174906966,2.1544391281233386,-0.008345917166378225,1
0.31829649433294427,0.2895407362779431,0.39216276938911276,0.0,0.1333333333333333,-0.5277192982456141,2.4088529014844804,-0.013203867501441424,1
0.46858069636633426,0.27861554919079334,0.25280375444287245,0.0,-0.46666666666666673,0.18587791793533426,2.0533565318254317,0.010985300882410065,0
0.45634452282271565,0.2841654543957401,0.25949002278154415,0.0,-0.13333333333333336,-0.2955305564001214,2.221951961082396,0.03061824873002017,1
0.47727059705689384,0.2778142281375949,0.24491517480551125,0.0,-0.39999999999999997,0.27972027972028,2.237762237762238,0.02201986214531959,1
0.5883635758282004,0.24592974862660236,0.16570667554519727,0.0,-0.2666666666666667,0.5365788058095752,2.214900484131254,0.037274398053842916,2
0.36315699948970914,0.3048137438339854,0.3320292566763055,0.0,-0.06666666666666665,-0.2674269193703821,1.3805011243173788,-0.012372536231693265,1
0.4467888056422982,0.27907529001080494,0.2741359043468969,0.0,-0.4,-0.206124852767962,2.7974087161366317,0.03407882448122085,1
0.4917514570779413,0.27175738417465173,0.23649115874740687,0.0,-0.19999999999999996,0.4783908670834468,2.0092416417504757,0.004254678702451331,0
0.40030469276812547,0.28487941325829785,0.3148158939735766,0.0,0.2666666666666667,0.028750401541921322,2.5472213299068427,-0.02199039763699301,0
0.3415138328296885,0.3025790310412876,0.3559071361290241,0.0,0.13333333333333341,-0.15398110661268527,1.9620782726045882,-0.02048310845027801,2
0.43817152724481967,0.2948963929393707,0.2669320798158097,0.0,-0.46666666666666673,0.3010424612255277,1.8469361810322908,0.005902976522449532,1
0.5351084375081556,0.26678758775478245,0.1981039747370619,0.0,0.13333333333333336,0.2706766917293234,1.7142857142857144,-0.0034514714097990673,0
0.5886776505772784,0.25552491426156587,0.15579743516115577,0.0,0.13333333333333336,0.47673531655225054,1.9900839054157136,0.010700243136813281,2
0.5584998161539405,0.2604240715773992,0.18107611226866038,0.0,0.2,0.2669930069930073,2.4991608391608393,0.021322448757262524,0
0.46168139968800664,0.28962621968005386,0.2486923806319396,0.0,0.4666666666666667,0.328671328671329,1.9370629370629373,-0.02434008358042644,0
0.4058456360817991,0.29043328332103746,0.30372108059716335,0.0,0.4,-0.19834710743801653,2.547997457088367,-0.015259441246562144,0
0.4666784412951579,0.2788859153685779,0.2544356433362642,0.0,0.26666666666666666,0.037622377622377634,2.728531468531469,-0.0027996545147032648,0
0.31607627118644066,0.3077033898305085,0.3762203389830508,0.0,0.2666666666666666,0.07832167832167847,1.468931068931069,-0.030315654093437894,1
0.3189228781060705,0.29276516570620353,0.388311956187726,0.0,-0.5333333333333334,-0.5378446115288218,2.5632414369256473,0.015293609814437115,2
0.4644176311253386,0.28318148239349916,0.25240088648116227,0.0,-0.4666666666666667,0.633903599578657,2.7958301550978897,0.043155346984114495,2
0.39235336857665415,0.28699922331070077,0.320647408112645,0.0,-0.1333333333333333,0.48034680060130786,2.8576089869833243,0.004412882331109147,2
0.2982588093715919,0.30018928710215237,0.40155190352625575,0.0,0.2666666666666666,0.07808045612923664,1.639689578713969,-0.030453633217845777,2
0.36824871668059406,0.30728038610433683,0.32447089721506894,0.0,-0.2666666666666667,-0.4310104529616726,1.4505226480836235,-0.012217624585363018,2
0.41803278688524587,0.27868852459016397,0.30327868852459017,0.0,0.06666666666666665,0.3022269353128316,2.114073625208302,-0.013109876727217473,2
0.5346128752690057,0.2727936665595513,0.19259345817144305,0.0,-0.2,0.07482355043330657,1.694139194139194,0.027428387303775392,0
0.5310320215423547,0.2816078902118548,0.1873600882457905,0.0,0.06666666666666665,0.112315094893492,1.4039386861686514,0.009327318340831114,0
0.567339401134415,0.24877984434771133,0.18388075451787364,0.0,0.46666666666666673,0.38479018330556025,3.014694743220724,0.015514300840379192,0
0.42364652805021585,0.2845969007453904,0.2917565712043939,0.0,-0.1333333333333333,0.33449477351916357,2.0918042720799876,-0.011558996221037288,2
0.5716505233626606,0.24456439713415662,0.1837850795031828,0.0,0.19999999999999996,-0.13017676767676756,2.6273989898989902,0.03610804527428135,1
0.36833339641924373,0.2787387864794277,0.35292781710132864,0.0,0.0,-0.27910052910052907,3.8875661375661377,0.021592222657704885,0
0.633855391811925,0.23709094808232306,0.12905366010575203,0.0,0.2666666666666667,0.29398148148148145,1.0810185185185186,0.0024336178195993874,2
0.5363296152789865,0.25702222560461124,0.20664815911640233,0.0,0.5333333333333334,0.1944444444444442,2.3373015873015874,-0.007456888067324918,1
0.4809673956544994,0.2779242735368814,0.24110833080861915,0.0,-0.2666666666666667,-0.16675240054869678,1.685099451303155,0.03532839689013756,1
0.5136458772250965,0.27505888691639785,0.2112952358585056,0.0,0.13333333333333336,0.7234848484848486,1.8598484848484849,0.007483143356393662,2
0.31943972086813033,0.2932396175792616,0.3873206615526081,0.0,0.19999999999999996,-0.18575174825174812,1.9218628593628597,-0.026933020994431622,2
0.35813288026468754,0.29446481266207636,0.3474023070732362,0.0,0.0,-0.060442386831275785,2.012602880658436,-0.012048548946393955,1
0.2999920731936268,0.2952151293529639,0.40479279745340907,0.0,0.1333333333333333,-0.016257896692678964,1.855722779635823,-0.021743728249007277,0
0.4682536049439231,0.2915541313801785,0.24019226367589838,0.0,0.4,-0.193103448275862,2.3172413793103446,-0.008631260596347168,0
0.37545015707608614,0.3154292135979363,0.30912062932597756,0.0,-0.3333333333333333,0.3802644132479217,1.8686111489709694,-0.014813874986516484,1
0.5891796996145496,0.24369212706570378,0.16712817331974658,0.0,-0.19999999999999996,0.13580246913580252,2.065627030539311,0.022892712959939,2
0.46558010857863846,0.28333468381391147,0.25108520760745007,0.0,0.19999999999999996,0.255976876347247,1.9265628061924363,-0.017327526857312536,2
0.41137937488302456,0.2947782144862437,0.2938424106307318,0.0,-0.46666666666666673,0.318092393751926,2.4039441560596364,0.007808420029276397,1
0.40139432239943823,0.3070267830273849,0.2915788945731768,0.0,0.4666666666666666,-0.22420845326465688,1.5331010452961673,-0.021291187342383444,2
0.38176287176544543,0.2881005522950411,0.3301365759395134,0.0,0.13333333333333341,0.2585638998682478,2.8936100131752314,-0.012529072324436563,0
0.45571395185791064,0.28604814208927315,0.25823790605281605,0.0,0.39999999999999997,-0.04763544536271824,1.9668273645546375,-0.011703259435100422,1
0.40400323544573297,0.3013574622705956,0.29463930228367147,0.0,-0.26666666666666666,0.21480759545005612,1.8055873522543677,-0.016285593585709912,2
0.47788267179444477,0.26950359979105315,0.25261372841450214,0.0,-0.13333333333333341,-0.11009751494180509,2.878263604907203,0.0334558598268353,0
0.45389601173298005,0.2823011780290486,0.2638028102379713,0.0,-0.06666666666666665,0.31027964278730225,2.615214132064403,0.005559202182624456,0
0.43378023006308186,0.27793104560928,0.28828872432763825,0.0,-0.2666666666666666,-0.46845169912180196,2.7889938907980145,0.03581920449667697,0
0.3918099918099918,0.3105651105651106,0.29762489762489763,0.0,0.0,0.1703379764604256,1.8548212935968038,-0.030555071297967695,0
0.5113474536827992,0.27372128403020435,0.21493126228699644,0.0,-0.06666666666666665,0.32506077223133023,1.4783198597998757,-0.003534679460669543,2
0.40953513433168587,0.30085590774528387,0.2896089579230302,0.0,0.1333333333333333,0.20738129433781627,1.4586325455890674,-0.033517716661311814,2
0.5054045575107663,0.25976100162564525,0.2348344408635884,0.0,0.7333333333333334,0.4145092460881936,3.5098150782361315,0.006669508905820853,0
0.37965260545905705,0.30397022332506207,0.31637717121588094,0.0,0.0,-0.1298472385428906,2.391891891891892,-0.003165412526325795,2
0.45600000000000007,0.272,0.272,0.0,0.39999999999999997,0.9395448079658608,3.3321479374110954,0.012242879281438301,2
0.4213851961267028,0.2933694403413753,0.2852453635319219,0.0,-0.2,0.27998310810810856,2.813766891891892,0.007782661125023349,0
0.3485732470563276,0.30022276440012724,0.3512039885435451,0.0,-0.13333333333333336,-0.012644223170538815,2.1684842737474317,-0.005712054544746381,0
0.5562226268392304,0.2609246592195266,0.18285271394124306,0.0,0.13333333333333336,0.4279739324968389,2.139869662484194,0.006030121005810796,2
0.3956311598500814,0.2884040230682836,0.31596481708163493,0.0,-0.20000000000000007,-0.1109261744966441,2.8206174496644296,0.016093448738369487,2
0.5400001961675402,0.25586786154495017,0.2041319422875097,0.0,0.0,-0.6407911671069562,3.38278127751812,0.053753376142705034,0
0.4907485604606526,0.2819193857965451,0.22733205374280227,0.0,0.26666666666666666,-0.3010905642484589,1.761498340445709,0.007515740628356415,0
0.41502131846507045,0.2791734995080354,0.30580518202689405,0.0,-0.13333333333333336,-0.5161411411411407,2.580705705705706,0.01660101623104493,0
0.43935009211577286,0.28879398578326504,0.27185592210096204,0.0,0.0,0.18465670639583676,2.031223770354205,-0.016274990296963776,0
0.32313341493268055,0.31334149326805383,0.3635250917992656,0.0,0.1333333333333333,0.2625394272991526,1.3293957573133774,-0.04803764432597002,2
0.4887671638476628,0.2615936933269181,0.24963914282541916,0.0,0.4,0.5477937267410955,3.269750132908027,0.019326409751113716,2
0.4399194468577468,0.2770835919014465,0.28299696124080664,0.0,-0.19999999999999996,-0.03171138905210924,2.1246630664913213,0.010821586818915985,0
0.36938708480316673,0.30299398132547334,0.3276189338713599,0.0,-0.2,0.8302359817511331,2.8766743918259072,0.003990661456324263,0
0.38220944744903745,0.2848984531598654,0.33289209939109715,0.0,0.6000000000000001,0.35966238347190727,2.7028218694885364,-0.03784077574179856,2
0.38312359208007996,0.2971663759082671,0.31971003201165293,0.0,-0.2,0.2083837487564193,2.3056653491436103,-0.009053318666925436,2
0.48345997276197994,0.277917110090719,0.23862291714730113,0.0,0.06666666666666665,0.38372328336368877,1.7567209950341693,-0.013417402461450845,2
0.3991252004399184,0.2911856808240914,0.3096891187359902,0.0,0.13333333333333336,0.41572184429327286,2.5537199006586766,-0.018096934206948745,0
0.5363207562274447,0.2803126611098124,0.18336658266274294,0.0,-0.13333333333333333,0.12035583464154898,1.3762428048142334,0.01884799705540474,1
0.4546268234850745,0.28189626744971186,0.26347690906521365,0.0,-0.26666666666666666,-0.3758089368258857,3.396147919876733,0.03601978297909897,2
0.526872048572071,0.25545311445918595,0.21767483696874296,0.0,0.06666666666666665,-0.2584745762711864,2.961864406779661,0.03369241958881375,0
0.41965952592945155,0.28019563513718665,0.3001448389333618,0.0,0.26666666666666666,-0.00020058168689174316,2.599338080433256,-0.019033623429734192,2
0.36300174520069817,0.29668411867364747,0.3403141361256544,0.0,0.19999999999999996,0.11044003451251083,2.015530629853322,-0.033297118818081006,0
0.3948767682172357,0.282914757716617,0.32220847406614717,0.0,0.4666666666666667,-0.1016393442622947,2.554098360655738,-0.018476521957631997,0
0.353187564846482,0.30656214374463614,0.34025029140888186,0.0,-0.6666666666666667,0.22540983606557363,1.7281420765027324,-0.009081892040823825,0
0.3202148957198247,0.2976356402524011,0.3821494640277743,0.0,-0.3333333333333333,-0.18393442622950817,1.6554098360655738,0.005761912990510876,0
0.4441489361702128,0.2779255319148936,0.2779255319148936,0.0,0.0,0.27839046199701944,2.567511177347243,-0.0030461745125036077,0
0.4057668233558004,0.28857329983999463,0.3056598768042049,0.0,0.19999999999999996,0.5326771993438664,2.805404472071139,-0.004959095322291274,1
0.4010105305285275,0.2773456064433828,0.3216438630280897,0.0,-0.2,0.23840150930451953,2.5538118514707144,0.0029645607326677648,2
0.5769837099316869,0.2538097740409879,0.16920651602732528,0.0,0.2,0.12587941159369742,2.0038955753241465,0.010018289008371872,2
0.36385356031793603,0.28201415769323307,0.35413228198883084,0.0,0.0,-0.15404530744336564,2.8168284789644016,0.004472517789738895,2
0.5706215185904705,0.25552557013804034,0.17385291127148916,0.0,-0.4,0.5518368878436419,2.154549170167575,0.039076234576612356,0
0.4505604633637272,0.2690303056606603,0.28040923097561266,0.0,-0.06666666666666665,0.2739405147172138,3.2845738942826324,0.021849288528875355,2
0.40337100172380774,0.28634361233480177,0.31028538594139055,0.0,-0.6666666666666667,-0.5403123680878007,2.338983803959032,0.028199696981875688,0
0.5128729126761734,0.27710446923697724,0.2100226180868493,0.0,0.2,0.05760517799352727,1.5799352750809064,0.006127603406648752,0
0.6175130609157593,0.22577354043166986,0.15671339865257083,0.0,-0.06666666666666665,-0.002501626056937045,2.6992545154350327,0.03825028825802124,0
0.3312205393954484,0.28712616418181286,0.3816532964227388,0.0,0.13333333333333336,-0.26888906360562936,2.655869172104725,-0.015705644486140424,2
0.3354149296397761,0.301655634773435,0.362929435586789,0.0,-0.06666666666666671,0.35747773089545265,1.9116268166901078,-0.029236818534429443,0
0.5066350376964089,0.258097094675529,0.23526786762806207,0.0,0.4666666666666666,-0.03284758719541325,2.8840181557572864,-0.0023810293222517043,1
0.39157099051558153,0.28731369892319764,0.32111531056122083,0.0,-0.1333333333333333,-0.10211123786988896,2.503485866396248,0.004162643021886514,0
0.581193360962938,0.25064942790854466,0.16815721112851734,0.0,0.26666666666666666,1.4551907719609587,2.969535640343094,0.021716945039120472,0
0.3950689511073966,0.28478896782281654,0.3201420810697869,0.0,0.2666666666666666,0.2675384112455055,2.6840143837855512,-0.02103371459627118,0
0.3536340009953253,0.2886358512796736,0.35773014772500095,0.0,-0.4,-0.4868444120780572,2.1779881592965706,0.007189477756127771,2
0.4499310650840689,0.2742183414417698,0.2758505934741613,0.0,-0.3333333333333333,0.04222153754864033,2.5184576586445746,0.013397429271850392,2
0.35158676569885217,0.2829844699527347,0.36542876434841326,0.0,-0.19999999999999996,0.2381003300612361,3.2435823406545623,0.004700331364688837,0
0.6045490822027134,0.24181963288108535,0.1536312849162011,0.0,0.13333333333333336,0.4683760683760687,2.428490028490029,0.02505635208195689,0
0.45952703650044396,0.2714165537224844,0.26905640977707157,0.0,-0.2,0.9409498327759196,2.995799331103679,0.029261543164858628,1
0.44909690926510776,0.27667577445796815,0.2742273162769242,0.0,0.0,-0.10846153846153839,3.23923076923077,0.009550331539654733,2
0.3794279163663796,0.29324870507811673,0.3273233785555036,0.0,-0.5333333333333334,-1.3732793522267208,2.5133603238866398,0.019364298344559938,0
0.4252216861185369,0.27184260285583883,0.3029357110256244,0.0,-0.20000000000000007,0.13626373626373645,2.764835164835165,0.00705022327792959,2
0.4163958537898054,0.28309840059489816,0.30050574561529647,0.0,0.33333333333333337,-0.17158838943761334,2.5496371699254183,-0.008711760054514517,2
0.48187726277875764,0.27273405195395956,0.24538868526728289,0.0,0.1333333333333333,-0.08408826945412295,2.4757259001161445,0.012825446649947392,0
0.39200505542977426,0.28763219237416876,0.320362752196057,0.0,0.1333333333333333,0.49920419839119057,2.959736740224545,-0.002576299308771013,2
0.39916088322844373,0.28013399335008254,0.3207051234214738,0.0,-0.33333333333333337,0.2484210526315791,2.328916408668731,0.00248706852600894,2
0.49571840847802434,0.27425840942423246,0.23002318209774333,0.0,0.0,0.526123492875411,1.9106590004422823,-0.0030768992250908567,0
0.3860332683950247,0.276886957390479,0.3370797742144963,0.0,-0.4,-0.7551090611683269,3.726683655918508,0.03861223625407345,0
0.5680547543033535,0.23826337520652172,0.19368187049012472,0.0,0.13333333333333341,0.0746110801299924,3.174432244293598,0.032331888422275856,0
0.393598011357692,0.28937423887979846,0.3170277497625095,0.0,0.3333333333333333,0.31962497336458573,2.5758012559381314,-0.02357429970628433,2
0.41152127948399414,0.2835481986688496,0.3049305218471563,0.0,-0.9333333333333333,-0.6792506792506793,2.4724724724724725,0.03578576443222575,0
0.4785850528871164,0.2691173920582625,0.2522975550546211,0.0,0.0,0.5576144706579488,2.3855293420510812,0.008983440639492968,2
0.4278128313784123,0.2847711178193726,0.2874160508022151,0.0,0.06666666666666665,0.08721765243504387,2.7507507507507505,-0.007423246792020388,0
0.5546577828605525,0.25321333565373044,0.19212888148571716,0.0,0.2666666666666667,0.6574996048680259,2.870238659712344,0.03551782696696448,0
0.5894353784045032,0.2228009325069654,0.1877636890885313,0.0,0.20000000000000007,0.4386699624794863,4.328273852083376,0.06961324685021641,0
0.32816314204464425,0.28487781962771264,0.386959038327643,0.0,-0.6000000000000001,-0.41263991263991273,2.4156429156429153,0.022818713324024742,2
0.3710532536386047,0.28281497990747306,0.34613176645392224,0.0,0.13333333333333336,-1.077777777777778,3.0663663663663665,-0.007783256350508139,2
0.5296289854296838,0.2560843446033636,0.21428666996695256,0.0,0.0,0.40516707183373857,2.5161215637406116,0.015197135592761923,1
0.4338533012856705,0.28134729234888933,0.28479940636544016,0.0,0.13333333333333336,0.22878647878647862,2.411738661738662,-0.009180245661432329,0
0.6313069160718682,0.22914102879645587,0.13955205513167612,0.0,0.4,0.3467846914865923,2.2192137464202033,0.013779621917077378,2
0.4947708800652547,0.2642526291257611,0.2409764908089842,0.0,0.1333333333333333,0.20530367835757057,3.370402053036784,0.031132278926555235,1
0.38111236777326857,0.2719047302242033,0.34698290200252807,0.0,-0.5333333333333334,0.1473975126669742,4.108705665591893,0.051276065181448005,0
0.5287423646556775,0.2621370596602795,0.2091205756840432,0.0,0.1333333333333333,0.742216988253767,2.964640516955039,0.04425346802120411,1
0.431173145878492,0.27265360695257584,0.2961732471689322,0.0,0.0,0.32565818830879123,3.0887103971441325,0.0037439421250319294,1
0.5171747160562019,0.2622294334932854,0.22059585045051264,0.0,0.19999999999999996,-0.5602647745130722,2.875613124434497,0.03132817953589906,2
0.3309833931001935,0.2924727467331898,0.37654386016661684,0.0,-0.4666666666666666,-0.6534072799133039,2.0558424172882006,-0.006341224138444457,2
0.36095498506253476,0.2928502708997924,0.3461947440376728,0.0,-0.19999999999999996,-0.06888423258250387,2.586956521739131,0.006264542425185371,0
0.3355878476592463,0.2969898843501956,0.36742226799055827,0.0,-0.06666666666666665,0.6532974001268234,2.279803424223209,-0.010695657411402937,0
0.5912567358592399,0.23620180033053603,0.17254146381022428,0.0,0.1333333333333333,0.893405600722674,2.3161698283649503,0.02078981450416728,1
0.4429123995430587,0.2722608573661743,0.28482674309076694,0.0,0.1333333333333333,-0.06850346281240571,3.222243730373812,0.004665515537974951,1
0.3368082934238594,0.27260729907620285,0.3905844074999377,0.0,0.0,-0.2777356966116249,3.7216583345957686,0.012375771365198962,0
0.5529455430751664,0.2531194856583869,0.19393497126644668,0.0,0.19999999999999996,0.5720092915214868,2.4622531939605112,0.020594954904359586,0
0.3598961943566248,0.28570220967387444,0.3544015959695007,0.0,0.39999999999999997,0.16121951219512232,2.8490243902439025,-0.024277871917368188,0
0.6276161793298006,0.2299187983683428,0.1424650223018566,0.0,0.4,0.6612612096381403,2.572271724493597,0.03353810966358639,2
0.3900706843991826,0.28303909416769957,0.3268902214331178,0.0,-0.5333333333333334,-0.7634730538922154,2.7395209580838324,0.016334417671220736,1
0.4791732100925801,0.27999880348783296,0.2408279864195869,0.0,-0.2,0.04831246597713679,1.9427054980947196,0.020114774998502283,1
0.6162372043769855,0.22919166960818918,0.15457112601482526,0.0,0.0,0.31914893617021334,2.8353376503237744,0.034401960097875994,0
0.5215894642174143,0.25576563259145935,0.22264490319112645,0.0,-0.2,0.887087695598334,3.4718000675447485,0.05360932559920173,0
0.4811340945529368,0.25580958746202975,0.2630563179850334,0.0,-0.4666666666666667,0.3465045592705174,4.6018237082066875,0.07999025128898268,0
0.41275513144569687,0.2797286282388006,0.3075162403155027,0.0,-0.3333333333333333,-0.1801193290554992,1.9963225636984503,0.00815871236173521,1
0.2884984339898004,0.293048882475444,0.4184526835347555,0.0,-0.06666666666666665,-0.8136013927752657,2.3304853454071166,-0.024227658547714748,2
0.5223602738605058,0.26339979815062325,0.214239927988871,0.0,-0.13333333333333341,0.48273266753509914,2.5461282385294544,0.024517641712553218,0
0.3950459931073229,0.2975506678853233,0.30740333900735395,0.0,0.06666666666666671,0.41593345064789666,2.3292273236282197,-0.021328108424231995,2
0.550869335225419,0.2489222397141599,0.20020842506042108,0.0,-0.06666666666666671,0.6808282208588958,3.331134969325154,0.06315826816775005,1
0.363455143901113,0.28806351962441157,0.34848133647447543,0.0,0.19999999999999996,0.04565078184710103,2.503769804383302,-0.02447182646696877,2
0.30913734860344405,0.2768394166598006,0.4140232347367554,0.0,-0.13333333333333336,-0.5962224847260857,3.3514969071117378,0.015955515854710833,2
0.6003485757620106,0.2392134427843487,0.16043798145364077,0.0,0.06666666666666665,0.4182933630786392,2.0356943669827103,0.013894866717122034,1
0.5868497744420934,0.23653638867819077,0.17661383687971574,0.0,0.06666666666666665,0.6578947368421053,2.7734778121775023,0.046661287211811286,0
0.444115787841561,0.26672471166346623,0.2891595004949727,0.0,-0.2666666666666666,-1.1676249447147282,4.281291463954004,0.033836904906037635,2
0.4411127167630058,0.2781791907514451,0.2807080924855492,0.0,0.06666666666666665,0.2677817538498656,2.2620722930320456,-0.00648140092031757,2
0.3595829505322691,0.27943494348591996,0.360982105981811,0.0,0.06666666666666671,-0.46797666434995056,3.424106484699143,0.0032533249830256628,1
0.5255703451006671,0.26057689378940635,0.21385276110992663,0.0,0.2666666666666666,0.2295331087900745,2.425067192869051,0.006538624797858161,0
0.45953807803440105,0.280443177531568,0.2600187444340309,0.0,0.1333333333333333,0.2186839648139961,2.2138680033416875,-0.010018798932171002,1
0.4376635224801964,0.2820202637258409,0.28031621379396265,0.0,0.0,0.5793732193732193,2.038062678062678,-0.008900068378508208,2
0.5665869787758846,0.24261165670821166,0.19080136451590365,0.0,0.1333333333333333,0.23564969651926226,3.3353647962343613,0.03786620550558917,2
0.3324540600864901,0.28895539801909886,0.3785905418944111,0.0,-0.33333333333333326,-0.503096903096903,2.533866133866134,0.010356692832971914,0
0.5771102154766775,0.24058558854910086,0.18230419597422176,0.0,0.33333333333333337,1.5714285714285714,3.99647266313933,0.05434521886310384,0
0.44671046180998136,0.2786939896068241,0.2745955485831944,0.0,0.13333333333333336,0.4369855967078189,3.009002057613169,0.005795714557927545,0
0.2767345102889913,0.2887664455189475,0.43449904419206115,0.0,-0.4666666666666667,-1.115360529611737,2.3602164966899264,-0.011102296029829262,1
0.5772581680288595,0.24015133088539117,0.1825905010857493,0.0,0.39999999999999997,1.2106324011085916,3.159066095574032,0.024055883637323916,2
0.4043619996359485,0.28354652413496384,0.3120914762290877,0.0,0.1333333333333333,0.3486184597295712,3.602586713697825,0.007890514653181191,0
0.41655782340778347,0.2748295698814666,0.30861260671074986,0.0,0.1333333333333333,-0.11786731786731774,3.7090218423551757,0.009669249841488148,0
0.375629320986354,0.28200742335449674,0.3423632556591492,0.0,-0.6,-1.622605965463108,3.7777080062794353,0.0070521569715615295,2
0.5555447186189407,0.26216717058421923,0.18228811079683993,0.0,-0.06666666666666665,-0.23216783216783177,2.509090909090909,0.034091638882129516,1
0.46022819822684863,0.2671439541431707,0.27262784762998066,0.0,-0.26666666666666666,0.3205397385291566,3.282382912012542,0.02712896553534444,0
0.5269834444205548,0.2696194366802838,0.20339711889916148,0.0,0.1333333333333333,0.5347533125310904,2.0768326323881876,0.003965995002996325,0
0.43648760777805834,0.28431761607561595,0.2791947761463256,0.0,-0.1333333333333333,0.08314436885865462,2.5774754346182918,-0.0023702614007145573,0
0.349564618152892,0.28858138258727845,0.3618539992598296,0.0,0.2666666666666666,0.35976279937632616,2.690872376862715,-0.02850841966326434,2
0.37588838278417686,0.2901388454615365,0.33397277175428663,0.0,0.0,-0.03729423868312742,2.6354595336076816,-0.01674552039327376,1
0.4061845794296049,0.28272422094036326,0.31109119963003184,0.0,-0.06666666666666665,-0.5576556776556775,2.15003663003663,-0.0030681992335426234,2
0.2611497920706447,0.288810517710526,0.4500396902188294,0.0,-0.06666666666666665,-0.6757069017938584,2.5593189419276383,-0.01033082221796039,2
0.531970940084898,0.24370396469857894,0.22432509521652322,0.0,0.1333333333333333,0.48568507157464236,4.575664621676892,0.07352963091148867,0
0.42576925895467094,0.2795713808798743,0.2946593601654548,0.0,-0.26666666666666666,-0.20290547897909872,2.5166653387512286,0.015577738902047944,2
0.43371627726862005,0.27623596230799013,0.29004776042338964,0.0,0.0,0.7472327717726492,3.551790177557049,0.045687836814972516,0
0.37741023514076283,0.2956780823077314,0.3269116825515059,0.0,0.13333333333333336,-0.536530953708868,2.5569808514593797,-0.003590731475508091,1
0.3446453818396674,0.30423093966954357,0.35112367849078896,0.0,-0.06666666666666665,-0.17887205387205363,2.3650860456416014,-0.008990345534095612,2
0.5651987347669373,0.24328764436162129,0.19151362087144155,0.0,0.2666666666666666,0.8093395252837978,2.9765221878224977,0.0432769213907358,2
0.4081484655700959,0.2837129577743349,0.3081385766555691,0.0,0.06666666666666665,0.125,2.625,-0.012293289221041614,1
0.5052634581918809,0.2611474053576014,0.23358913645051776,0.0,-0.2,-0.18953804347826075,2.5957880434782608,0.03436527545830004,0
0.5001512990100722,0.26131500453897033,0.23853369645095754,0.0,-0.20000000000000007,-0.313405797101449,3.5815217391304346,0.05342466011278402,1
0.44732536732095196,0.26813739597336606,0.284537236705682,0.0,0.19999999999999996,0.11159874608150488,3.5297805642633233,0.015340882794757482,0
0.45685139989579626,0.27038144075465487,0.2727671593495489,0.0,0.26666666666666666,0.5168139070960389,3.078797378170419,0.009871595154474833,2
0.44451496711439753,0.2669644486405433,0.2885205842450592,0.0,-0.06666666666666665,0.2812075718479661,3.1217168162980973,0.01619499672886221,0
0.5568917094666936,0.25135382562415626,0.19175446490915019,0.0,0.19999999999999996,1.0758050726702764,2.2157309774864635,0.012371862236503661,1
0.6001547787953051,0.23490906745775833,0.1649361537469367,0.0,-0.2,1.135971786833856,3.1226489028213167,0.06474122413317274,0
0.3928662708604805,0.2818128873041744,0.3253208418353452,0.0,0.0,0.005626557350695283,2.3285909492806045,-0.01985360895003485,2
0.5795600046560354,0.2421138400651845,0.17832615527878012,0.0,-0.2666666666666667,0.697548422050657,2.431261005011513,0.05220534838231905,0
0.5424228429937213,0.24867106206950768,0.20890609493677106,0.0,0.06666666666666665,0.4178195726346883,4.120018317499017,0.060935575527916286,0
0.3472271237175208,0.29062583709272116,0.362147039189758,0.0,-0.06666666666666665,-0.08213193534294438,2.5041502839667977,-0.003908098140128324,1
0.3421896780477974,0.28550795223619907,0.3723023697160036,0.0,0.20000000000000007,-0.5101867982965543,2.354698993418506,-0.014374114400895088,2
0.39304648418673455,0.2696481693839225,0.33730534642934307,0.0,-0.06666666666666665,-0.5640559511185173,4.207948290663031,0.03032459426215245,0
0.6023551401869159,0.23603738317757011,0.161607476635514,0.0,-0.06666666666666665,1.0331767913952434,3.2828359339494018,0.0616372309222738,0
0.5272407018494683,0.25992818914707677,0.21283110900345503,0.0,-0.06666666666666665,0.33985952104419015,2.6655052264808368,0.01740521336817391,0
0.49739740863763304,0.2634938113746102,0.2391087799877568,0.0,-0.19999999999999996,-0.11097210638495025,3.2761097210638495,0.030418194881484117,2
0.5637881295386925,0.2541667797100663,0.1820450907512412,0.0,0.06666666666666665,0.34461588360670936,2.2420303957001204,0.016380549334513272,1
0.36707285477040963,0.297658436720877,0.3352687085087135,0.0,0.0,-0.13410502540937297,2.049218897044984,-0.014579711538909412,2
0.5954631379962192,0.2457466918714556,0.15879017013232513,0.0,0.2666666666666666,0.141529235382309,2.060569715142429,0.004953355197691689,0
0.4694211106465468,0.2859857843323577,0.2445931050210954,0.0,0.26666666666666666,0.790890269151139,2.579710144927536,0.009487667739616734,2
0.4273697102523608,0.2740194024559255,0.29861088729171364,0.0,-0.26666666666666666,-0.6714328353966204,3.973449692283639,0.05504303545008232,1
0.5511054815627038,0.2524033235341381,0.19649119490315806,0.0,0.13333333333333336,0.32250358337314866,2.743271221532091,0.015190940226431193,1
0.4578693385530728,0.28955599914727026,0.25257466229965697,0.0,-0.13333333333333336,0.12366835680087629,2.597035492818402,0.005729862413035192,1
0.3351094617139356,0.2994365190153553,0.3654540192707092,0.0,-0.1333333333333333,-0.21159721281622934,2.0899865055357405,-0.011089748821642209,0
0.5345064459694981,0.261983441123078,0.2035101129074238,0.0,0.26666666666666666,1.0328368107367556,2.530258209202684,0.01517433159935666,0
0.4998536252154962,0.2561233451517419,0.24402302963276196,0.0,-0.1333333333333333,-0.35284472864403993,3.469421216592884,0.04454584271677592,0
0.3784630572369165,0.28298453519842387,0.3385524075646598,0.0,-0.06666666666666665,-0.3132571824160606,3.6203827325322653,0.021607885798038684,2
0.5039615599063857,0.26411583167898406,0.2319226084146303,0.0,-0.3333333333333333,0.08224299065420593,2.588696039163329,0.022101370258632902,0
0.4543714103382259,0.2839821314613912,0.2616464582003829,0.0,0.06666666666666671,-0.12903041838647789,2.4344689435901827,0.01036049992588417,1
0.3196485949214631,0.286208434221987,0.39414297085654987,0.0,-0.26666666666666666,-0.8352469959946593,2.9030707610146864,-0.004017501844172711,2
0.6104816600667177,0.24515405246773703,0.1443642874655453,0.0,0.0,0.5368214582839932,2.2687386517522605,0.03129743963729714,0
0.4720586614158262,0.2703359194735982,0.25760541911057555,0.0,-0.13333333333333336,0.27966581704899474,3.6663362597942033,0.032594962189092636,0
0.36095498506253476,0.2928502708997924,0.3461947440376728,0.0,0.0,-0.34778014610774066,2.2756007360040806,0.0037232319646519074,2
0.4459901768095506,0.27741650878927404,0.27659331440117524,0.0,-0.1333333333333333,0.3658133550047409,2.7713395638629286,0.00625213052578516,0
0.342293394338004,0.28824706891621393,0.3694595367457821,0.0,-0.19999999999999996,0.018113820376486567,2.750802239242967,-0.006420100797058237,2
0.5893876838666398,0.2503313280938954,0.1602809880394649,0.0,0.0,0.9118379545077203,2.2586750788643535,0.02555206997331605,0
0.4165248381103924,0.27893405074659916,0.30454111114300825,0.0,0.0,-0.3121368088992196,2.380107025632512,0.017921047870751328,2
0.5078600432702043,0.25744705794583767,0.23469289878395805,0.0,0.0,0.7017967357015504,3.850884652311069,0.06824872975859408,2
0.5150043503430013,0.2603792944471598,0.22461635520983905,0.0,0.2,0.7508137432188067,2.5591320072332735,0.027233752476064632,2
0.28009459089030814,0.30290359666313454,0.4170018124465574,0.0,-0.26666666666666666,-0.4889716777443799,2.0257398077981454,-0.006615258911145894,1
0.36154084618291926,0.29685622194571964,0.34160293187136115,0.0,-0.06666666666666665,0.5413161412060699,2.9786146709646983,0.00388875064805716,1
0.3831845112502743,0.28798339044275273,0.328832098306973,0.0,0.0,-0.31167627378848906,3.077368710714596,0.004587657796854883,1
0.4345739789669808,0.28615025076595046,0.2792757702670688,0.0,0.4,0.6630500301386377,3.245455410678595,0.013934766928634768,0
0.5983768131703803,0.23600103318424667,0.1656221536453731,0.0,0.39999999999999997,1.2620157989911485,3.260683353954506,0.033779892671218614,0
0.5710462898623576,0.2482147873268381,0.18073892281080445,0.0,0.3333333333333333,0.3151371308016877,2.556698312236287,0.01361743690256656,0
0.40901809994081206,0.2865651502671739,0.3044167497920143,0.0,-0.13333333333333336,0.332566168009206,2.6800920598388953,-0.0063437584921048895,1
0.5258282575427431,0.26070476634472134,0.2134669761125356,0.0,0.13333333333333336,-0.3009205983889527,2.731300345224396,0.02102501502509957,0
0.555584707646177,0.2535044977511244,0.1909107946026986,0.0,0.0,0.3716409376786738,2.353725938631599,0.013921903625761178,1
0.2775794423673885,0.2878919913098303,0.43452856632278114,0.0,-0.4,-1.271488469601677,2.470649895178197,-0.019191046085937746,2
0.3689340101522842,0.2942131979695431,0.33685279187817263,0.0,-0.2,-1.0909530720851475,2.7406869859700045,-0.004406470649465144,1
0.617081819053025,0.23709759459798158,0.14582058634899336,0.0,-0.33333333333333337,0.7050182521880635,2.879887408189295,0.07110101344164055,0
0.4583050110117187,0.27124174121101713,0.2704532477772642,0.0,-0.33333333333333337,-0.16823899371069162,3.9040880503144657,0.04146824947207922,0
0.50085645769099,0.27081192189105857,0.22833162041795133,0.0,0.06666666666666665,0.3853500996358141,2.7711124853982,0.011743665155021898,0
0.20471922050150962,0.27018176194094584,0.5250990175575444,0.0,-0.2,-0.4805357462362291,2.369961403777829,0.006329009530683133,2
0.5162014713101484,0.25881967920843096,0.2249788494814206,0.0,-0.13333333333333341,0.5714285714285716,2.6612244897959187,0.032537161684875415,0
0.383943351112746,0.27818649990803757,0.33787014897921647,0.0,-0.19999999999999996,0.8105457482404526,3.5427483558324684,0.03971641231009965,1
0.393598011357692,0.28937423887979846,0.3170277497625095,0.0,-0.1333333333333333,-0.29023883696780906,2.9288681204569054,0.009253354575557815,1
0.3101458727908989,0.2972644148155581,0.3925897123935429,0.0,0.06666666666666665,0.5193010971149941,2.0552620885818778,-0.029975851560954447,0
0.6895360368526002,0.19721899359131578,0.11324496955608399,0.0,0.6,1.6579142560450977,2.9307224447411366,0.030968000548473373,0
0.49153721307674475,0.25805703686529097,0.2504057500579642,0.0,0.46666666666666673,0.3541489662984991,3.6053525913339,0.013592940241817841,2
0.269614457735973,0.28532818380033953,0.44505735846368755,0.0,-0.4666666666666666,-0.9870648787755653,2.787371890378798,0.005946996578135577,1
0.5169657928278618,0.2666299218023356,0.21640428536980258,0.0,0.13333333333333336,1.161993769470405,2.77196261682243,0.00804937208728973,1
0.397796969797434,0.28122202698670556,0.32098100321586054,0.0,-0.20000000000000007,-0.29386624847238996,2.718262798369608,0.006642422701019557,2
0.48675434354917896,0.2742480224716613,0.23899763397915982,0.0,0.0,0.0756564307966181,2.5678682688028482,0.0025499285175566433,0
0.6444577038156502,0.22355590204131406,0.1319863941430357,0.0,0.2666666666666666,1.2402329531667071,2.6355253579228344,0.026624062720843278,2
0.2835481986688496,0.3049305218471563,0.41152127948399414,0.0,-0.3333333333333333,-1.7215481679204074,2.6317641349187086,-0.006666611168427372,2
0.4061845794296049,0.28272422094036326,0.31109119963003184,0.0,-0.3333333333333333,0.16906332363745635,3.4902426700533957,0.03178196624808177,2
0.566300721780797,0.24569660944986965,0.18800266876933344,0.0,0.19999999999999996,0.11566858080393749,2.6997538966365875,0.018483229183129057,0
0.2860649199239124,0.29514634595324296,0.41878873412284473,0.0,-0.2666666666666666,-0.7060168015515884,2.4586966435356885,-0.0084930696340354,1
0.47306797829399344,0.26720842577989257,0.25972359592611405,0.0,0.0,-0.11028037383177525,2.9613707165109036,0.028968477936945625,1
0.5053430132963537,0.2695162737580553,0.225140712945591,0.0,0.1333333333333333,1.0697819314641746,2.7545171339563863,0.023321314359683765,1
0.5611125580719214,0.255891990769063,0.1829954511590156,0.0,0.4666666666666667,1.196191206543967,2.1471114519427403,-0.012079950961735308,0
0.4405949870230317,0.2851703750363794,0.274234637940589,0.0,0.06666666666666665,0.2442858534006651,2.9876326808842153,0.003168068642414368,1
0.35209133158213785,0.28339058395635486,0.36451808446150746,0.0,-0.06666666666666665,0.5561236082708478,2.5056805271529203,-0.009111286288144005,1
0.4490751875845264,0.2726057590322491,0.27831905338322444,0.0,0.3333333333333333,-0.15772448410485218,3.411712214166202,-0.003116201507519345,0
0.6407513649402427,0.22016338368799807,0.13908525137175928,0.0,0.6000000000000001,0.87509627386928,3.0980267176586196,0.02888418320860242,0
0.3414850556452226,0.28845942588664764,0.37005551846812973,0.0,-0.7333333333333334,-0.9279141104294477,3.2223926380368098,0.019034492987700324,0
0.4184526835347555,0.2884984339898004,0.293048882475444,0.0,-0.2,-0.9882307465389035,2.7225935080919976,0.010854468063245526,1
0.4157590337622962,0.2792598329186508,0.30498113331905286,0.0,-0.2666666666666667,-0.642456378321721,3.177480458447226,0.031129953530186827,0
0.5183356132361344,0.262838738723139,0.21882564804072654,0.0,-0.19999999999999996,0.16147416413373894,1.9978470111448836,0.007841709243284978,1
0.5675882324384679,0.23685615806592555,0.1955556094956066,0.0,0.4666666666666667,0.4198682248107384,3.7224288420270977,0.03792380951472174,2
0.4277385898798595,0.2808644957644861,0.2913969143556543,0.0,0.06666666666666665,0.04848024316109467,2.957294832826748,-0.004129771436314822,1
0.3867638129933212,0.2975106253794778,0.31572556162720095,0.0,-0.3333333333333333,-0.48024316109422494,1.9513677811550152,0.003954782938674628,0
0.3693067843493317,0.2808969783990371,0.3497962372516311,0.0,-0.39999999999999997,-0.055805471124619865,3.455440729483283,0.01978206033174007,2
0.4281741302003519,0.28327373857767185,0.28855213122197626,0.0,-0.2,0.25995078882616895,2.5931393834129395,0.01111763530569626,1
0.4220224719101124,0.2813483146067416,0.2966292134831461,0.0,0.06666666666666665,-0.3211523072819422,3.3491597759402514,0.016568755128691215,1
0.6192624706979558,0.2238298086860081,0.1569077206160361,0.0,-0.06666666666666665,0.5342535787321065,3.0649284253578735,0.055725744400972,0
0.4132116839364384,0.2989473597610889,0.2878409563024726,0.0,0.3333333333333333,0.48213617658062113,2.203049008604564,-0.029315638580788284,1
0.4868471553836616,0.27349354905376283,0.2396592955625757,0.0,0.1333333333333333,0.11047979797979846,3.2202815188926297,0.01834004430231778,0
0.34356725769783625,0.29827382501098326,0.35815891729118066,0.0,0.0,-0.2927689594356261,2.0,-0.0024432686044496,2
0.34896215312718526,0.29943204107042354,0.35160580580239126,0.0,-0.06666666666666665,-0.5212620027434842,2.770919067215363,0.007085840085854611,0
0.3798382511435288,0.29610394018856556,0.32405780866790573,0.0,0.1333333333333333,0.17469135802469116,2.5820987654320984,-0.017599243335585768,2
0.6850175898840329,0.19779701109178024,0.11718539902418677,0.0,0.4666666666666666,1.7677276671985664,3.156266621875087,0.04692232946613739,1
0.4485794680947627,0.288372515203776,0.2630480167014614,0.0,-0.06666666666666665,0.09570094475754864,2.0396689264613794,-0.008617682955376182,0
0.5965098683151421,0.2436008886313146,0.15988924305354327,0.0,0.06666666666666665,0.35914570230608,2.41103249475891,0.01980926346473255,1
0.6249117459451826,0.22490785059379761,0.15018040346101968,0.0,-0.13333333333333333,1.1962145110410098,2.9123028391167196,0.04462904625513031,0
0.42218772976064045,0.2875582060289192,0.2902540642104403,0.0,0.0,0.5798407691152174,2.7910470181763563,0.009515176341501563,2
0.6467468459539817,0.21214475129242227,0.141108402753596,0.0,0.13333333333333336,0.44849814840214,3.0818817720477307,0.045454267863199616,0
0.5826801024228674,0.24994320747361604,0.16737669010351666,0.0,0.0,0.4996920090344019,2.2599070427267467,0.02422727602538799,1
0.29179072735006384,0.27052318162484046,0.4376860910250957,0.0,-0.2666666666666667,-0.22881982702670056,3.097821985419529,0.010336361579303621,2
0.31979165783022145,0.30012809310926936,0.3800802490605091,0.0,-0.1333333333333333,-0.17352320675105504,2.8539029535864975,0.004260106077056791,2
0.4039446306425288,0.2894307322360798,0.3066246371213915,0.0,-0.33333333333333337,-0.30371311128408895,2.7552678656779603,0.013843864194749533,1
0.3999481878274822,0.2917860992955216,0.3082657128769962,0.0,0.3333333333333333,-0.23854589154273675,2.816283611236293,-0.008694994830178382,1
0.5299894535873063,0.24865456937742256,0.22135597703527113,0.0,-0.1333333333333333,0.507474969140036,3.616330635943858,0.05862739875334411,0
0.25617081182543405,0.2924213984045049,0.45140778977006096,0.0,0.06666666666666671,-0.4720843672456576,1.8232009925558312,-0.019722517149556473,1
0.23140678528014144,0.2672118466128854,0.5013813681069731,0.0,-0.26666666666666666,-1.0270353302611368,2.2909370199692782,-0.010347449417612842,0
0.3268151703623581,0.2927934018388318,0.3803914277988102,0.0,-0.3333333333333333,-0.6312903225806453,2.5687096774193554,0.0027973775405112367,2
0.5374103905903969,0.25825554881149626,0.20433406059810694,0.0,0.46666666666666673,0.7589861751152076,3.063133640552996,0.035897144245061297,2
0.5626683495205406,0.24431652018655048,0.19301513029290893,0.0,0.06666666666666665,1.1458944281524928,3.2573313782991202,0.05321947520066628,0
0.4326844899325649,0.2858099383040796,0.28150557176335556,0.0,0.13333333333333336,0.6335639668973003,2.6794193460860134,0.006518183922213927,0
0.46220683726927414,0.2685074401477575,0.2692857225829684,0.0,-0.4,-0.35277706949048304,3.2169908955917865,0.03991775136957931,0
0.4425562736795186,0.2824827278805438,0.2749609984399376,0.0,-0.26666666666666666,0.1595015576323986,2.581931464174455,0.00999432127725458,1
0.535063306024852,0.26600290070949784,0.19893379326565014,0.0,0.26666666666666666,-0.11261682242990623,2.0556074766355144,0.010590494651807059,2
0.44302402468591584,0.28058188230108,0.27639409301300416,0.0,-0.13333333333333336,0.39137529588565756,2.401140328812007,-0.003401468882523462,1
0.4006290250112326,0.28955119564674753,0.3098197793420198,0.0,0.1333333333333333,-0.1680379746835443,3.1547468354430377,0.008775710155926097,1
0.4338738144727797,0.26757635820511483,0.2985498273221056,0.0,-0.1333333333333333,-0.3425321697198416,3.8480488508006396,0.04091405235951007,2
0.27077368404492974,0.2814083000346097,0.44781801592046067,0.0,-0.19999999999999996,-0.12612364703724044,3.1278664465235737,0.009636934186737445,2
0.6313269493844048,0.23796169630642955,0.13071135430916553,0.0,0.2,1.0121713729308666,1.9761441090555012,0.018664130836103632,1
0.4117390660723391,0.30017106107209235,0.2880898728555686,0.0,0.06666666666666665,-0.2268831168831167,2.464025974025974,-0.0045628995194341715,0
0.36680627252361936,0.28820492841141515,0.3449887990649654,0.0,0.0,0.01045161290322616,2.5188387096774196,-0.018053348739154707,1
0.6153171609352676,0.2328643892261288,0.1518184498386036,0.0,0.1333333333333333,0.8693548387096778,2.353225806451613,0.024052290358427264,0
0.6337817638266069,0.21973094170403587,0.14648729446935727,0.0,0.4,1.0463901689708142,2.968356374807988,0.039350820506648176,0
0.28004297006525675,0.28345812823678423,0.43649890169795885,0.0,-0.06666666666666665,-1.0974683544303798,2.434177215189873,-0.022017031248205865,0
0.3212476163375903,0.30439528236578234,0.37435710129662747,0.0,-0.39999999999999997,-0.05476059438635095,2.1796917996697855,0.004344444528391389,2
0.3832860078224217,0.2889570526262494,0.32775693955132884,0.0,0.1333333333333333,0.12423816221284589,2.3511486169714018,-0.026567003941274814,0
0.6309428916104132,0.2186874659445929,0.15036964244499382,0.0,0.3333333333333333,0.6789413118527041,3.0955120828538547,0.051007630959306716,0
0.4184526835347555,0.2884984339898004,0.293048882475444,0.0,-0.33333333333333337,-0.6996835443037975,2.642088607594937,0.015190221877372678,2
0.40361196255488363,0.2762819981774501,0.32010603926766634,0.0,0.13333333333333336,0.21667012233049987,2.877531273757689,-0.0027398844390275623,2
0.2909120089876821,0.27134775107330583,0.4377402399390122,0.0,-0.6666666666666667,-0.5228706624605681,2.8130914826498428,0.025323182117222065,0
0.35923169511926356,0.2842999304931595,0.3564683743875769,0.0,-0.46666666666666673,-1.3615742827099293,3.397326122878174,0.005459092636532825,2
0.5704990059227333,0.2453597307794341,0.18414126329783273,0.0,0.06666666666666671,0.8750514332738991,2.419969825812646,0.02143082158271692,0
0.4536430958010121,0.284393989722347,0.2619629144766408,0.0,-0.2666666666666666,0.0018598396245987914,2.2422512643332837,0.02257688472070929,2
0.4960300043889398,0.2760643179188445,0.2279056776922156,0.0,0.7333333333333334,0.9867144349902971,2.4615614270786685,-0.019156314664033613,0
0.3253159127651853,0.27364809132600876,0.40103599590880595,0.0,-0.26666666666666666,-0.36115921695858977,2.6399149439901795,0.017315568243089885,2
0.6326892631659259,0.21730215347053997,0.15000858336353404,0.0,0.26666666666666666,0.5018152080984304,2.5239446392506233,0.028142356751043818,0
0.690431470437387,0.19873826974210498,0.11083025982050801,0.0,-0.3333333333333333,1.1024837231733784,2.1442006269592477,0.03043787424129485,0
0.31175297176212824,0.27164440229565556,0.4166026259422162,0.0,0.06666666666666665,-0.5404388714733543,3.409404388714734,0.013438168642159742,0
0.49008583738769335,0.26091893877823674,0.24899522383406997,0.0,0.2,0.766735679779158,2.588681849551415,0.023407051541615764,0
0.3027662980751331,0.2895615374114201,0.4076721645134468,0.0,-0.06666666666666665,-0.8096044742007477,2.578311957193945,-0.01844633486071623,0
0.5544998680390604,0.24386381631037213,0.20163631565056742,0.0,0.20000000000000007,0.680857487922705,2.887120427881297,0.04031082807887354,2
0.32848459530026114,0.2825566579634465,0.38895874673629244,0.0,-0.33333333333333337,-0.9158632778264677,2.747589833479404,-0.009654215764590857,0
0.2566313448753148,0.26695559438179295,0.47641306074289214,0.0,-0.5333333333333333,-0.7947573898494145,2.7374976761479832,0.003052072556120611,1
0.4539567727169761,0.2674170643878738,0.27862616289515,0.0,0.06666666666666667,0.09408569557942736,2.4025800819612506,-0.011417444734983517,0
0.31170590512091284,0.29963987008397425,0.388654224795113,0.0,0.2666666666666666,-0.1232892873997169,2.005073147711185,-0.02884816590444289,0
0.6044380022595016,0.2281457165391256,0.16741628120137278,0.0,0.2666666666666667,0.9662576687116565,2.938212094653813,0.03918173742547615,0
0.5101513160683253,0.26228118509727466,0.22756749883440006,0.0,-0.33333333333333337,0.5283742331288346,2.9302147239263805,0.04463494691406711,1
0.46948338862812844,0.26866390447505617,0.2618527068968153,0.0,-0.06666666666666665,-0.225071225071225,2.4188034188034186,0.012578497432513547,0
0.5407410284293925,0.2605250893273264,0.198733882243281,0.0,-0.2,-0.08076923076923048,2.2525641025641026,0.039557047661342604,1
0.4865591397849462,0.2567204301075269,0.2567204301075269,0.0,-0.20000000000000007,0.08730158730158744,3.4181929181929185,0.03691017229234589,1
0.6556720466798607,0.21017027229918786,0.13415768102095132,0.0,0.20000000000000007,1.0946573751451802,2.5464576074332177,0.03673016287498654,0
0.34182693517407964,0.28174826171924144,0.37642480310667886,0.0,0.3333333333333333,0.06024970963995391,2.3831300813008136,-0.033517656104613214,2
0.4109203211859172,0.2763928350833848,0.3126868437306979,0.0,-0.13333333333333333,0.4243348115299337,2.478104212860311,-0.0065128622181785945,2
0.36574586569093875,0.2876143959303358,0.3466397383787255,0.0,0.13333333333333341,-0.24329268292682937,2.403048780487805,-0.017405579250489522,0
0.4164952921407574,0.2707826534909297,0.3127220543683128,0.0,-0.06666666666666665,-0.188470066518847,3.3592017738359203,0.02504146188379297,1
0.6887527661075654,0.19867868253102852,0.11256855136140598,0.0,0.06666666666666665,1.2891549065992338,2.6656945917285264,0.03911577889925655,1
0.3837555730175606,0.2857503036007682,0.3304941233816714,0.0,-0.46666666666666673,-0.584776001057222,2.692612660235232,0.022886402716548515,2
0.4357593178579193,0.2829778497065147,0.2812628324355661,0.0,-0.20000000000000007,0.03763207410623837,2.446084816905486,0.002087005717396062,2
0.35068602513089897,0.2959611358588797,0.3533528390102214,0.0,-0.06666666666666665,-0.15578177685573835,2.1300182799676213,-0.013100583413391154,2
0.37275348329163116,0.2909580480865711,0.3362884686217978,0.0,-0.39999999999999997,-0.06772368735558931,2.0834993227631267,0.007530657488263204,0
0.2518783542039357,0.2640429338103757,0.4840787119856888,0.0,-0.06666666666666665,-1.1207606299630841,2.815180729291159,-0.012707986726791215,2
0.7101788443216768,0.18386053084217327,0.10596062483614996,0.0,0.4,1.4978886144530317,3.293230287095318,0.036721081277080514,0
0.4384857540069352,0.27101743396347017,0.2904968120295946,0.0,0.26666666666666666,0.021932515337423242,2.316411042944785,-0.021914878290498374,1
0.5348213928557142,0.2436097443897756,0.22156886275451018,0.0,0.33333333333333337,0.8093251533742336,3.2289570552147246,0.041760486444780365,2
0.4414535666218035,0.28263795423956933,0.2759084791386272,0.0,-0.19999999999999996,0.28722600151171584,2.850570179762726,0.013745821754707788,2
0.31349811145715983,0.2795043403352992,0.4069975482075409,0.0,0.06666666666666676,-0.20650157296120009,2.939420827619585,-0.0034851362126688268,1
0.3727746556052554,0.3003912273323903,0.32683411706235427,0.0,0.5333333333333334,0.026949512930821706,2.9320575582257824,-0.034184194925553746,1
0.3351526600846972,0.27963038205861784,0.3852169578566851,0.0,0.19999999999999996,0.23320481364645462,3.046617595513495,-0.009416685477013187,2
0.5462251758478552,0.24696351035674305,0.20681131379540174,0.0,-0.06666666666666665,0.3788101442744154,2.9547191253404392,0.03252325516610455,0
0.5430672575853505,0.2537281449374178,0.2032045974772318,0.0,-0.06666666666666665,0.488636363636364,2.7613636363636367,0.03279412793229297,0
0.47266513939523097,0.2841790408633904,0.24315581974137865,0.0,-0.5333333333333332,0.23238636363636322,2.7051136363636363,0.03716103979186153,0
0.47729760131334936,0.2676177302161554,0.25508466847049527,0.0,-0.06666666666666665,0.04807692307692335,3.6538461538461537,0.033171227243160295,0
0.39157099051558153,0.28731369892319764,0.32111531056122083,0.0,0.0,0.033722808017478734,2.954782939108958,-0.009235247763068222,1
0.5022780068790405,0.2531919108245845,0.244530082296375,0.0,-0.3333333333333333,0.19323211147110508,3.475530991254262,0.05515092512858211,0
0.46680377496299996,0.26315566917177624,0.27004055586522385,0.0,0.0,0.25475543478260865,2.883831521739131,0.00970480175176841,0
0.44865659491564946,0.2707636010132345,0.2805798040711161,0.0,0.33333333333333326,0.25658554370613396,3.383009752985142,0.005856305084704028,0
0.533227869404241,0.24480646247054869,0.22196566812521043,0.0,-0.33333333333333326,-0.02180293501048225,3.185744234800839,0.04747578061722102,1
0.4620568653195915,0.2755888128464032,0.2623543218340053,0.0,-0.33333333333333337,-0.16935082184957628,2.4340029885439147,0.02666054115580696,0
0.5049045429307669,0.26850414999786454,0.2265913070713686,0.0,0.2,0.44780721519888056,2.3073456511942316,-0.0033299310991130593,0
0.34431458609778504,0.30085740532816174,0.3548280085740533,0.0,-0.06666666666666665,-0.11069182389937104,2.077987421383648,-0.01233754096851053,0
0.728420458834937,0.17692185717433004,0.09465768399073293,0.0,0.5333333333333333,1.4475391833882394,3.335440861646312,0.02931747494632242,0
0.4012505757046417,0.2955242335348472,0.30322519076051097,0.0,-0.3333333333333333,-0.37164093767867357,2.006861063464837,0.015484806365253456,1
0.6242284804105922,0.22304566806037948,0.1527258515290283,0.0,-0.2,0.9937106918238994,3.018867924528301,0.05941113402427123,1
0.468437975968861,0.26806566254865455,0.26349636148248434,0.0,0.19999999999999996,0.33207547169811313,2.8013546202225448,-0.00441593566691123,0
0.3291834199945267,0.2966844199313728,0.37413216007410055,0.0,-0.2,-0.15578743023537966,2.17374423683572,-0.008834266456984485,1
0.33087075236336255,0.2896407520688625,0.3794884955677749,0.0,0.13333333333333333,-0.7290571328426217,2.315357268038656,-0.026691021580641683,0
0.2973482191176765,0.26976809444589206,0.4328836864364314,0.0,-0.7333333333333333,-1.506800244970592,2.93040293040293,-0.010293815458001121,2
0.47822772321628776,0.27108838961388404,0.2506838871698282,0.0,-0.39999999999999997,0.15823343848580462,2.2402523659306,0.013944954454036651,1
0.37294739888514666,0.2904574757672481,0.3365951253476053,0.0,-0.1333333333333333,0.06976783002019582,2.603441657069417,-0.01400112432229611,1
0.6014664112902173,0.24341329960831246,0.15512028910147035,0.0,0.1333333333333333,0.938378192238395,2.2002078452352403,0.018366857200143194,1
0.5945436310023202,0.23512178858278157,0.17033458041489832,0.0,0.0,0.5668738064842853,2.503930029646667,0.03730878936798543,0
0.4180342885991019,0.2850814873321092,0.2968842240687889,0.0,0.13333333333333336,-0.04626708727655071,2.544689800210305,0.0030336873282072463,0
0.3946676993158699,0.29382200958531635,0.3115102910988137,0.0,0.2,0.20594479830148593,2.222929936305732,-0.025880787743507327,0
0.41699107501413746,0.290590655400477,0.29241826958538564,0.0,-0.13333333333333336,-0.5899607061818585,1.9779733244783886,-0.005209736531774034,0
0.4783691090419531,0.2786895109733901,0.2429413799846568,0.0,-0.2666666666666666,0.1960737806661763,2.5869089126601996,0.020982234583046433,0
0.37881117569848116,0.2798424901556347,0.3413463341458841,0.0,0.2,-0.04347169811320728,2.4521257861635224,-0.009230027127855811,0
0.43348718404694736,0.2836888605077882,0.28282395544526445,0.0,0.2666666666666667,0.14083749932806544,2.5239656686197565,-0.017584837897923977,2
0.44816976252241925,0.28162933717420907,0.2702009003033716,0.0,0.0,0.5855014895729889,2.770208540218471,0.015071205927459863,1
0.472420422825155,0.28202067665622893,0.2455589005186162,0.0,0.0,0.3251840292555289,2.1126716161472867,-0.006708425645989058,0
0.49380832702276556,0.26753880541867414,0.23865286755856022,0.0,-0.19999999999999998,0.2224105829765346,2.4073953330000797,0.01828691219447487,2
0.5447431877317219,0.2623974228228858,0.19285938944539224,0.0,-0.1333333333333333,0.3254777070063696,2.315923566878981,0.021698202571803327,2
0.37122345701844345,0.2911783990988416,0.3375981438827149,0.0,-0.6000000000000001,-0.8740148740148739,2.1096681096681094,0.008818990925812842,0
0.2560509554140127,0.27898089171974516,0.46496815286624205,0.0,-0.3333333333333333,-1.314285714285714,3.102222222222222,-0.008187888091789108,2
0.45624343359663805,0.277831822249893,0.265924744153469,0.0,-0.39999999999999997,0.3927849927849928,2.1849927849927853,0.004815080556923423,1
0.6761695412016685,0.20689888400405818,0.11693157479427348,0.0,0.3333333333333333,1.4481074481074483,2.527472527472528,0.018468310505769248,0
0.3913805494962741,0.28986621947067803,0.318753231033048,0.0,-0.26666666666666666,0.40418470418470465,2.424386724386725,-0.006460444027148682,0
0.4174123179413494,0.28037032199072565,0.30221736006792504,0.0,0.4,0.030207134637514566,2.4381472957422323,-0.02748568394560641,1
0.5260103247090447,0.25231389559214346,0.22167577969881172,0.0,0.6,-0.1635443037974682,2.552911392405063,0.0051775434625699335,0
0.35119603871638855,0.29358659387963076,0.35521736740398074,0.0,0.3333333333333333,0.10578661844484638,2.2215189873417724,-0.0343095846813512,1
0.3068837105030452,0.2905805133825709,0.4025357761143839,0.0,-0.2666666666666666,-0.4335957589903866,2.0350516279621793,-0.0028571865570475863,1
0.4342360468391614,0.28245141040601984,0.2833125427548187,0.0,0.0,-0.1000909918107371,2.3148027788610133,0.007185246069361273,1
0.6395939086294417,0.2131979695431472,0.14720812182741114,0.0,0.1333333333333333,0.875796178343949,3.582802547770701,0.05861978926518152,1
0.4509754592304033,0.2858490603121941,0.26317548045740247,0.0,-0.1333333333333333,-0.16894904458598736,2.2323248407643312,0.009563857972111345,0
0.45288609603210406,0.2835700175763326,0.26354388639156334,0.0,0.06666666666666665,0.8121602389118312,2.3240241711579293,0.008274822553155703,0
0.3781178374005663,0.29435755696373195,0.32752460563570185,0.0,-0.13333333333333333,-0.1739795430647164,1.8143580919606157,0.009134124079017703,2
0.3356753196304616,0.2923964262189869,0.3719282541505514,0.0,-0.06666666666666665,-0.42043399638336343,2.1443640747438217,-0.004753217055173842,1
0.5625022513057574,0.2551239719037041,0.1823737767905385,0.0,0.13333333333333333,0.20368239355581141,1.998849252013809,0.00635788756380995,0
0.5293991660475608,0.2573874398463279,0.2132133941061114,0.0,0.26666666666666666,1.1635220125786163,2.837024883784523,0.007180215799101219,0
0.5009181363966348,0.2740316863816885,0.22505017722167658,0.0,-0.20000000000000007,-0.1515105480104113,2.076585746260343,0.020791656685114845,0
0.43981431887163003,0.2750461227161817,0.2851395584121883,0.0,-0.5333333333333333,0.03893381251871819,2.245183188579415,0.01151510901357955,0
0.4413846208804513,0.2830764589841192,0.27553892013542963,0.0,-0.6000000000000001,-0.24716981132075466,1.4509433962264153,0.028046395744375396,1
0.4645699491801707,0.2876594112570717,0.2477706395627577,0.0,-0.06666666666666665,0.607966457023061,1.8059299191374665,-0.004893953559886088,1
0.2660469268240129,0.27068728019885036,0.46326579297713694,0.0,-0.3333333333333333,-0.5303261977573903,3.103720693170235,0.01894950058665157,1
0.4714830348385915,0.2623789770146964,0.26613798814671213,0.0,0.1333333333333333,0.11367595818815346,2.38719512195122,-0.009447101477793318,0
0.41260017845886854,0.292312352137004,0.29508746940412744,0.0,0.2,0.25609756097560976,1.353658536585366,-0.04370506961227094,2
0.4345898716692633,0.2801272064374167,0.28528292189332005,0.0,-0.06666666666666665,-0.6946009487639635,2.613552578495611,0.006837568523838711,2
0.4611651421060138,0.26240946114201347,0.27642539675197264,0.0,0.1333333333333333,0.5115096219390698,3.012689423732369,0.014333528288290931,1
0.4590016825574874,0.27324733595064493,0.2677509814918676,0.0,-0.39999999999999997,-0.05716675962074724,2.4191299498047965,0.030726731683886177,1
0.5479209486166008,0.2580237154150198,0.19405533596837943,0.0,0.0,0.26829376722681597,2.2599359829287815,0.020808721669515307,2
0.36379504909067095,0.29754483248310465,0.33866011842622457,0.0,0.1333333333333333,-0.24715162138475022,1.9439088518843122,-0.0037971854701203678,1
0.7001798511023052,0.19646396665950758,0.10335618223818713,0.0,0.39999999999999997,1.3999923789200932,2.7413024425561106,0.019103701799479178,1
0.3994969573365215,0.27952790107930786,0.32097514158417073,0.0,-0.2,-0.1995184038527692,2.161776991498354,0.0033475703805694867,0
0.29904424201666974,0.28012879297344667,0.42082696500988365,0.0,-0.26666666666666666,-1.3342535081665514,2.751322751322751,-0.02130034159673838,0
0.371816853467571,0.2913925183915133,0.33679062814091576,0.0,0.06666666666666671,-0.13664596273291907,2.4322981366459624,-0.006398441109107977,2
0.45667163622810286,0.2756243011554231,0.26770406261647406,0.0,0.13333333333333336,0.20282738095238106,2.3605654761904766,-0.0074805967816596874,0
0.5800135853278459,0.24445598753346384,0.1755304271386902,0.0,0.26666666666666666,1.3150815217391305,2.238994565217391,-0.008659819581382622,0
0.41260017845886854,0.292312352137004,0.29508746940412744,0.0,0.06666666666666665,0.1769480519480522,1.4837662337662338,-0.03157868973269473,0
0.4959257345421827,0.2656240401536477,0.2384502253041697,0.0,-0.3333333333333333,0.2666170634920637,2.1887400793650795,0.021191122796763606,0
0.2957016667006671,0.2866031538791081,0.4176951794202248,0.0,0.0,-0.3880928853754937,2.7196146245059287,0.005341424399285033,2
0.526563530306873,0.2525792543748415,0.22085721531828556,0.0,-0.33333333333333337,0.5625000000000002,2.875,0.04888601612785515,1
0.3735651735651735,0.28445788445788445,0.34197694197694195,0.0,-0.06666666666666671,0.13692307692307693,2.401538461538461,-0.017761779531123567,2
0.3978018852932074,0.2825848758332845,0.319613238873508,0.0,-0.1333333333333333,-0.5882352941176467,2.8981020325750437,0.01727649827156691,2
0.38680463519896696,0.2944149930336086,0.3187803717674245,0.0,-0.1333333333333333,-0.3589536501099294,1.6281111987128947,-0.005322343577489785,0
0.34820763412755534,0.28431632511332494,0.3674760407591197,0.0,-0.4,-0.6687306501547985,2.908840729274166,0.014649721325979248,0
0.5286415711947627,0.24877250409165297,0.2225859247135843,0.0,0.1333333333333333,0.3366255144032926,2.995061728395062,0.018497303729598125,2
0.563189387931656,0.25131569461466363,0.18549491745368032,0.0,-0.4666666666666666,0.5776353276353278,2.1801994301994303,0.042915444287689564,1
0.6688511529088297,0.21226098231581578,0.11888786477535462,0.0,0.39999999999999997,0.8072791406124741,2.490780824114158,0.036477643479789434,0
0.4040832257234086,0.302733361291153,0.2931834129854384,0.0,-0.2,-0.16166960611405057,1.778365667254556,0.01665454346416173,1
0.29557578950834784,0.288232291632364,0.416191918859288,0.0,-0.26666666666666666,-0.9259259259259259,2.2839506172839505,-0.00961954770504675,2
0.4406217484382538,0.27506268911382115,0.2843155624479252,0.0,-0.2,-0.31703830760434526,2.4302458547741566,0.03306127489410049,0
0.34163770949482186,0.30770018868407806,0.35066210182110025,0.0,-0.06666666666666665,0.1006616257088847,1.672022684310019,-0.015006619283383149,2
0.3346578842580303,0.27443920891956464,0.3909029068224051,0.0,0.2,-0.5855475040257645,3.0255636070853464,-0.002258748560053314,2
0.45535567699416,0.2814926003236626,0.26315172268217746,0.0,-0.13333333333333336,0.5936011904761906,2.676934523809524,0.020321074233733527,0
0.33546301674284706,0.28680017172150807,0.3777368115356448,0.0,0.2,-0.04861111111111094,2.0347222222222223,-0.020542479184214146,1
0.6425159071485362,0.21030430369421615,0.14717978915724764,0.0,0.5333333333333333,1.4212648022171832,2.63063744016125,0.008953666731201682,1
0.5451292835543075,0.24726023206309442,0.20761048438259816,0.0,-0.06666666666666671,0.6537906537906542,2.78943278943279,0.045082180108342196,0
0.31926525072602435,0.2968248816654092,0.3839098676085665,0.0,-0.13333333333333336,-1.0256005783956095,2.2344474021492653,-0.020746293521932246,2
0.42304569517066676,0.27865285310642723,0.29830145172290606,0.0,0.06666666666666665,0.050793650793650835,2.0244897959183676,-0.02290212696917815,1
0.51591049847244,0.2523778384419233,0.2317116630856368,0.0,-0.26666666666666666,0.2835978835978836,3.2201058201058204,0.04441115576503296,0
0.611055859439748,0.22990220454168736,0.15904193601856453,0.0,0.1333333333333333,0.9086419753086419,2.4230452674897114,0.02784214925351658,0
0.47487038408634014,0.2644164638662576,0.2607131520474024,0.0,0.0,0.24706694271911678,3.2146307798481715,0.020772459982141223,2
0.5474334856221447,0.26068261220102124,0.1918839021768342,0.0,0.4,0.5290043290043291,1.7757575757575759,-0.012008883415386529,1
0.4291935048560506,0.27884727710707485,0.2919592180368746,0.0,-0.19999999999999996,-0.22037293881954056,2.4241023270149484,0.009614365176270012,2
0.591491378044286,0.24058069003355678,0.16792793192215716,0.0,0.39999999999999997,0.45173625005557794,2.378432854623331,0.009419487920069858,0
0.6173122071492422,0.2365841199988212,0.14610367285193662,0.0,0.06666666666666665,0.5392156862745097,2.0490196078431375,0.023797669294675416,0
0.40254411161263853,0.2843660237997538,0.31308986458760774,0.0,-0.2,0.10681040092804794,2.398636222165634,-0.00981319429490285,1
0.6132899583057121,0.2268128312955431,0.1598972103987448,0.0,0.2666666666666667,1.4521994134897362,2.9478005865102643,0.026155639890180438,0
0.396517742571268,0.30223176469601537,0.30125049273271653,0.0,-0.1333333333333333,-0.1645161290322582,1.5129032258064514,0.005963713115820446,0
0.3430081050146347,0.28958005127403735,0.3674118437113281,0.0,-0.19999999999999996,-0.3624633431085045,1.6785923753665688,-0.007491029538395144,0
0.46303439037346705,0.2599718225281197,0.27699378709841327,0.0,-0.13333333333333336,0.1728701406120765,3.5392886683209266,0.03793145247572327,1
0.5240288643107635,0.2634947396816833,0.21247639600755328,0.0,0.3333333333333333,1.0480683411959708,2.7387479280887415,0.017049665407820935,0
0.24534383560136847,0.262670377663612,0.4919857867350194,0.0,0.06666666666666665,-0.8365384615384613,2.7403846153846154,-0.01716428942435347,1
0.28749640149697725,0.27722867287208525,0.43527492563093756,0.0,-0.5333333333333332,-0.6949531949531949,2.642450142450142,0.0059687329968771685,2
0.22171791284168854,0.25512746135208,0.5231546258062314,0.0,-0.19999999999999998,-1.7110453648915187,3.022682445759369,0.00270424284951154,2
0.5482123510292525,0.2491874322860238,0.20260021668472375,0.0,-0.19999999999999996,0.235128617363344,2.7860396570203645,0.04213333371579109,0
0.431578947368421,0.28421052631578947,0.28421052631578947,0.0,0.06666666666666665,0.32154340836012896,2.154340836012862,-0.017471482946665784,0
0.5929503464678951,0.23931415011686255,0.16773550341524243,0.0,0.26666666666666666,1.2125542672166465,2.788874814598287,0.022132770847749894,0
0.5778661893959256,0.2541979685594099,0.16793584204466433,0.0,0.06666666666666665,0.30103919101542476,1.6058530220420337,0.007647154093210151,2
0.30158380455802797,0.2823921079043353,0.4160240875376367,0.0,-0.26666666666666666,-0.003215434083601254,2.762057877813505,-0.007590221819044951,1
0.42290329664966686,0.29257460774505256,0.28452209560528047,0.0,0.0,0.17608329505435627,2.1482161996631453,-0.016807132382887446,0
0.3064762540098254,0.2866731729814982,0.4068505730086765,0.0,-0.1333333333333333,-0.5945361938570765,2.183670319493749,-0.013351250619652588,2
0.6887324502689967,0.19533378316452638,0.11593376656647701,0.0,0.5333333333333333,1.5428012847367685,2.4141879625750593,0.014380395589107975,0
0.5863957885037839,0.24030136693840634,0.17330284455780978,0.0,0.06666666666666665,0.3412903225806454,2.2703225806451615,0.021308609772117793,2
0.560301725742218,0.24095877324665335,0.1987395010111286,0.0,-0.19999999999999996,0.25093497406200993,2.509349740620099,0.03767879801274043,1
0.28284024141972075,0.28028445610568714,0.4368753024745921,0.0,-0.26666666666666666,-0.36273615635179146,2.7017589576547234,-0.0020600846560097086,1
0.568138892924597,0.23528984454453006,0.19657126253087318,0.0,0.4666666666666666,0.4039992761491129,3.2089214621787914,0.022486367329056067,0
0.58578141884251,0.24640012062423045,0.16781846053325966,0.0,0.6,1.1465798045602607,2.4695565021297923,-0.006500960130778943,0
0.3876292034395498,0.2991350766092989,0.3132357199511513,0.0,-0.06666666666666665,-0.2885062819916241,2.220243996196411,0.013250437505487378,2
0.4429509147152608,0.2810262600912531,0.276022825193486,0.0,-0.2,-0.2471681672959627,2.157711298286378,0.009109723714968987,1
0.30695050871825874,0.2759822081354077,0.4170672831463336,0.0,-0.4,-0.7753080000577726,3.2918815084420183,0.01355793533822619,2
0.43120416827479735,0.2848321111539946,0.283963720571208,0.0,-0.2666666666666667,0.15894568690095867,2.0375399361022364,-0.008229035017859099,2
0.4530274992468908,0.2911305245943969,0.2558419761587124,0.0,0.26666666666666666,0.6723155993888041,1.7724683983886655,-0.01832532260083064,0
0.6110825371591257,0.22821755687515258,0.16069990596572162,0.0,0.4666666666666667,0.8586261980830672,2.7755591054313102,0.020852889192767732,0
0.45929960725640545,0.2786141761735553,0.2620862165700393,0.0,-0.06666666666666665,0.385753165305881,2.7523370015382795,0.007229676445737521,1
0.3585638350021526,0.3025017370213601,0.3389344279764873,0.0,-0.6666666666666666,-0.41837821390537044,2.7612962117754454,0.03942951836256753,0
0.6176824603330849,0.22916474572554255,0.15315279394137243,0.0,0.4,0.9482901431783226,2.368240444917762,0.015355199318349722,0
0.3191203375275361,0.2788709255871262,0.4020087368853377,0.0,-0.06666666666666665,-0.3084935897435894,2.7764423076923075,-0.008324139082272919,1
0.3332154709312976,0.3078381337411657,0.3589463953275368,0.0,0.46666666666666673,-0.07232441471571904,1.976170568561873,-0.03335551674385634,2
0.7501583726332091,0.15819666361652707,0.09164496375026394,0.0,0.4,1.619071024821824,3.8309166871467197,0.04825306987796729,0
0.44414008376996705,0.2795942093612142,0.27626570686881874,0.0,-0.06666666666666676,-0.2403111543269899,1.9822197527434366,0.021666300261813765,1
0.50624258516468,0.267668493305463,0.2260889215298571,0.0,0.1333333333333333,0.5239616613418527,2.5686900958466454,0.012785885114527828,0
0.5785143284558927,0.23520405778130993,0.18628161376279748,0.0,0.13333333333333336,0.40274954012973185,3.5893393081891487,0.048622620656340376,1
0.6297727911039601,0.22298175378800505,0.1472454551080349,0.0,0.06666666666666667,1.1173633440514472,2.339228295819936,0.017360766408853978,0
0.26190330195910105,0.2742281632277646,0.4638685348131342,0.0,-0.6,-1.131832797427653,2.546623794212219,-0.002637940374775938,0
0.35132869477743317,0.282127588230363,0.36654371699220384,0.0,-0.3333333333333333,-1.2120946985439405,2.200202696298241,0.008422374392331233,0
0.35373802237915636,0.278542215226701,0.3677197623941428,0.0,-0.2666666666666666,-0.22832644311743988,2.400367478180983,-0.0022669018897151227,2
0.6254108762711579,0.22783917008411375,0.14674995364472837,0.0,0.13333333333333336,0.833674364220988,2.5875475007307807,0.033310445646408504,2
0.4615408083103888,0.2950355799958814,0.24342361169372984,0.0,-0.13333333333333341,0.04786612101724652,1.7286612101724645,0.006788473933166006,1
0.6481450220104144,0.2190912750457739,0.13276370294381176,0.0,0.13333333333333336,0.9251680795089156,2.258111663256358,0.028675442176956722,2
0.24774747706827382,0.24321945529418001,0.5090330676375462,0.0,-0.26666666666666666,-0.7443652236047036,3.7789893906208736,0.020877194017812517,2
0.48039526546873434,0.26703920200840814,0.2525655325228576,0.0,0.06666666666666665,0.7605738313133815,2.708384862725699,0.029984794999357245,1
0.2790525824517735,0.26629589296826384,0.4546515245799627,0.0,-0.13333333333333336,-0.21964285714285703,3.208928571428572,0.008413704914990272,2
0.48371718857074764,0.27315794178112807,0.24312486964812444,0.0,0.33333333333333326,-0.13939110070257632,2.018922716627635,-0.0072109650136091274,0
0.3829349813962288,0.29729457022135336,0.31977044838241786,0.0,0.0,-0.14866103248141727,2.3439568272070055,-0.005175230098618755,1
0.34713209549071616,0.2991363395225464,0.3537315649867374,0.0,0.0,-0.14456132103190922,2.394076511723571,-0.00843625076290877,0
0.37727493022711706,0.31084446078513295,0.31188060898775005,0.0,0.06666666666666665,-0.11081309994353505,2.1760304912478827,-0.010921232841573092,1
0.5323164451744726,0.2602105528087506,0.20747300201677665,0.0,0.0,0.29840817296269906,2.2941316227132336,0.020441107075008347,0
0.48288138301628064,0.2553317997866908,0.26178681719702857,0.0,-0.33333333333333326,0.1635741307872456,2.0347084609379693,0.006492587124258875,0
0.4173450820845175,0.29451883957230185,0.2881360783431808,0.0,-0.06666666666666665,0.27204968944099384,2.209937888198758,-0.00695451478216913,2
0.561506215450828,0.2553699500406505,0.18312383450852152,0.0,-0.19999999999999996,0.2914061247394586,2.4452193896638343,0.029369049453711327,1
0.3544817473443707,0.3015396681955361,0.34397858446009305,0.0,0.0,-0.34177456207159174,2.2477151561309983,0.002440828253256977,2
0.3824546295006396,0.31082433099884754,0.30672103950051294,0.0,-0.06666666666666665,0.3746395692200799,2.486850790342192,-0.016204877698961673,1
0.5229923609780138,0.25160173041644984,0.22540590860553622,0.0,0.19999999999999996,0.5921036548099257,2.1938638308275276,0.007523647736137562,0
0.43568282641304695,0.2860003829827977,0.2783167906041553,0.0,-0.1333333333333333,-0.12353540499235871,2.4210392256749875,0.014700347538478042,0
0.35911021009638117,0.3110687104179355,0.3298210794856834,0.0,-0.06666666666666665,-0.3783626225870451,2.335242071215669,0.00580002049088385,1
0.4956346541302888,0.28408327736736066,0.22028206850235058,0.0,0.1333333333333333,0.642420493413871,2.323520850010916,0.011258361563688257,1
0.30289313127337136,0.28793544577839003,0.40917142294823855,0.0,-0.26666666666666666,-0.389468162450189,2.9972115110297164,0.004121495417029053,0
0.47971671093058377,0.28287246784356607,0.2374108212258501,0.0,-0.13333333333333336,-0.08093323008517972,2.2571378612644573,0.02306990812809928,0
0.41323344800039125,0.2864747216199031,0.3002918303797055,0.0,0.2666666666666666,1.3330492525123403,2.526188700685345,-0.035396619070871604,1
0.37990175672300386,0.2753725751394555,0.3447256681375406,0.0,0.06666666666666671,-0.4059988400033141,2.7757063551247,0.01414866744086929,2
0.529263412189853,0.2669064772074903,0.2038301106026567,0.0,-0.1333333333333333,0.29346783942640386,2.249920102269096,0.0238552435817454,0
0.4605359779239551,0.2810521677964922,0.2584118542795526,0.0,0.13333333333333336,0.15616575879826766,2.2978675937459334,-0.011621166339240652,0
0.2217171257993151,0.2509218009718055,0.5273610732288794,0.0,-0.4666666666666666,-0.4343323586744636,3.342470760233919,0.018273729234131203,2
0.5639622200714214,0.24880686179621528,0.18723091813236326,0.0,-0.06666666666666665,0.7398033036386347,2.7249642257458833,0.05239725347434887,0
0.48793565683646106,0.2655148446033164,0.24654949856022243,0.0,0.0,-0.046320421515835486,3.103468241560998,0.01893361188767856,1
0.3663973392014244,0.28373452486939577,0.3498681359291797,0.0,-0.06666666666666671,0.13496524482727867,2.8342701413728495,-0.007191572511163091,0
0.41209966162240996,0.2805256732730863,0.3073746651045038,0.0,0.1333333333333333,0.2669630501345712,2.3220337136194744,-0.013475726934332799,2
0.3802758603389093,0.2857901404387509,0.33393399922233974,0.0,-0.1333333333333333,0.164245565369735,2.458816945275811,-0.010837045373708942,0
0.4718176832612272,0.26709219425994757,0.2610901224788252,0.0,0.33333333333333326,0.20554383002673426,2.137160545940622,-0.018972587914279915,1
0.6890375910253888,0.19139933084038577,0.11956307813422555,0.0,0.1333333333333333,2.011533288052526,2.8638779016341047,0.02554983476636974,0
0.5918495332447432,0.2407263645580951,0.16742410219716164,0.0,0.1333333333333333,0.24501424501424518,3.02991452991453,0.03429489352620674,0
0.40835632636972796,0.27709893575088684,0.31454473787938503,0.0,-0.33333333333333326,-0.10251219765389763,2.7003529533893906,0.02146093244275471,1
0.3609866608057617,0.2966068741652437,0.3424064650289946,0.0,0.13333333333333336,-0.32793522267206465,2.910931174089069,-0.009747357724956496,0
0.388191190253046,0.2849109653233365,0.32689784442361763,0.0,-0.1333333333333333,0.42751707901844394,3.131273740918873,0.00785141264628314,1
0.4721093628938685,0.2844206253519636,0.24347001175416783,0.0,0.0,0.4065985913119672,1.9955852121457216,-0.013360455555829487,0
0.4846565639316024,0.265868743642479,0.24947469242591866,0.0,-0.26666666666666666,0.13266830676597174,3.0084588683314797,0.030464473234767087,2
0.31035341275472733,0.29004991846236194,0.3995966687829107,0.0,-0.4,-0.3110864949690756,2.1997599926151574,0.013786851877347683,0
0.5229181939857817,0.2729602302916983,0.20412157572252004,0.0,0.0,-0.2144241800846618,1.9377299521303952,0.03616179212683479,2
0.6668192144541423,0.20281809805060344,0.13036268749525423,0.0,0.39999999999999997,1.3927068201288786,2.1637426900584797,0.0027240011259752617,2
0.3706463154079875,0.28982001609783437,0.33953366849417826,0.0,-0.4,0.03107465018822353,2.8011577526812985,0.007512300416252393,1
0.3171349754863533,0.3066684746452195,0.37619654986842715,0.0,0.0,-0.17588293232024754,1.7236527367384271,-0.004798139476886787,2
0.4007636445309576,0.2923810236829627,0.3068553317860797,0.0,0.1333333333333333,0.5663430420711976,2.3786407766990294,-0.01285307446702999,0
0.4296977660972405,0.28515111695137974,0.28515111695137974,0.0,-0.13333333333333336,-0.009771986970684043,3.0195439739413685,0.011281065725893824,0
0.5718760950101976,0.2318801081757767,0.1962437968140257,0.0,0.5333333333333332,0.7471157931432679,3.1786737550793633,0.0422141573948307,1
0.5050370814935482,0.26029922407510614,0.2346636944313457,0.0,-0.1333333333333333,0.5372087196191431,2.571786519669256,0.02503367695507064,1
0.6604246823201548,0.20878896907430902,0.13078634860553628,0.0,-0.26666666666666666,0.9834627912803815,3.4264595339513915,0.07503282062333827,0
0.4801282717460695,0.28225722642041656,0.23761450183351396,0.0,0.2,0.003948277563912805,2.145888855986576,0.005915289223929809,0
0.22796806795391092,0.2734279759329899,0.4986039561130992,0.0,0.0,-1.207981115404397,1.817246699811418,-0.004684164201205182,0
0.5295156779037244,0.2567348741351391,0.21374944796113646,0.0,0.6666666666666666,0.025986842105263364,3.0786184210526315,-0.004689773652830076,0
0.5645008210427997,0.2510583166362856,0.18444086232091478,0.0,-0.06666666666666665,0.49310776942355894,2.015664160401003,0.016162184500302934,1
0.35669985414420696,0.29461601877100635,0.34868412708478663,0.0,-0.33333333333333337,-0.17618450889127546,3.12671559852011,0.018887940762873867,1
0.42218772976064045,0.2875582060289192,0.2902540642104403,0.0,0.0,0.6965460526315791,2.1077302631578947,-0.002229020953323335,0
0.32483024408148287,0.2815195448706184,0.3936502110478987,0.0,0.0,-0.1311475409836067,3.3626229508196723,-0.008805613187600037,2
0.5334646120028393,0.26446545920820647,0.2020699287889543,0.0,-0.13333333333333336,0.4172666030589527,1.8420793939919622,0.0029894270523679323,2
0.5334566657306619,0.25437306949009764,0.2121702647792405,0.0,-0.5333333333333334,-0.4783308494783901,2.4402980625931447,0.05890728531346878,2
0.30913339260974754,0.2863050805401047,0.4045615268501479,0.0,-0.39999999999999997,-0.17915690866510547,2.4203747072599535,0.002145756862005521,1
0.33033091834736633,0.28314078715488544,0.3865282944977481,0.0,0.06666666666666665,-0.44450204108080094,3.0389425257564957,0.010250301082656788,1
0.533363646697738,0.2705467773104468,0.19608957599181542,0.0,-0.2666666666666666,0.5995316159250587,2.098360655737705,0.02763909671526632,1
0.28355524147567573,0.2818367248606717,0.4346080336636525,0.0,0.1333333333333333,-0.9516187606762885,2.0908711851184316,-0.028843153579495018,0
0.5461697670547518,0.2706963860038128,0.1831338469414355,0.0,0.5333333333333334,0.5170325728224998,2.1700674415267613,-0.007357135286537475,2
0.35103593580449166,0.2897960217700632,0.3591680424254451,0.0,-0.06666666666666665,-0.26842684268426853,2.107810781078108,0.005500291372221744,0
0.6047800484932455,0.2351922410807066,0.16002771042604777,0.0,0.2666666666666667,0.7053411704574495,3.2463217845277645,0.05670189546521087,1
0.41884579043598835,0.28966905132956206,0.29148515823444965,0.0,0.26666666666666666,-0.05727261541215034,2.0949248856225604,-0.010723783648949603,0
0.6162667157930333,0.22863949406571993,0.1550937901412467,0.0,0.06666666666666665,1.093521594684386,2.754651162790698,0.043833268898213484,0
0.5866625665205989,0.22862585312935105,0.18471158035004998,0.0,-0.19999999999999996,0.5337187729214308,3.329593994045822,0.06438566571693582,0
0.4115745310957552,0.28445212240868706,0.30397334649555774,0.0,0.26666666666666666,-0.5900332225913618,2.3003322259136216,-0.013837867215495181,2
0.37030988894764677,0.2941385510312004,0.33555156002115283,0.0,0.26666666666666666,-0.21717171717171713,2.8097643097643097,-0.009519432095536018,1
0.25706430307184247,0.28899775686958684,0.45393794005857063,0.0,0.2,-0.9731543624161074,2.61372110365399,-0.018534815352055284,2
0.5975998628493057,0.24728270186867826,0.15511743528201613,0.0,-0.26666666666666666,0.5038350910834135,3.092521572387345,0.06013663142682024,2
0.31280898876404495,0.2867415730337079,0.40044943820224727,0.0,-0.3333333333333333,-0.5086719372433655,2.6659312373598087,0.011513211038621574,2
0.517998946670041,0.26716278051749964,0.2148382728124594,0.0,-0.06666666666666665,0.2868550368550371,3.0509828009828013,0.031630239868617904,0
0.4841363890441588,0.26258244829513694,0.25328116266070433,0.0,-0.3333333333333333,0.3961389961389963,2.967567567567568,0.030683625373891688,1
0.4451597379185749,0.2934964833595651,0.26134377872186,0.0,0.06666666666666665,0.5686936936936937,1.9087837837837838,-0.01458428744118806,2
0.42702453913422644,0.2983697100360941,0.27460575082967953,0.0,0.06666666666666665,0.4873054873054874,2.125307125307125,-0.017568002768500623,0
0.480587091280274,0.2734131838955224,0.24599972482420354,0.0,-0.13333333333333341,-0.3260869565217388,2.7585193889541717,0.02715967896784044,1
0.4545751583140141,0.2806864682360629,0.264738373449923,0.0,-0.39999999999999997,0.5381274131274133,2.20479407979408,0.014033778334739677,0
0.3166252683871511,0.2935797583463141,0.3897949732665348,0.0,0.06666666666666665,0.05303030303030276,2.7803030303030307,-0.022824030397032846,0
0.25097152225393166,0.27877375675511573,0.4702547209909528,0.0,-0.2666666666666666,-1.0561056105610558,1.914191419141914,-0.022152695631706215,0
0.35141978811155056,0.29848155079987465,0.3500986610885748,0.0,0.26666666666666666,0.07311500380807323,2.429042904290429,-0.028438019080022692,0
0.5352903579254931,0.26611577794010227,0.1985938641344047,0.0,0.2666666666666666,0.9893506357438469,2.6657087477455232,0.016317114403423316,2
0.603813559322034,0.23305084745762714,0.163135593220339,0.0,0.13333333333333336,0.9672505712109672,2.5514089870525516,0.030238096604260356,1
0.35384097602019354,0.2854606647034077,0.3606983592763988,0.0,0.33333333333333337,-0.07023102310231022,2.9396699669967,-0.026286556161216557,0
0.668686446854698,0.21028827174842313,0.12102528139687894,0.0,-0.06666666666666671,1.268187688334051,3.0503659061558333,0.05184276329151294,0
0.49551436702734714,0.2715938804697996,0.23289175250285316,0.0,0.0,-0.09469696969696972,2.5054112554112558,0.021958858659892833,1
0.40223907607949505,0.29311427941439544,0.3046466445061094,0.0,0.1333333333333333,0.012833016785585905,2.3869411221189876,-0.02169431484580636,2
0.630393786059712,0.2286722557275426,0.1409339582127453,0.0,-0.2666666666666667,0.9870129870129867,2.5640074211502784,0.050384248252194785,0
0.43971428571428567,0.2725714285714286,0.2877142857142857,0.0,-0.13333333333333336,0.34376596488397726,3.462800139818773,0.023463065276661477,0
0.30138664840355966,0.2919387910868336,0.40667456050960665,0.0,0.26666666666666666,-0.5982443482443482,2.5162337662337664,-0.01982749231101033,2
0.4740886104611669,0.28329685259264853,0.24261453694618462,0.0,0.0,0.18673872711139816,2.0581592320722755,-0.007695903457472952,0
0.6412720149965764,0.22298427379976873,0.13574371120365486,0.0,-0.1333333333333333,0.7055194805194804,2.815909090909091,0.06331276152296605,0
0.507820794111402,0.26551772949253305,0.22666147639606485,0.0,0.06666666666666665,0.4799010513296229,2.9690785405071125,0.024724326278083852,0
0.4699188849537302,0.27446589740660343,0.2556152176396664,0.0,0.2,0.5924447612259447,2.907483962936565,0.0159892572446087,1
0.4099913086818442,0.29734193952325444,0.29266675179490137,0.0,-0.13333333333333336,-0.43837279902853665,2.3084395871281123,0.01297005540927837,1
0.32685125294719053,0.2866234064306133,0.3865253406221963,0.0,0.0,-0.6093065879238366,2.7060380816617453,-0.005016978175294007,0
0.6851053032225324,0.20705404719614312,0.10784064958132454,0.0,0.4666666666666666,1.2980132450331126,2.622516556291391,0.007587991061210997,0
0.49321301446656574,0.270194955751249,0.23659202978218505,0.0,0.0,1.0806265110900872,2.342058236097971,0.010477079465599393,1
0.4030122046221761,0.27707089067774604,0.31991690470007794,0.0,0.0,0.08607041719624497,2.7395366468214153,-0.009816556397184373,2
0.6477784889897783,0.21443701704489215,0.13778449396532952,0.0,0.1333333333333333,0.846854304635762,2.595198675496689,0.03256758701749507,0
0.4682693663783738,0.2654860510236365,0.26624458259798967,0.0,-0.4666666666666667,0.01947019867549682,2.5943046357615893,0.024101553166913592,2
0.43755600782217696,0.276556171116094,0.2858878210617291,0.0,0.06666666666666665,0.2311881188118814,3.0034653465346537,0.01171296840629693,2
0.22845063130949983,0.2757628922315856,0.49578647645891455,0.0,-0.3333333333333333,-0.6890570797855569,2.6316619362976983,0.002149874775832311,0
0.3346514047866806,0.27771071800208114,0.3876378772112383,0.0,0.0,-1.0207336523125994,2.8753702437912962,-0.008314488475493764,2
0.3816149443614575,0.29281146674275355,0.3255735888957889,0.0,0.13333333333333336,-0.4061004784688995,2.5245215311004783,0.004679145133100693,1
0.2976056413007424,0.28839184435644705,0.4140025143428106,0.0,-0.13333333333333341,-0.7042061675928949,2.352348261959246,-0.015605567910464635,1
0.5691598117065284,0.24563739242071228,0.18520279587275926,0.0,0.4,0.5700404858299597,2.3068825910931174,0.010906753742177089,2
0.5890356142456982,0.24236361211151128,0.16860077364279047,0.0,0.1333333333333333,0.9316770186335406,2.8440666884602814,0.03751887325969239,1
0.3539603024971552,0.28381573035595065,0.36222396714689425,0.0,-0.2666666666666667,-0.3910238559361364,2.3565859092174883,0.01285553077475915,0
0.5393779597442392,0.2577690249606447,0.20285301529511604,0.0,0.19999999999999996,0.2910923141186301,2.3796470342522973,0.015424658607433361,0
0.5065942152034867,0.26037244580290936,0.2330333389936039,0.0,-0.5333333333333334,0.10115894039735118,2.962086092715232,0.04350771943389797,0
0.557553348762444,0.2550997513515839,0.1873468998859721,0.0,-0.26666666666666666,0.36868928173275994,2.346711259754738,0.025217802148811308,1
0.4115209536834799,0.2919226765192186,0.2965563697973014,0.0,0.06666666666666665,0.3354037267080747,2.4886128364389233,-0.010963115172208215,2
0.7120445772592009,0.1836177945294396,0.10433762821135945,0.0,0.3333333333333333,1.7213403880070546,2.8500881834215166,0.010129169373231495,0
0.6217768003424303,0.2258269250638367,0.15239627459373292,0.0,0.1333333333333333,1.106060606060606,3.227272727272727,0.05872763096917377,0
0.2653714014927142,0.2910792560123209,0.4435493424949651,0.0,-0.3333333333333333,-0.2552706552706555,1.9327635327635329,0.00657504137809517,1
0.5630308462081778,0.259619779084882,0.17734937470694026,0.0,0.19999999999999996,0.9753853232114101,2.4476650563607083,0.017867432394969462,0
0.3862777215116012,0.2812475253301991,0.33247475315819963,0.0,-0.1333333333333333,-0.20974536126051269,2.9386214234699084,0.01348373262434266,2
0.38465398915148197,0.2864192780758727,0.32892673277264534,0.0,-0.06666666666666665,-0.3829018663455752,2.687537627934979,0.019620360596202924,0
0.30504910267665736,0.2777312725862104,0.4172196247371322,0.0,-0.2,-1.0681803847366762,2.7665720592872916,-0.00820709624556587,1
0.48245984086748867,0.2909835915232041,0.22655656760930729,0.0,-0.2666666666666666,0.06087363703257753,1.7198474814368856,0.01810585723357222,0
0.3656214100327617,0.3015189550270178,0.33285963494022036,0.0,-0.06666666666666665,-0.3563544623147272,2.9233680227057715,0.0030070051298121125,0
0.30330251316606305,0.28650422012917337,0.4101932667047636,0.0,-0.06666666666666665,-0.737628384687208,2.9971988795518207,-0.0041757324777065286,1
0.5681275945984634,0.24846113470439468,0.18341127069714172,0.0,0.4666666666666666,0.3586702170580167,1.9845880739126927,-0.006136985698004693,0
0.561495660459179,0.2478943607346375,0.19060997880618344,0.0,-0.1333333333333333,0.7988710635769459,2.2338086749851453,0.037637438681204505,1
0.39448930879332006,0.2855812174086611,0.319929473798019,0.0,0.1333333333333333,0.20502983802216557,3.1490480250071045,0.002438408467595632,1
0.39726473461413225,0.29794855096059913,0.30478671442526867,0.0,0.26666666666666666,0.48353844057944717,2.3217837518732125,-0.025820496377921165,2
0.3486024354848886,0.2863903085368162,0.36500725597829514,0.0,-0.2666666666666667,-1.025253350768225,2.5025879917184266,-0.006647077194925466,2
0.3680035721958474,0.2909528242673418,0.3410436035368109,0.0,-0.1333333333333333,0.2733102070850415,2.799177065969876,-0.005461170261066017,1
0.3436939254388717,0.2822456175573764,0.37406045700375185,0.0,0.06666666666666665,-0.3410911384421318,2.439104383475245,0.003590985054832019,2
0.6056526547529224,0.23915515085115402,0.15519219439592358,0.0,0.06666666666666665,0.4645728587565615,2.3494429555471883,0.025510376314010874,0
0.41697196200404874,0.29425553014842676,0.2887725078475244,0.0,-0.3333333333333333,0.17249954192079142,2.038845116875638,-0.007345265282510338,1
0.521677088451675,0.26988496772499954,0.2084379438233255,0.0,0.5333333333333332,0.5982097372825851,2.048856221041652,-0.011030348693917502,0
0.3381898973947593,0.2852828889066221,0.37652721369861863,0.0,-0.06666666666666665,-0.5070955534531691,2.671712393566698,0.0039953452139878665,1
0.2821536609959991,0.29653091760726014,0.4213154213967407,0.0,-0.4666666666666667,-0.3140939597315435,2.706040268456376,0.007841458515361666,0
0.46124688584223644,0.2948476928485182,0.24390542130924545,0.0,-0.2,-0.26582113538635255,2.253398775137905,0.014826725914110273,0
0.47740998337230645,0.2730057089665681,0.24958430766112535,0.0,0.06666666666666668,0.7684344640866381,2.297340340818602,0.017759282822718436,1
0.4166453035796395,0.2889428730707098,0.29441182334965066,0.0,0.2,0.07268094224615984,2.0996394909438387,-0.026041110579210602,0
0.4263255525734451,0.28727783388795225,0.2863966135386027,0.0,0.0,0.13024013024013015,2.138108804775471,-0.01948230260842798,0
0.5853911829549613,0.2386594822816381,0.1759493347634005,0.0,0.39999999999999997,0.9385451505016724,3.24623745819398,0.0376140816352557,0
0.3731580891249251,0.3097212139736879,0.3171206969013869,0.0,-0.06666666666666671,0.20164437012263103,1.8432274247491636,-0.028664917375775145,0
0.6079472359098885,0.22742280463132752,0.16462995945878398,0.0,-0.13333333333333336,1.0361812100942536,3.3986013986013988,0.06790302942886906,2
0.44073928149289016,0.28970712895638573,0.2695535895507241,0.0,-0.2666666666666667,-0.15907901622187326,1.8686551543694403,0.009086882436921462,0
0.24806708695135002,0.2711430950398477,0.48078981800880216,0.0,0.06666666666666665,-1.3753026634382564,2.795803066989507,-0.029093229933753656,0
0.30440149264101823,0.2754968998679838,0.420101607490998,0.0,-0.6,-0.873284907183212,2.4713478611783692,0.010529559675759081,1
0.5747919394669081,0.24439972229301607,0.18080833824007594,0.0,-0.2666666666666666,0.31562793467555383,2.29460134222039,0.0319984488172812,0
0.4463169253229236,0.2706528293503443,0.28303024532673204,0.0,-0.5333333333333334,0.2219461697722569,2.682756580893227,0.029578096509112695,1
0.39087415263274555,0.291623975945434,0.31750187142182057,0.0,-0.26666666666666666,0.31573498964803326,1.8803608399881693,-0.009857662557855418,1
0.5183201718556171,0.2801730658679011,0.2015067622764818,0.0,0.06666666666666665,0.27614008566389536,2.0297304106827916,0.0051293922621111765,2
0.5653576324489961,0.25280219337150234,0.18184017417950166,0.0,0.4,0.33928571428571463,2.3732993197278915,0.005999208468581374,2
0.4338738144727797,0.2985498273221056,0.26757635820511483,0.0,-0.2,-0.3234797297297296,2.4355292792792795,0.031210081997616546,2
0.18139380200212968,0.2613905068176756,0.5572156911801948,0.0,-0.39999999999999997,-0.5897228948076406,2.1364900008967806,0.00756047697088108,2
0.41479765366983784,0.28155961946073843,0.3036427268694238,0.0,0.19999999999999996,0.39345103120613323,2.6205323399200946,-0.016780649493992883,2
0.5414841191826213,0.2496924088456055,0.20882347197177323,0.0,0.5333333333333332,1.0469711694201491,2.7087787495950764,0.011446718724203664,2
0.36127747885591593,0.2856871140491397,0.3530354070949445,0.0,0.26666666666666666,0.1915682661024275,1.6704206766318568,-0.04758912969076051,2
0.5905014780201431,0.2465657767264959,0.16293274525336107,0.0,0.06666666666666665,1.01669758812616,2.7792207792207795,0.04031928866458223,0
0.5318816580741614,0.24755130362494218,0.22056703830089636,0.0,0.2,0.6444768383543894,2.060090702947846,0.009253682116601047,2
0.32403770122330233,0.30096705582876304,0.3749952429479346,0.0,0.3333333333333333,-0.11901804199940846,2.081514344868382,-0.028939310204626145,1
0.50624258516468,0.267668493305463,0.2260889215298571,0.0,-0.13333333333333336,0.5377389050858441,3.194039520570133,0.043488627559780446,2
0.4510277828075672,0.27570244290314194,0.2732697742892907,0.0,0.3333333333333333,0.37241379310344813,2.3586206896551722,-0.02405747323953289,1
0.46835337657324927,0.2876614874631994,0.24398513596355134,0.0,0.46666666666666673,0.3499364324106593,1.9762597082184712,-0.02992908382589271,0
0.46149372477405703,0.28367045467763136,0.25483582054831166,0.0,0.33333333333333337,0.37278599870647033,2.4798372957430397,-0.01828080867963333,2
0.38985148514851486,0.29455445544554454,0.3155940594059406,0.0,-0.33333333333333337,0.09184308841843092,2.2711706102117057,-0.002726017242764611,0
0.3363004219985991,0.30532538313030705,0.35837419487109395,0.0,0.3333333333333333,0.10408689979863261,2.248220312544315,-0.04194014698442794,0
0.5005830777868958,0.2543946788753077,0.2450222433377964,0.0,-0.5333333333333334,-0.37462750106428255,2.1942467919479416,0.05194387906816944,2
0.40888127984796485,0.27828337852339097,0.31283534162864424,0.0,-0.06666666666666671,0.14778325123152714,2.70935960591133,-0.0027168376588198595,2
0.5649444712699179,0.2655721873491067,0.16948334138097534,0.0,-0.4666666666666666,0.06110536001840394,2.07398780768346,0.03325587765230409,0
0.5889902641494998,0.2508368240852317,0.1601729117652685,0.0,0.0,0.03738210259949404,2.176788589832068,0.019631663864201232,0
0.5935813084808352,0.2518709876526787,0.1545477038664861,0.0,0.20000000000000007,0.8533119130004944,2.377450980392157,0.017533682242067306,0
0.44470881216937513,0.28510472927423125,0.27018645855639356,0.0,-0.06666666666666665,0.01703890112194628,2.145590856663521,0.010113713302598526,1
0.45223188109226997,0.28880852219288267,0.2589595967148473,0.0,0.06666666666666671,0.18173612155859808,2.1218594854821724,-0.013959997584346018,1
0.32623011718618083,0.2877309108101719,0.38603897200364734,0.0,-0.6,-0.7688581314878894,2.2978744438952052,-0.002424263583462205,2
0.5344873603538338,0.28527852975940826,0.18023410988675792,0.0,0.6,0.8049192187123224,1.7945502773088982,-0.011683912861660817,1
0.3152524442472742,0.3110208678144249,0.37372668793830094,0.0,-0.4666666666666667,-0.6361673414304995,1.8415654520917681,-0.011758549902730009,0
0.27057739317874746,0.2753805421700862,0.4540420646511665,0.0,0.39999999999999997,-0.14003262123562865,2.065481163225524,-0.030884117375449383,1
0.4264832260470546,0.2951534707246283,0.2783633032283171,0.0,-0.2666666666666666,0.2148107109879962,2.593388734995383,0.010537771515160277,2
0.6127714794435111,0.2370006739832409,0.15022784657324786,0.0,0.2666666666666666,1.6258974839233313,2.717237934694387,0.030874537067842045,0
0.5311940153567446,0.25608526911137824,0.2127207155318771,0.0,-0.06666666666666665,-0.07029022346986147,2.3817628552271906,0.03101692217841001,2
0.33764882918906475,0.302454162954374,0.3598970078565612,0.0,0.19999999999999996,0.1711060785793883,2.1170183447763518,-0.03641778672649354,1
0.3228726614363307,0.28968014484007243,0.38744719372359687,0.0,-0.33333333333333337,-0.230977800372818,2.344856803931537,-0.00442412476429066,0
0.38912135647283486,0.30293160976223954,0.3079470337649256,0.0,-0.06666666666666665,0.06830898917229866,1.5943608749364149,-0.01314848783202599,2
0.5447155999511356,0.27156375391149906,0.18372064613736527,0.0,0.19999999999999996,-0.009711402453184581,1.9325690881837567,0.01902240502068997,1
0.4132961528021124,0.29242652320904183,0.2942773239888459,0.0,-0.2666666666666666,-0.5374446947694145,1.9706305474878534,0.0029631641279802,1
0.43907298490572055,0.2753948899408662,0.28553212515341336,0.0,0.39999999999999997,0.8932766849218626,2.838314627896887,-0.00902141796161915,0
0.39370520933741254,0.302652864506936,0.30364192615565144,0.0,0.6666666666666667,-0.11530730984872495,2.2913360837829257,-0.029774304474826874,0
0.7334479817258521,0.1721772526417435,0.09437476563240449,0.0,-0.33333333333333337,0.6793341829838182,2.0310508631676516,0.045643271148993025,0
0.46789417151040996,0.28045463894750483,0.2516511895420853,0.0,0.1333333333333333,-0.06117483489746267,1.6517205422314913,-0.007602100851965887,2
0.3592569912226985,0.2896509491733007,0.35109205960400086,0.0,0.1333333333333333,0.06445557465965646,2.0845065743024924,-0.03209898427000074,1
0.2815925443044087,0.2841759621420638,0.4342314935535274,0.0,-0.06666666666666665,-0.07814407814407809,2.6568986568986563,-0.0035300587672962846,2
0.6763078048434591,0.2083269577419583,0.11536523741458261,0.0,0.06666666666666665,1.8077915376676983,2.9429824561403506,0.02624956841120052,1
0.36682584789225,0.2893595197659363,0.34381463234181364,0.0,-0.4666666666666666,-0.33862229102167163,2.3703560371517027,0.026931955094928295,1
0.4855975916508622,0.28865243838069826,0.22574996996843955,0.0,-0.4,0.2735152031827224,1.6801648195510088,0.007195986747594085,1
0.48445590097997815,0.2751938845803426,0.24035021443967905,0.0,-0.19999999999999996,-0.09103641456582645,2.375167458287663,0.029842530281142143,0
0.3484460741250016,0.29914823727130363,0.35240568860369476,0.0,0.13333333333333336,0.08259140763152772,1.8693461172838874,-0.03730468997574904,0
0.46670066058098925,0.28229006521464095,0.2510092742043699,0.0,0.0,-0.02503052503052494,2.362026862026862,0.01575786385218575,1
0.4173689052437903,0.2899478687519166,0.2926832260042932,0.0,0.06666666666666665,-0.3296703296703297,2.0146520146520146,0.004934308362895767,0
0.4307474703514308,0.2898487650962899,0.27940376455227944,0.0,0.26666666666666666,-0.5590659340659339,2.6643772893772892,0.0024512625982275327,1
0.3526178032645248,0.29741565514963114,0.3499665415858441,0.0,0.19999999999999996,0.18675768675768667,2.05988455988456,-0.036096969682088476,2
0.30038594884542424,0.2839013540917119,0.41571269706286385,0.0,0.6,0.30276752767527704,2.339667896678967,-0.04530091950840803,2
0.5654984199942545,0.2508259120942258,0.18367566791151965,0.0,0.0,0.2279823497535679,2.147833716099399,0.018527177572552178,0
0.3388289768229676,0.29851813392119975,0.3626528892558325,0.0,-0.13333333333333336,-0.8408012651555087,1.884554559831313,-0.01751259087317736,0
0.6333822169498492,0.22381535070102843,0.14280243234912243,0.0,0.0,0.693259829415436,2.2014770126898275,0.04177110286374963,2
0.3449035016511609,0.2926783657544551,0.3624181325943839,0.0,-0.2,0.14320220841959996,1.523464458247067,-0.03024305188223464,2
0.40694337509624134,0.28851403373696366,0.30454259116679494,0.0,-0.33333333333333337,0.0546103759714347,2.9951690821256043,0.009997395566953893,0
0.5751540578389057,0.25388271762916276,0.1709632245319316,0.0,0.19999999999999996,-0.12318840579710155,2.1956521739130435,0.025086860762392638,0
0.3180047537303578,0.27472600026409616,0.40726924600554604,0.0,-0.39999999999999997,-0.40711462450592895,2.5810276679841904,0.01854865284923013,2
0.6613998241672365,0.21291638175246658,0.12568379408029695,0.0,-0.06666666666666671,1.5795804195804202,3.0481118881118885,0.052736341590324365,0
0.3706826205526077,0.2982094158932837,0.33110796355410865,0.0,-0.06666666666666665,0.01563636363636367,2.288363636363637,-0.020770696102700104,1
0.46536743559933913,0.28376063146301167,0.2508719329376491,0.0,0.06666666666666671,0.6953046953046954,2.2937062937062938,0.00978557927635354,2
0.5385651211269794,0.26319707896883454,0.19823779990418602,0.0,0.06666666666666665,0.35909090909090924,2.140909090909091,0.009003014054686065,1
0.4598133888095386,0.28146152890765697,0.25872508228280444,0.0,0.26666666666666666,-0.15277777777777724,2.8009259259259256,0.012068730364302616,2
0.39905375202663756,0.27921779045707673,0.3217284575162856,0.0,0.2,-0.19259259259259265,2.3259259259259255,-0.014023887260773416,2
0.6157144254082556,0.2336001965744889,0.15068537801725543,0.0,-0.06666666666666665,0.16259343243470226,1.566809439825313,0.017993689642815336,0
0.4559660641599476,0.26883548291511367,0.27519845292493883,0.0,-0.06666666666666665,0.3400966183574883,3.7410628019323675,0.03226402481285301,1
0.27751580948203386,0.29797370569385045,0.42451048482411574,0.0,-0.06666666666666665,-0.12722222222222201,2.0949999999999998,-0.014850429720013603,1
0.5992551310942286,0.236347443561337,0.1643974253444344,0.0,0.2666666666666667,0.469135802469136,2.197530864197531,0.012412843360263603,0
0.3677012835472579,0.307024504084014,0.3252742123687281,0.0,0.2666666666666667,-0.6587979921313252,2.133224799891466,-0.029305643146528004,1
0.36416477129138236,0.2814000505433409,0.35443517816527664,0.0,0.06666666666666665,-0.15314814814814826,2.1616666666666666,-0.01576618129934121,2
0.41711151198321245,0.28186626415835264,0.3010222238584349,0.0,-0.1333333333333333,0.22544420753376004,2.0761904761904764,-0.011105843601165899,0
0.35783703176499493,0.2962981791684672,0.3458647890665379,0.0,-0.5333333333333333,-0.32835820895522394,2.208955223880597,0.024283387362995568,1
0.4815525069861322,0.2757852636448769,0.24266222936899087,0.0,0.2,0.42666666666666675,1.9137918871252202,-0.0208255124852203,0
0.6742762210139877,0.20361076258190436,0.12211301640410799,0.0,-0.06666666666666665,1.3722697056030393,3.5375118708452042,0.06853268204775897,0
0.325268547334605,0.28711976709165743,0.3876116855737376,0.0,-0.5333333333333334,-0.22975789642456312,1.7712041045374378,0.01416467437563873,0
0.41030236267078807,0.28925042337350587,0.3004472139557061,0.0,0.13333333333333336,-0.37138047138047126,2.238047138047138,0.004267822404397936,0
0.4833353101648677,0.28466374095599567,0.2320009488791365,0.0,-0.1333333333333333,0.44209288653733103,2.5584950029394475,0.012994142534508424,1
0.3960479346209758,0.29267693281738777,0.3112751325616365,0.0,0.26666666666666666,0.07391304347826111,2.5086956521739134,-0.02902607397966639,0
0.4293714996888613,0.27006845052893597,0.3005600497822029,0.0,-0.2,0.053448356697454624,2.9790426180317877,0.008512352081980257,2
0.29704813073095676,0.2951621108532999,0.40778975841574333,0.0,-0.2,-0.4545298263709814,1.95220904246175,-0.008796450434716663,1
0.40057416267942586,0.28861244019138754,0.3108133971291866,0.0,-0.4666666666666666,-0.6254545454545455,2.8654545454545453,0.02850297392639567,2
0.6654982115076254,0.212231775879425,0.12227001261294955,0.0,0.0,0.5948051948051949,1.9766233766233767,0.03230665394372778,0
0.413675368004629,0.29454733481342255,0.2917772971819484,0.0,0.39999999999999997,0.04167832167832197,1.9213986013986015,-0.020763863548260264,2
0.6938616424865237,0.19492129998573207,0.11121705752774426,0.0,0.4666666666666667,0.6636363636363636,2.2636363636363637,0.027035599622014517,0
0.4842132717314356,0.25682029881888296,0.2589664294496814,0.0,-0.2,0.098567794735678,3.0127460738774605,0.02524931449167489,1
0.27297319452414126,0.2811705877530945,0.4458562177227641,0.0,0.06666666666666665,-0.6221719457013573,2.082923470391501,-0.02324336430069543,1
0.40960095117782563,0.2980109484530975,0.2923881003690768,0.0,0.20000000000000007,-0.10508021390374322,2.2050802139037433,-0.009764999983865652,1
0.495515565328087,0.2692396713343363,0.23524476333757668,0.0,0.13333333333333336,0.32704603580562663,2.5425191815856776,0.005661730865254511,0
0.7307464845184274,0.17131053116915515,0.09794298431241749,0.0,0.8,0.5016953221112013,2.3500465088366793,0.007917438530200771,0
0.4429950791960443,0.2635381490967969,0.2934667717071587,0.0,0.0,0.31211180124223636,2.4549689440993796,-0.004262460635892418,0
0.4313029029655762,0.293884627888216,0.2748124691462079,0.0,0.0,0.33988957902001404,1.7477570738440305,-0.015598145421268805,1
0.5639908937939225,0.2563594971790557,0.17964960902702168,0.0,0.1333333333333333,0.8509061166066,2.4612120747386452,0.016890328408131094,1
0.4997845663320264,0.27181265888233014,0.2284027747856435,0.0,0.06666666666666671,0.5298913043478262,3.0570652173913047,0.028868124157679365,0
0.38409224318658286,0.2851236897274633,0.3307840670859539,0.0,0.4,-0.60625,3.277678571428572,0.0020249531087812578,2
0.5618832495521351,0.2590906095157067,0.17902614093215818,0.0,0.13333333333333336,0.19421499837167322,3.036385706249815,0.03520093681831149,2
0.4652160588415569,0.2819491265706406,0.25283481458780266,0.0,0.26666666666666666,-0.37248123579058834,1.97577003332399,0.0028919502477683934,2
0.33168076375512945,0.28944811992295455,0.3788711163219161,0.0,-0.39999999999999997,-0.6999121199934462,1.9811728257145838,0.003094745521724118,0
0.3428460385320082,0.2837710288157237,0.373382932652268,0.0,0.33333333333333337,-0.9350212137981918,2.6090665928795422,-0.02195519979342081,2
0.37619677088304476,0.2931249287322147,0.33067830038474044,0.0,-0.19999999999999996,-0.3782215395118619,2.1955965181771635,0.010111023735243752,0
0.5412662833382061,0.2536724815644999,0.20506123509729393,0.0,0.4666666666666667,0.9168231211241965,2.8881492859987485,0.014631082597552747,0
0.3965278781248065,0.27651053815824783,0.32696158371694567,0.0,0.06666666666666665,-0.06810035842293893,2.35483870967742,-0.005144134177845816,0
0.41290072591316246,0.29586835455561006,0.2912309195312275,0.0,0.2666666666666667,0.38530465949820814,2.611111111111111,-0.020688697751361507,0
0.39207542467915435,0.29160609710512103,0.3163184782157245,0.0,0.0,0.2912889844830234,2.0611461053925333,-0.01712475922631629,0
0.4776655443322111,0.2772166105499439,0.24511784511784512,0.0,-0.13333333333333336,0.6681657565049793,2.194025056215869,0.016542334991646035,0
0.36169389563546045,0.2694357425458358,0.3688703618187037,0.0,-0.33333333333333337,0.025576308261821,3.572606427730103,0.01600246508364528,2
0.2141204298863578,0.26842186455494416,0.517457705558698,0.0,-0.8,-1.0885227846358587,3.0875131935202607,0.021654165452071633,1
0.2335794200471877,0.27330847096430466,0.4931121089885075,0.0,-0.33333333333333337,-0.5917415917415916,2.445221445221445,0.0024428273496783226,2
0.5345696530801977,0.2696090424230563,0.1958213044967461,0.0,0.33333333333333326,1.1490287490287492,2.4543900543900548,-0.006679090968471413,0
0.5174445650488448,0.2623662583346255,0.22018917661652967,0.0,-0.1333333333333333,0.11621711621711661,2.0742590742590745,0.012648613382500118,1
0.3328180447788601,0.29560196948409934,0.3715799857370405,0.0,0.3333333333333333,-0.1617826617826621,2.310744810744811,-0.02539817093994534,2
0.492323547577194,0.2666164770546981,0.24105997536810791,0.0,0.19999999999999998,0.6731062531774273,2.3541772580918487,0.01060236184637231,1
0.5572892109872885,0.2429955567490265,0.1997152322636849,0.0,0.2666666666666666,0.2502443792766371,3.5347018572825024,0.037159756874138083,0
0.43198547947968136,0.29484723202581425,0.2731672884945044,0.0,0.06666666666666668,0.10825625214114432,2.1226447413497773,-0.014544864461302431,1
0.6082222398798371,0.23922365733063,0.15255410278953294,0.0,0.06666666666666665,0.32474020783373314,1.9520098207148568,0.02422768066065273,1
0.4116229332894629,0.28535822982643744,0.30301883688409975,0.0,0.06666666666666665,-0.030016802884223148,2.240819589226578,-0.0030173720408649962,2
0.35263175641501165,0.27934383113598815,0.3680244124490002,0.0,0.06666666666666676,-0.7497125745300925,2.7261303173711933,-0.013188139091463602,0
0.4844127279673308,0.27274851545374634,0.24283875657892298,0.0,0.4666666666666667,0.7768508863399375,1.8995481404240526,-0.01653379673994604,1
0.6657200224300417,0.20850291530247395,0.12577706226748425,0.0,0.4666666666666666,0.8884916497012427,2.781998444146515,0.028457171348010624,0
0.4449461254211077,0.2844958559510719,0.27055801862782053,0.0,-0.3333333333333333,-0.2914825574298755,1.8275028684422527,0.025325953699836312,2
0.53440036561255,0.25757801555840365,0.20802161882904635,0.0,-0.06666666666666665,-0.16423235961051064,2.640222755768974,0.03809095760542791,2
0.39119041677065136,0.28213127027701523,0.3266783129523334,0.0,0.06666666666666671,0.09079218106995901,2.811985596707819,-0.01226473868935496,2
0.7043135344384899,0.18857887737501153,0.10710758818649847,0.0,0.39999999999999997,1.589743589743589,2.672364672364672,0.02784132704157516,0
0.2943766511510882,0.25839728267706635,0.4472260661718455,0.0,-0.8666666666666667,-1.2176030906189634,2.6624674561182498,0.004421679672373946,0
0.38384939976342874,0.28320595958155415,0.33294464065501705,0.0,-0.06666666666666665,-0.10832967354706491,2.2339335382813648,-0.0027265112862001617,2
0.4744931820924339,0.28012248099432846,0.2453843369132376,0.0,0.39999999999999997,0.5840987370838118,2.162743972445465,-0.013950283971905841,0
0.24122531832441407,0.26997601033401,0.4887986713415759,0.0,-0.4666666666666666,-1.1244911804613298,2.3558344640434195,-0.008954805007948652,0
0.49522063352875956,0.2690794193740081,0.23569994709723235,0.0,-0.06666666666666671,-0.030121501336852985,1.6756354283006736,0.010281518266275658,0
0.45562379858408736,0.2701955084626565,0.2741806929532561,0.0,-0.39999999999999997,-0.35727611940298454,2.6899875621890548,0.02866012739992302,1
0.34714445688689805,0.2777155655095184,0.3751399776035834,0.0,-0.13333333333333341,0.2159343608618971,2.3752779694808677,-0.01400626000866595,1
0.3276469591733017,0.303100118583771,0.3692529222429273,0.0,0.26666666666666666,0.36658249158249145,2.050084175084175,-0.03766626452690325,0
0.2971150001413621,0.27432741900957625,0.42855758084906154,0.0,-0.19999999999999996,-0.4151404151404148,3.519196852530186,0.007731399667492422,0
0.37869472938019266,0.286358668821442,0.33494660179836544,0.0,-0.19999999999999998,-0.5077685395145708,2.972537163013353,0.023814749659966383,2
0.4779057897039522,0.274901560449176,0.24719264984687184,0.0,0.2666666666666666,0.3568890242664231,1.8358885842894372,-0.02283767512705498,2
0.588842521414452,0.24291675818141883,0.16824072040412916,0.0,0.0,1.2325870646766175,3.0087064676616917,0.0396999752019197,0
0.462863202545069,0.272831389183457,0.26430540827147403,0.0,-0.06666666666666671,0.450959488272921,2.082089552238806,-0.007980638575414534,0
0.2613614199336844,0.2744294909303686,0.46420908913594694,0.0,-0.3333333333333333,-1.113310996040207,2.568957931431279,-0.00992462867644156,2
0.32936694991910104,0.30058731351840295,0.370045736562496,0.0,0.2,0.06477732793522273,1.8692886061307115,-0.022988485083898058,2
0.4352455706122971,0.2883670343994786,0.27638739498822423,0.0,0.06666666666666665,0.33098019081846575,1.717195054122278,-0.019079822737965102,0
0.38463475119273915,0.2954971739321996,0.3198680748750614,0.0,-0.4,-1.0612481857764875,2.9387518142235125,0.013795213297416009,2
0.4040238357245189,0.2913024520897785,0.30467371218570277,0.0,-0.6666666666666667,-1.0433717226170056,2.779220779220779,0.025522824506206465,1
0.5104597070126268,0.25809760466930565,0.23144268831806752,0.0,0.06666666666666665,0.363539445628998,2.4744136460554373,0.0038008872526446025,0
0.63994431459935,0.21529449099050058,0.14476119441014937,0.0,0.39999999999999997,0.9701492537313434,2.3134328358208958,0.01818227437324571,0
0.44579371865137374,0.2849262605447618,0.2692800208038645,0.0,0.1333333333333333,0.39978678038379556,2.238805970149254,-0.01826903072241426,0
0.3818364211248111,0.2993104849462229,0.318853093928966,0.0,-0.06666666666666665,0.017247097844112935,1.821558872305141,-0.011345618279217873,0
0.47466392463443774,0.2704480500824122,0.25488802528315013,0.0,-0.19999999999999996,-0.37800129785853365,2.471879731775903,0.03947978109768613,2
0.4685431226480301,0.2569848705936564,0.27447200675831346,0.0,-0.06666666666666665,0.18928571428571428,2.74030612244898,0.014034246817188178,1
0.25900562887974105,0.27839227774798514,0.4626020933722738,0.0,-0.13333333333333341,-0.6720503695592664,2.3391732822337805,-0.012647780970016204,1
0.3066332812376929,0.287646700356102,0.40572001840620503,0.0,0.4666666666666667,0.5362669245647971,2.431818181818182,-0.0340272178815379,2
0.43302005891429374,0.27142656754102956,0.29555337354467665,0.0,-0.39999999999999997,-0.5958009681413938,2.162276258020939,0.014402837172730776,0
0.266773235898607,0.2630052523407171,0.47022151176067606,0.0,-0.4666666666666666,-1.060391145497528,3.452826133677198,0.0025050631084855834,0
0.5509994075275187,0.25180080451526393,0.1971997879572172,0.0,0.2,0.7255594817432276,2.8726232542486962,0.04219874246020039,2
0.5328941543728256,0.26568796870440026,0.20141787692277427,0.0,0.06666666666666665,0.4961130742049472,2.0226148409893994,0.003969546580356975,1
0.4114365066610626,0.2970755607201282,0.29148793261880923,0.0,-0.1333333333333333,-0.2527860831747757,1.867355259581408,0.01312209378015089,2
0.3383540423848917,0.2673774760225437,0.3942684815925645,0.0,-0.26666666666666666,-1.0144555091551557,2.3713459685191136,-0.010455260287239143,1
0.2882349871757306,0.27874221813700895,0.4330227946872604,0.0,-0.2,-0.24067388688327296,2.5571600481347776,-0.005932360471464337,2
0.579137249145351,0.2540629349111758,0.1667998159434732,0.0,0.1333333333333333,0.5345737295195778,1.8175506803665649,0.007816726290533649,0
0.6161894539864319,0.22366492199988267,0.1601456240136854,0.0,0.06666666666666665,0.6924117205108942,2.9042824943651393,0.05581778149311167,1
0.4101136741505228,0.27956697907558165,0.3103193467738956,0.0,0.1333333333333333,0.06799450549450525,2.5863095238095237,-0.01953099205881631,2
0.46024913129808886,0.27105050881111936,0.2687003598907918,0.0,0.2,0.41286525758575465,2.2966957128447816,-0.015429477539640302,1
0.7064347983840923,0.1868725318370745,0.10669266977883315,0.0,0.33333333333333337,0.8390022675736966,2.499563928135357,0.024108188674125897,0
0.46614040294635734,0.2769013139890302,0.25695828306461255,0.0,0.0,0.6757867982357781,2.3503027584660243,0.013164075574298884,1
0.43008605352020624,0.3006426781888821,0.26927126829091175,0.0,-0.19999999999999996,0.18015925680159284,1.6665560716655607,-0.01188780631819375,2
0.3837150470536648,0.2938577259081863,0.3224272270381489,0.0,-0.4,-0.6221468154187924,2.4830944999145568,0.011720158273047177,0
0.524819197896121,0.24971236028928334,0.22546844181459566,0.0,0.06666666666666665,0.5985401459854017,2.563728242560359,0.024904987619153496,2
0.4046012017449996,0.27450818997448345,0.3208906082805169,0.0,0.1333333333333333,-0.06340579710144922,2.8713768115942035,-0.012790621334470065,2
0.4274383018921703,0.2853972661864645,0.2871644319213652,0.0,-0.19999999999999996,-0.36363636363636376,2.6036363636363635,0.0318877192811185,0
0.3731101855743634,0.3076305834702533,0.31925923095538317,0.0,0.1333333333333333,0.0710859883521755,2.661014045906133,-0.02292753448991114,1
0.25234632357511344,0.29019827211138044,0.45745540431350623,0.0,-0.06666666666666665,-0.12682344243182508,1.966047715187534,-0.015791442573465098,2
0.43606648266219916,0.27726018151357734,0.2866733358242235,0.0,-0.1333333333333333,0.5174230403046653,2.711012377023167,0.01168326614527504,0
0.567112963856299,0.24032694075564087,0.19256009538806007,0.0,0.2,0.9539257714440199,2.8695014096473948,0.033162637104411696,1
0.39689712306070196,0.29959331224582014,0.30350956469347795,0.0,-0.13333333333333336,0.11950278895013033,2.4367313835509874,-0.011655221755471845,1
0.6292239571195526,0.2155674667909578,0.15520857608948962,0.0,0.2666666666666666,0.3885584976473997,2.088501924854773,0.009842920250853093,0
0.3640897755610973,0.31795511221945133,0.31795511221945133,0.0,0.0,-0.6309839795241252,2.3906294435491517,-0.010706816591639468,2
0.26499516033346865,0.2843850501139663,0.45061978955256504,0.0,-0.06666666666666665,-0.05004084967320255,2.375408496732026,-0.007966222400748457,2
0.465136148903644,0.28275753732744313,0.2521063137689128,0.0,0.1333333333333333,0.8953611429579326,2.383587617955728,-0.004885485876882201,0
0.6040993715863041,0.22857814060022316,0.16732248781347273,0.0,0.4666666666666667,0.27423687423687426,2.24004884004884,0.011971919634051309,0
0.2501812907904279,0.30021754894851344,0.44960116026105884,0.0,-0.2666666666666666,-0.9706946187347754,2.0262788809330483,-0.015522776352677237,0
0.3346578842580303,0.27443920891956464,0.3909029068224051,0.0,0.0,-0.00840159630329751,2.5960932577189673,-0.020260369570951064,2
0.5317698785942071,0.2689587536242377,0.19927136778155516,0.0,0.1333333333333333,0.5800102019383685,2.080295256098659,0.00827234752754602,1
0.694942763167344,0.18187955129770333,0.12317768553495255,0.0,0.2666666666666666,0.5392476137001688,2.5044357102751262,0.03274033505196683,1
0.504046103206701,0.26341392399220254,0.2325399728010965,0.0,0.06666666666666671,1.0473744869280386,2.6892047637341525,0.022448873968972438,2
0.4711205150137307,0.28969522351775984,0.23918426146850946,0.0,0.4,0.9134759038716013,1.8098774917829856,-0.030419305271232655,1
0.44663111512286663,0.2840956328610283,0.26927325201610514,0.0,0.0,0.27445255474452557,2.5775182481751826,0.007185157016273647,1
0.5801477258001814,0.22806790203446933,0.19178437216534924,0.0,-0.19999999999999996,0.23138701975255072,3.6175385283264596,0.06111443250810744,0
0.4600648645293442,0.2625228887992303,0.27741224667142544,0.0,0.26666666666666666,0.6852934806151183,3.7175655187351095,0.0409429490332493,2
0.3991248502595502,0.28880773326234527,0.31206741647810465,0.0,-0.2,0.4168888888888892,1.8776296296296295,-0.02220828113051515,0
0.4852923942341498,0.28407359662486814,0.23063400914098206,0.0,-0.2,-0.37037037037037035,1.4331723027375203,0.012037117577602285,0
0.5422061712625866,0.2486918972191064,0.20910193151830694,0.0,0.2666666666666666,1.1498599439775907,3.0406162464985993,0.01620742250777818,0
0.4266541696629848,0.2703796772864265,0.3029661530505886,0.0,-0.3333333333333333,0.2401470588235297,3.0695588235294116,0.019299097488349015,0
0.37220731462797607,0.30486717546830944,0.3229255099037145,0.0,0.06666666666666665,0.06147058823529428,2.0026470588235297,-0.030546213026308278,2
0.4251875374669886,0.2856321187278236,0.28918034380518787,0.0,0.06666666666666665,-0.4088094567970728,2.2509147199549675,0.008027401493533703,0
0.18832144198272627,0.2633308298911003,0.5483477281261735,0.0,-0.4666666666666667,-1.3209570198817508,2.4532058940661092,0.015954933997294196,2
0.24641666380228922,0.2901728938232564,0.46341044237445433,0.0,-0.1333333333333333,-1.0262759495688094,2.612026747899211,-0.009648951256669286,1
0.4728693025913913,0.2669204945859716,0.2602102028226371,0.0,0.06666666666666665,-0.0646708743665938,2.495968303085374,0.015520003916368874,1
0.3444509787448542,0.28354196421070316,0.3720070570444426,0.0,-0.4,-0.08355167042971146,2.7610687852408144,0.015697609407302304,2
0.5383250124494043,0.2739124328051381,0.18776255474545758,0.0,0.4,0.4400132003960119,1.672050161504845,-0.022336081919676065,0
0.5900570586747874,0.2440550137974252,0.16588792752778725,0.0,0.06666666666666665,1.2038512957630605,2.2322346770876185,0.01374754959754021,1
0.5334493906988312,0.2489430489927879,0.21760756030838102,0.0,-0.2,0.5273342023790126,3.9492015642822222,0.0727752005364799,0
0.33299180327868855,0.30968237704918034,0.3573258196721311,0.0,-0.2,0.3246130030959754,1.8106811145510835,-0.02055939805154061,2
0.3179519064343208,0.2919558386126468,0.3900922549530323,0.0,0.2,-0.3365190469780587,2.11333961502221,-0.0118467984571472,1
0.4872407379331511,0.254967071082827,0.2577921909840218,0.0,-0.13333333333333336,-0.06426322215795865,2.538397275239381,0.02884900699070353,0
0.3764875586007933,0.26721961774251707,0.35629282365668946,0.0,-0.19999999999999996,0.17132352941176476,3.1125,0.009759840160616429,1
0.45118104991792,0.2913582955582807,0.25746065452379924,0.0,0.06666666666666665,-0.08422459893048095,1.5401069518716577,-0.007304170750975225,0
0.43082086635588196,0.28633017579344777,0.28284895785067027,0.0,-0.26666666666666666,0.546875,2.2840073529411766,0.005869966410554539,0
0.5227379309876099,0.26433906737441637,0.21292300163797379,0.0,0.2,0.9184837728194728,2.97223630831643,0.024483683821518887,0
0.5030070313311531,0.25777368641624193,0.23921928225260497,0.0,0.5333333333333333,0.2850935828877006,2.0899064171122994,-0.01630860719173477,2
0.543947378543678,0.2598184405892987,0.19623418086702307,0.0,0.3333333333333333,0.3785093582887702,2.250167112299465,-0.005462210969700454,0
0.302755639549582,0.29136671266997394,0.405877647780444,0.0,0.06666666666666665,-1.0296688605512139,2.5568181818181817,-0.020631813811001654,2
0.3371691159279207,0.29342249012714616,0.3694083939449331,0.0,0.0,0.1285245503159942,2.331368497812348,-0.026228594098906655,1
0.30325313494713296,0.28297480981389,0.4137720552389769,0.0,-0.4,-0.7594890510948905,2.277007299270073,-0.011006743881944447,1
0.37846927364907473,0.29370170762672676,0.32782901872419856,0.0,-0.06666666666666665,-0.08905380333951751,2.0482374768089056,-0.007456808470838905,0
0.26291588947208605,0.2917624604172993,0.44532165011061475,0.0,-0.4666666666666667,-0.1103844771828959,2.235285662953647,0.0032981994848229057,0
0.46471355351348076,0.30176204773602644,0.2335243987504928,0.0,0.19999999999999998,0.5038961038961038,2.0103896103896104,-0.017479973026273132,2
0.5860145909297924,0.22725931697033414,0.1867260920998737,0.0,0.0,1.0304401480872072,2.691279308926368,0.04079913763884779,0
0.4490882207984229,0.27749630359783145,0.2734154756037457,0.0,-0.06666666666666665,0.10569852941176472,2.0174632352941178,-0.008469457607029718,1
0.5204028209787195,0.26093026598092656,0.21866691304035396,0.0,-0.13333333333333336,-0.15114379084967355,2.924253034547152,0.041704620082495314,2
0.5324203009945531,0.2538788901200185,0.21370080888542842,0.0,0.26666666666666666,0.7878370098039218,2.760876225490196,0.02915647220986728,0
0.36470842022003314,0.2933774358236859,0.341914143956281,0.0,-0.06666666666666665,0.251187431494337,2.160211910851297,-0.018160436881166198,1
0.3013840276723469,0.2865466601561698,0.4120693121714831,0.0,-0.06666666666666665,-0.7063402283990518,2.2617700926524456,-0.020211762965216262,0
0.4290346719880269,0.27064105762035423,0.30032427039161885,0.0,-0.13333333333333336,-0.34644338608081116,3.303886925795054,0.02365106160115804,0
0.46095636525831707,0.2873863758709261,0.25165725887075685,0.0,0.06666666666666671,-0.07403668181053358,1.6086151775197712,-0.002423016550192114,2
0.39116740271644035,0.2855762019831681,0.32325639530039163,0.0,-0.06666666666666665,0.6123450558079531,2.339867631387066,-0.004361848966020321,2
0.48586252752283576,0.28880992348106643,0.22532754899609775,0.0,0.3333333333333333,0.25576308261820635,1.6691906444556621,-0.025979657958252245,2
0.4606120648287178,0.2704756892308169,0.2689122459404653,0.0,-0.1333333333333333,0.16693626658039495,2.0109996764801035,-0.00776242692633633,0
0.39016703171763445,0.2805430620809577,0.3292899062014078,0.0,-0.26666666666666666,-0.05321132011523466,2.573462125063549,0.0146565106653882,2
0.3113761065788984,0.2855872879358608,0.4030366054852408,0.0,0.06666666666666665,-0.744876325088339,2.859363957597173,-0.012535275765343135,2
0.3126304207610881,0.3004894335470653,0.3868801456918466,0.0,-0.26666666666666666,-0.45489500147885253,2.0621118012422364,-0.0031337751924534474,1
0.2699033025425562,0.2691232351941673,0.4609734622632766,0.0,-0.26666666666666666,-1.1792328042328042,3.1435185185185186,-0.0031200883786858813,1
0.5349099992070414,0.2564031401157719,0.2086868606771866,0.0,0.0,0.19511904761904764,2.159404761904762,0.010054989683720428,0
0.33141171052856,0.3032525455816889,0.36533574388975115,0.0,0.26666666666666666,0.1909863945578234,2.40187074829932,-0.03091240369295911,1
0.5023317788141239,0.24650233177881417,0.25116588940706197,0.0,0.06666666666666665,-0.030032467532467466,2.6193181818181817,0.006360359375045865,0
0.4728584745794696,0.2780690134094194,0.24907251201111097,0.0,0.3333333333333333,1.0782967032967035,2.2870879120879124,-0.010480741068968902,1
0.350870055347895,0.29424229325060813,0.3548876514014968,0.0,-0.1333333333333333,0.029577048210588486,1.922508133688258,-0.009331371582470604,0
0.512231822153189,0.26943986020774685,0.21832831763906416,0.0,0.4666666666666666,0.5683673469387758,1.9833333333333338,-0.014352263928164244,2
0.5520850629231295,0.2514888831105361,0.19642605396633447,0.0,-0.06666666666666665,0.1244642857142857,2.33875,0.01707154040759984,0
0.5040005614823133,0.27916198764738914,0.2168374508702976,0.0,-0.39999999999999997,-0.18918053777208732,1.6258002560819462,0.043128868854637736,1
0.43939393939393945,0.26767676767676774,0.292929292929293,0.0,0.06666666666666671,1.0981164766376035,3.2638888888888893,0.027606076067391183,0
0.6380571070199916,0.22393350390605474,0.13800938907395374,0.0,0.13333333333333336,0.9157158630842839,2.387927861612072,0.03056130890188158,0
0.47487832159376037,0.2636718159557423,0.2614498624504973,0.0,-0.06666666666666665,0.43783371472158694,2.616323417238749,0.009515069186655956,1
0.4594718528309012,0.2792598386966256,0.26126830847247323,0.0,-0.2,0.20918964076858815,1.7463659147869675,-0.009964570560634822,0
0.3076665162697706,0.29223496686439027,0.400098516865839,0.0,0.0,-0.4173396454098205,1.8550078900956093,-0.015978912420124114,0
0.4341902221371581,0.28033302630477175,0.2854767515580703,0.0,-0.3333333333333333,-0.3859649122807014,3.2531328320802,0.02924571503361545,1
0.4478961856075501,0.2780967361384192,0.2740070782540307,0.0,-0.19999999999999996,-0.15569226095541877,2.578415736310473,0.022747706099353893,0
0.30036772622616814,0.2965413857646883,0.40309088800914344,0.0,-0.2666666666666666,-0.8747096399535422,1.9127468060394888,-0.015585439546890623,1
0.2402685354219422,0.27418879924621636,0.48554266533184154,0.0,-0.2,-1.0732028913847098,2.6893645075463257,-0.007580114499196294,2
0.38948655563884266,0.3092600890288485,0.3012533553323088,0.0,-0.2666666666666666,-0.1379572808144236,1.289187003472718,0.005658474540859659,1
0.48501664816870144,0.2699223085460599,0.2450610432852386,0.0,-0.2,0.4512947370090231,2.3604966462109322,0.011103860182720138,0
0.30289263327390886,0.2897233883489563,0.4073839783771351,0.0,-0.2,-0.16070885636102994,2.2629544368674805,-0.008276553908131812,2
0.5549779048609306,0.25474395632960745,0.1902781388094619,0.0,-0.06666666666666665,0.467768806869153,2.210688196847366,0.01807282589856829,0
0.49679018394299423,0.24449359838032178,0.258716217676684,0.0,0.2,0.3640740183541451,3.342861441251692,0.019365223973286105,0
0.5857487422191647,0.25171364868337076,0.16253760909746456,0.0,0.2666666666666666,0.27249134948096887,1.7257785467128028,0.0023156626813443104,1
0.3832049596092429,0.2830358820214165,0.3337591583693406,0.0,0.33333333333333337,-0.2145328719723183,2.5272697314219803,-0.017840510391274045,1
0.42929465828402963,0.28229376014434676,0.28841158157162367,0.0,0.3333333333333333,0.5121107266435984,2.1038062283737022,-0.02723563634128845,0
0.5404864644111046,0.26946443326547864,0.19004910232341685,0.0,-0.19999999999999998,0.07953340402969244,1.8368429025905166,0.011336232094164012,2
0.45050826814072237,0.2860589309973298,0.2634328008619478,0.0,0.13333333333333336,0.6646720193910014,2.543175276473262,0.00866530089138956,0
0.5858619595999854,0.24321684484699135,0.17092119555302326,0.0,-0.06666666666666665,0.44801352493660196,1.80050718512257,0.012162568505235227,2
0.4733037441503542,0.25406222778642995,0.27263402806321574,0.0,-0.2,0.429765886287625,2.770903010033445,0.018896880283363726,0
0.39283255517029875,0.29369500181501834,0.31347244301468286,0.0,-0.06666666666666665,0.2580752580752582,1.7565767565767567,-0.024795956086758275,2
0.3263923892463371,0.3030027066293358,0.37060490412432706,0.0,-0.39999999999999997,-0.2493506493506491,2.1482517482517487,0.016587737023878557,1
0.4482736971799208,0.2766793145798918,0.2750469882401875,0.0,0.0,0.43865225683407516,2.917991099809282,0.009345230301043894,0
0.35469405712738594,0.30485142818464867,0.34045451468796534,0.0,0.0,-0.4254298941798941,1.7240410052910056,-0.016698565993702452,1
0.4169622911539694,0.2788046364731019,0.30423307237292885,0.0,0.2,-0.29265873015873045,3.4573412698412698,0.014850070451236541,2
0.5124932515677127,0.26957737510209173,0.2179293733301956,0.0,0.13333333333333336,1.1726190476190477,2.1884920634920633,-0.009378259885421847,0
0.4587837994482354,0.2839424124633895,0.2572737880883751,0.0,-0.5333333333333333,-0.2320075757575757,2.419507575757576,0.029809147799596702,0
0.5701396956403632,0.2582953317265734,0.1715649726330634,0.0,0.2666666666666666,0.49718574108818014,1.5666041275797373,-0.009437894021206872,0
0.5597885086434401,0.24666142729143667,0.19355006406512315,0.0,0.0,0.44702248970541647,2.3317231548938864,0.018324394927118792,0
0.31590674644109756,0.28240148545492055,0.4016917681039819,0.0,-0.5333333333333334,-0.595502058916693,2.4936271626167095,0.009691352728292746,2
0.38002183360451053,0.2838577720521497,0.3361203943433397,0.0,0.5333333333333334,-0.07024572649572658,2.2855235042735047,-0.0236525380796323,0
0.5457396128565398,0.25779412651510586,0.19646626062835434,0.0,0.26666666666666666,0.446633825944171,2.285714285714286,0.0025651091650920055,1
0.49848787446504983,0.277432239657632,0.22407988587731809,0.0,-0.1333333333333333,-0.03297755883962761,1.8061029009304872,0.017569454215682567,1
0.3871800109216269,0.2943545193442022,0.31846546973417095,0.0,-0.2666666666666667,0.05123152709359613,1.942857142857143,0.0032731012341497556,2
0.626191670847968,0.22428499749121927,0.14952333166081286,0.0,-0.13333333333333336,0.7081891580161475,2.269127258746636,0.048876142085999774,0
0.4902520662976937,0.2524333132698152,0.2573146204324912,0.0,0.0,0.6580685750235922,3.4388172381251962,0.04949144587637366,1
0.42330790456094786,0.29102418438565164,0.2856679110534004,0.0,-0.20000000000000007,0.17100446316634077,1.9086304598565769,-0.015488091592711861,2
0.34692523602959935,0.3008930849706558,0.35218167899974484,0.0,-0.4,-0.5978469819300266,2.078046905036524,-0.003329211878559335,1
0.3863259767009678,0.30228753371731576,0.31138648958171655,0.0,0.0,-0.572589137956973,1.810440800361065,-0.01958983020620836,0
0.26385973863333295,0.2804995419705702,0.45564071939609696,0.0,-0.6000000000000001,-0.8744232987312571,2.539648212226067,-0.00377066883154048,0
0.3934992854531556,0.29143540828874337,0.3150653062581009,0.0,0.19999999999999996,0.31855879606744675,2.3095512714889876,-0.025554031051126747,2
0.3239436619718309,0.2704225352112676,0.40563380281690137,0.0,-0.7333333333333334,-0.7184944684944685,3.0333092833092836,0.024858402026782467,2
0.3626235262696021,0.3137853409134267,0.3235911328169713,0.0,0.0,-0.26124338624338594,1.6435185185185186,-0.007640149141150632,0
0.58998186826891,0.23246168375682744,0.17755644797426245,0.0,0.5333333333333334,0.8329826038159374,2.1376964085297425,-0.005142721606055778,0
0.35126892950391647,0.2778694516971279,0.37086161879895563,0.0,-0.06666666666666671,-0.5273771367521365,2.9982638888888893,0.013170222518758434,2
0.403848849385322,0.30093252970325607,0.29521862091142204,0.0,0.06666666666666671,0.45138888888888884,1.8981481481481484,-0.03038731481955359,0
0.3931401163299039,0.29208215539243654,0.3147777282776596,0.0,-0.2666666666666667,-0.5919312169312169,1.9464915595867982,-0.005130196001087495,1
0.326102900884344,0.3037961877945355,0.37010091132112055,0.0,-0.26666666666666666,-0.5276348766653475,1.522603501234289,-0.0039049105091448766,0
0.530780416868638,0.2559379544352884,0.2132816286960737,0.0,0.0,0.538302277432712,2.845312037858622,0.03312768560690904,0
0.588379866299646,0.24749311836413687,0.16412701533621704,0.0,-0.06666666666666671,0.21916592724046158,1.7719609582963622,0.014499594223205126,1
0.4081501625534177,0.28936961989081317,0.30248021755576915,0.0,0.0,0.4366699060576612,2.1859410430839006,-0.019939894843955086,2
0.6531310071901862,0.20663215492963857,0.1402368378801751,0.0,0.39999999999999997,1.0613418375975454,2.7283709018868842,0.03556423679479159,0
0.500335345405768,0.250167672702884,0.2494969818913481,0.0,-0.2,-0.23739103362391045,2.7202677459526776,0.03358616722246843,2
0.350561797752809,0.298876404494382,0.350561797752809,0.0,-0.26666666666666666,0.09631849315068508,1.5517979452054795,-0.009816160483604452,1
0.5151863608507943,0.26795612446549927,0.2168575146837064,0.0,0.19999999999999996,0.9058219178082192,2.107876712328767,-0.0034024986813084857,2
0.3874557810657544,0.3002470843628515,0.3122971345713941,0.0,0.1333333333333333,-0.24860476915271412,1.816116294972757,-0.0037304140453447987,0
0.5718703057881005,0.2505775802243559,0.17755211398754359,0.0,0.33333333333333337,0.5945659997745232,2.2596283095281455,0.01455864036161203,0
0.6135747328122508,0.23791673313128092,0.14850853405646833,0.0,-0.2,0.13942071674030432,1.7758141057110128,0.02722433561319404,0
0.4017756947653311,0.3149052742755298,0.28331903095913924,0.0,0.0,-0.1083221275959958,2.162707306140744,-0.004312946310038701,0
0.3922908885913607,0.28905644422521315,0.31865266718342605,0.0,-0.06666666666666665,-0.043083470273458824,1.9920574727173135,-0.0037482211904233953,1
0.3106526482840706,0.2876413410037691,0.4017060107121603,0.0,-0.33333333333333337,-0.30122039507705034,2.263677732961009,0.01352006679736284,2
0.4968885590317424,0.2763758849052295,0.2267355560630281,0.0,0.19999999999999996,0.577446823180612,1.6346628974615325,-0.016020370949926088,1
0.4151875401698554,0.2692138228767074,0.3155986369534374,0.0,-0.5333333333333334,-0.6410176853862859,3.2621780949426,0.04501879243530754,0
0.3949818891516846,0.279088999520352,0.3259291113279635,0.0,0.3333333333333333,-0.3856847277899911,2.4269365058838748,-0.0025988751794506215,2
0.31544528425895496,0.28209004272099897,0.402464673020046,0.0,-0.2,-0.23648648648648618,2.4662162162162167,-0.007133882761749477,1
0.5087269815852682,0.2651721377101681,0.22610088070456366,0.0,0.06666666666666665,0.1533169533169535,1.9223587223587222,-0.008738757980703171,0
0.26860199944263674,0.28329754956411834,0.4481004509932449,0.0,-0.5333333333333333,-0.17736486486486458,1.7257882882882885,0.012916613028240098,0
0.4584570709515052,0.28374019939986445,0.2578027296486303,0.0,0.19999999999999996,-0.12333762333762333,2.4238524238524235,0.005632345596839727,0
0.6186849312284374,0.21329092377966677,0.16802414499189577,0.0,0.6,1.2602502167719556,3.0563607085346214,0.023019764465416204,0
0.43370248428614183,0.2702783597725232,0.2960191559413349,0.0,-0.06666666666666665,-0.4013377926421404,2.408026755852843,0.020669552881142195,1
0.3384801695428399,0.2994247653648198,0.36209506509234024,0.0,-0.06666666666666665,-0.0523968784838349,1.5975473801560758,-0.02166264710676047,1
0.5164486968407319,0.2492725710084599,0.23427873215080816,0.0,0.26666666666666666,0.9730597119862368,3.037627070977775,0.025829691867992444,2
0.32003573695338433,0.2623391533899573,0.4176251096566585,0.0,-0.13333333333333336,-0.5501253132832076,2.7832080200501252,0.005033841609288658,2
0.5969411858910197,0.24441686351443329,0.158641950594547,0.0,-0.6,-0.21710526315789458,1.6707665903890159,0.06700922489091299,0
0.4739158235227743,0.26674690638281867,0.25933727009440705,0.0,-0.06666666666666671,-0.10185185185185153,1.9933862433862433,0.0096332330613913,0
0.38536945118869065,0.2767341459574574,0.337896402853852,0.0,-0.06666666666666665,0.30348484848484847,2.839848484848485,-0.002391350859898722,2
0.40386113756384723,0.29997402822266467,0.296164834213488,0.0,-0.4666666666666667,0.0392318244170099,1.970644718792867,0.014794763685446466,1
0.6515586927304714,0.20937728777630876,0.13906401949321998,0.0,-0.1333333333333333,0.7819185645272606,3.150448585231194,0.07563630373972441,1
0.2768211920529801,0.2768211920529801,0.4463576158940398,0.0,0.06666666666666665,-0.779220779220779,1.8374218374218372,-0.02286049505064297,2
0.28975969526279527,0.2835757993273088,0.4266645054098958,0.0,0.0,-0.24275593906466397,1.9038297645680196,-0.005185817102084045,2
0.3620285070503817,0.30208222828554576,0.3358892646640726,0.0,-0.19999999999999996,-0.2974592521572387,1.9796260786193676,0.007087771366010132,1
0.5306933863457459,0.263839041507118,0.20546757214713615,0.0,0.2,0.25454025454025464,2.1993421993421993,0.0057172371290349355,0
0.29296364111953965,0.2911326183625425,0.4159037405179179,0.0,-0.5333333333333334,-0.6536650286650287,2.1232596232596235,-0.004147560169914188,1
0.5391413189859399,0.24545117943307257,0.21540750158098748,0.0,0.06666666666666665,0.6468520294023651,2.221796100990732,0.02145075684222897,0
0.5444882040301304,0.2615378732841357,0.19397392268573396,0.0,0.0,0.4679724238688763,2.043099118842168,0.008131316707069458,2
0.5625193335314704,0.2476875580005944,0.18979310846793512,0.0,0.3333333333333333,0.8440035016049022,2.291333527866939,0.002756298068490537,1
0.38284742774384484,0.2907247654429822,0.326427806813173,0.0,-0.4666666666666666,-0.0754208754208755,2.023246962377397,0.009831752923040227,0
0.49982072427393326,0.27343133739691644,0.22674793832915024,0.0,-0.39999999999999997,0.2658725431804647,1.8096486003573558,0.013826837677195336,0
0.6083843519767563,0.2169762374182837,0.17463941060496005,0.0,0.19999999999999996,0.05649172455192519,2.2003901895206246,0.016611171498540522,1
0.41901425701827444,0.2818823183577483,0.2991034246239773,0.0,0.13333333333333336,-0.1423186440677966,2.547850847457627,0.0021319045873295916,0
0.553171659533999,0.24391821207798384,0.2029101283880171,0.0,-0.3333333333333333,0.27222946544980453,2.550195567144719,0.0444524776796007,1
0.5494896525891938,0.25948122483378594,0.19102912257702032,0.0,0.2666666666666666,0.44008325899494505,1.9897200628690368,-0.004706525756564939,0
0.33735317282204597,0.30035314741575697,0.3622936797621972,0.0,-0.06666666666666665,-0.5902892825283546,2.0706002293870265,-0.01679677119227413,2
0.41620107181834476,0.3046700656448014,0.279128862536854,0.0,0.39999999999999997,-0.08529799073956068,1.6478484346459368,-0.02537882971301053,1
0.3148885778878243,0.2867908278609108,0.398320594251265,0.0,0.1333333333333333,-0.534898109893619,3.169470889966669,0.005343760834398081,2
0.4177023883722162,0.30341248406190297,0.2788851275658809,0.0,0.4666666666666666,0.5568528830608949,1.7783366265493088,-0.04091417366852734,0
0.5712787796853784,0.24964729514401257,0.179073925170609,0.0,-0.06666666666666665,1.0118821893565924,2.589432435848818,0.037023222570609304,0
0.6069086001820255,0.2279607912878828,0.16513060853009176,0.0,0.1333333333333333,0.9189735810896221,2.6823410441157884,0.03493233486317038,0
0.33974217060336165,0.3102978491510703,0.349959980245568,0.0,-0.19999999999999996,0.023605297467920172,1.703424140533864,-0.009191834807088295,0
0.3622426447393325,0.2864503375323337,0.3513070177283338,0.0,-0.5333333333333332,-0.6752710376871454,2.7878162106350026,0.018481623172892758,0
0.2783894494954541,0.28784094315116393,0.433769607353382,0.0,-0.06666666666666665,-0.681476248413726,2.468830540183419,-0.013597038036147646,0
0.3028861177196045,0.29803217352538003,0.39908170875501536,0.0,-0.3333333333333333,-0.22941493613935937,1.8899775046942684,0.0077516502565562195,0
0.41775219383238343,0.29021414088667136,0.29203366528094515,0.0,-0.1333333333333333,-0.28183040382412994,2.187920131454464,0.02173817583402743,0
0.5823949716025199,0.24848852121707513,0.16911650718040502,0.0,-0.1333333333333333,0.8584743684081433,2.163355408388521,0.02365777137827918,0
0.29203877441348164,0.2957472032949226,0.4122140222915957,0.0,-0.8666666666666667,-0.5633288519311525,1.6806917957144516,0.0021801614005984016,2
0.5357260649876647,0.25193604137257747,0.21233789363975783,0.0,-0.2,0.31989465938577155,1.946477673211727,0.02114182906334916,0
0.3128710515194905,0.2799867067651897,0.4071422417153196,0.0,-0.06666666666666665,-1.2018305264492626,3.113969867782504,-0.011942868443525156,2
0.572687275045527,0.26002235607916685,0.16729036887530627,0.0,-0.1333333333333333,0.18485508681587104,1.5580643031623422,0.014425243888213979,0
0.5216942534589593,0.26012053306170957,0.21818521347933112,0.0,0.3333333333333333,1.0172108441941783,2.6193179238000095,0.01091209327621745,0
0.3131772078832358,0.2862785519914241,0.4005442401253402,0.0,-0.4,-0.5704227782571183,1.9917860224331323,-0.00672746862286,1
0.513019068821992,0.26676991578743586,0.22021101539057206,0.0,0.4666666666666667,0.9999336297869518,2.075131081170771,-0.014031755797525802,1
0.662835348710632,0.21386678299359063,0.1232978682957772,0.0,0.1333333333333333,0.6958744767200333,1.7338062825552043,0.027128514745435206,0
0.42424376633154703,0.3020505779706808,0.2737056556977722,0.0,0.20000000000000007,-0.05692667987749944,1.4995496306971718,-0.017876183045332894,0
0.34155535866530706,0.2942961266487237,0.36414851468596937,0.0,-0.13333333333333336,-0.22982775700635938,2.513277729843735,-0.005984936328838786,2
0.5278321180864307,0.2518228703539036,0.22034501155966563,0.0,-0.06666666666666665,0.7535059146236929,2.8793416766672384,0.050846121030794,0
0.5076845287629962,0.2616637347125807,0.230651736524423,0.0,0.1333333333333333,0.8261838564688171,2.328878420381786,0.003056777054948001,1
0.3922892922470803,0.28464893766708876,0.3230617700858308,0.0,-0.1333333333333333,-0.4219771241830065,2.3721405228758172,0.012349879428586008,0
0.4248366013071895,0.2875816993464052,0.2875816993464052,0.0,-0.1333333333333333,0.2078431372549021,2.207843137254902,-0.0070089760826569925,1
0.41141519479147187,0.2730738281218249,0.3155109770867031,0.0,0.4666666666666667,0.4117647058823535,3.3529411764705888,-0.007566500330390968,1
0.3821852572271783,0.30277013884231,0.3150446039305118,0.0,-0.19999999999999996,0.17102396514161233,2.513071895424837,-0.005910037118045219,0
0.6032964369394845,0.23794134281328272,0.1587622202472328,0.0,0.26666666666666666,0.08452740070387144,1.8442056309703372,0.004964055572304282,2
0.4824366385060027,0.27446541897408944,0.24309794251990782,0.0,-0.06666666666666671,-0.03267973856209139,1.8300653594771241,0.011616607079082297,0
0.42043357186801794,0.2794498591458084,0.3001165689861736,0.0,-0.6,-0.9116390145801909,2.3689039718451483,0.02331829804251656,2
0.2962852338146422,0.2925700584690041,0.41114470771635375,0.0,0.2,-0.04490829991062639,1.656879907228907,-0.030145572210537264,2
0.4363767816566825,0.2762858913447635,0.287337326998554,0.0,-0.3333333333333333,-0.5545956663362127,2.2495397252513807,0.017643975406744616,2
0.5162351457668006,0.26545045847667875,0.2183143957565208,0.0,0.4,1.020521172638437,2.6915309446254074,0.009105113055137393,0
0.4969431814523197,0.2723770207377145,0.2306797978099657,0.0,0.2,0.28009007922145845,1.856476454739213,-0.010492560131166118,0
0.6093473803294917,0.2235734992575833,0.16707912041292514,0.0,-0.06666666666666665,0.4530648504589876,2.851643470535979,0.04413333990608781,0
0.4760005841187109,0.2752097772485762,0.2487896386327129,0.0,0.06666666666666665,0.656026058631922,2.4540716612377853,0.014278079259145482,1
0.5432406396506326,0.2518528032881639,0.20490655706120353,0.0,-0.13333333333333333,0.7752442996742672,2.664495114006515,0.052049541151901635,0
0.22829920532056477,0.25865477832717726,0.5130460163522581,0.0,-0.3333333333333333,-0.7687296416938111,1.7924616100511868,-0.005704208275788186,1
0.34651460962278163,0.2949760442674944,0.35850934610972396,0.0,0.2666666666666666,0.06620798556282448,1.961087299796977,-0.04100555787304955,0
0.34109534610354136,0.27898544726080693,0.3799192066356517,0.0,0.39999999999999997,-0.00961538461538436,2.778846153846154,-0.030217733376201483,1
0.5051643159354522,0.26177982758559853,0.2330558564789493,0.0,0.3333333333333333,0.5897435897435899,1.8383500557413601,-0.013025495163780043,2
0.4162384378211716,0.28776978417266186,0.2959917780061665,0.0,-0.2,-0.5487237630094772,2.067707424850282,0.0027645667968568266,0
0.39386189258312015,0.3030690537084399,0.3030690537084399,0.0,0.13333333333333333,0.5717338217338218,2.1346153846153846,-0.020400483361657062,0
0.317829616520143,0.27551502260473937,0.40665536087511756,0.0,-0.39999999999999997,-1.3017799352750807,3.0105177993527508,-0.007865340709785784,0
0.4640490012341729,0.2878822507656443,0.24806874800018283,0.0,0.20000000000000007,-0.04331590739357716,1.8834951456310682,-0.0033688946401827513,0
0.23043128850790248,0.270506295204929,0.4990624162871684,0.0,-0.5333333333333334,-0.924018573237653,2.512030392570705,0.0075564328325885,2
0.7134824825647887,0.19035887009366054,0.09615864734155075,0.0,0.13333333333333336,0.9439751187324006,1.8854284873702352,0.019026437442804522,0
0.4360193158248836,0.2871019494970003,0.27687873467811597,0.0,-0.46666666666666673,-0.320201643017177,2.106982823002241,0.03521330956115215,1
0.3385986229242609,0.30741190765492105,0.35398946942081816,0.0,-0.4,-0.14693877551020407,1.4040816326530614,0.005908748320446466,2
0.5288886384503452,0.2593165900435211,0.2117947715061337,0.0,-0.13333333333333336,0.3916063780009358,2.64910196882986,0.023693524408368916,0
0.43939417818474097,0.27526752927455833,0.2853382925407007,0.0,0.0,1.3333333333333333,2.8571428571428577,-0.009972909881468761,2
0.4813757406322534,0.2675842225864102,0.2510400367813364,0.0,0.2,0.14739229024943323,1.5986394557823131,-0.02200388193179903,0
0.6278861558759777,0.2281830176232212,0.14393082650080105,0.0,0.06666666666666676,0.5769496204278812,2.895790200138026,0.04960956689763785,1
0.3024199683368629,0.29478791866274645,0.40279211300039064,0.0,-0.13333333333333336,-0.11269154126296965,2.0174534460248745,-0.0138916005631457,1
0.30057777468831653,0.29121398108431906,0.40820824422736435,0.0,0.06666666666666665,-0.6523809523809522,1.956084656084656,-0.029025160880818857,0
0.5704408358124713,0.24683983396634643,0.18271933022118222,0.0,0.19999999999999996,0.7323119392684609,2.4548792270531403,0.034517505448899644,1
0.3413351585062518,0.2904528988531459,0.3682119426406023,0.0,-0.20000000000000007,0.014362220058422581,2.2027750730282376,-0.020916212097918552,1
0.43903768019805506,0.28510678622617597,0.2758555335757691,0.0,0.1333333333333333,0.38147295742232457,2.0932105868814728,-0.025051418735920927,2
0.2593915263509817,0.2770424290316698,0.4635660446173485,0.0,-0.39999999999999997,-0.5365987892129886,2.8976334617501376,0.016069107200191446,0
0.47119370017528583,0.2774187761387038,0.2513875236860104,0.0,-0.1333333333333333,-0.23470464135021085,1.950346594333936,0.030346616303526974,0
0.6737279296379474,0.2095037633549769,0.11676830700707565,0.0,0.2666666666666666,1.1467034071012372,2.0738253107150033,0.008949359260000067,0
0.2369499815267686,0.25712978764580663,0.5059202308274249,0.0,-0.4666666666666667,-1.0862068965517242,2.5344827586206895,-0.002822310974728348,2
0.453572425774827,0.2716160456674836,0.2748115285576893,0.0,-0.2666666666666666,0.19023784030169755,2.2921423687707216,0.006156046501509194,0
0.5347766006448641,0.24758175955780748,0.21764163979732842,0.0,0.3333333333333333,-0.14192077514961565,3.038472499287546,0.028842769499234255,2
0.3876558919786585,0.29564895559131865,0.3166951524300227,0.0,0.1333333333333333,-0.3536050156739813,1.6777429467084644,-0.014329641124999404,2
0.42956484335794676,0.29172939517767105,0.27870576146438214,0.0,0.19999999999999996,0.2567187500000002,2.12546875,-0.019158700475098933,2
0.5369065130675573,0.25594995417467115,0.2071435327577716,0.0,0.26666666666666666,0.6421356421356426,2.3102453102453104,0.014641925394803579,0
0.42768590925931094,0.2730705951247495,0.29924349561593955,0.0,-0.06666666666666665,1.1282998796226311,3.2715769435346163,0.02855813262256135,0
0.59648405669325,0.23950894348040985,0.1640069998263402,0.0,-0.1333333333333333,0.714975845410628,2.1697722567287783,0.043314491529711674,2
0.3454106280193237,0.30002012882447665,0.3545692431561997,0.0,0.2666666666666666,-0.23775166632309475,1.9611076753933898,-0.010217849966319359,1
0.6126142850512832,0.2169675592889961,0.1704181556597206,0.0,0.0,0.837474120082816,3.011387163561077,0.0484930886915258,0
0.32358455660734253,0.2931534070831411,0.3832620363095164,0.0,-0.6,-0.42600151171579737,1.8959939531368104,0.007771828896334265,0
0.2524006619410182,0.2770433301186916,0.4705560079402902,0.0,0.1333333333333333,-0.6246181491464508,2.6170709793351303,-0.012152019041842127,2
0.4859267475717528,0.2619660957579561,0.25210715667029104,0.0,0.26666666666666666,0.4481270728650183,2.1873925437866735,-0.014172301475600835,0
0.6072849452502136,0.22481221530897327,0.16790283944081308,0.0,0.4,0.6533155318202046,2.3622607921673344,0.024772253659578025,2
0.5939307280149685,0.24565721211090322,0.16041205987412824,0.0,0.6666666666666666,1.1626168224299067,1.7981308411214956,-0.025815182960805982,0
0.44208559982142226,0.2814478893758004,0.27646651080277734,0.0,-0.2666666666666666,-0.06094545814171981,1.8749690945952628,0.010261101231855363,0
0.4368621315031471,0.2967888766402333,0.26634899185661964,0.0,0.13333333333333341,0.12367601246105919,1.6034267912772586,-0.03011494824219324,1
0.6631610032280073,0.20732971497815747,0.12950928179383522,0.0,0.3333333333333333,1.7555715312724662,3.1790079079798708,0.05164225579110182,1
0.4596520071242636,0.2841485134949993,0.25619947938073706,0.0,0.06666666666666665,0.6184186812903892,2.2816096392986793,0.002829740735128816,1
0.30372901572359995,0.27677081906174195,0.4195001652146582,0.0,-0.6,-1.0914279058933143,1.9088050314465408,0.013496064016386533,0
0.29799151893658643,0.2861447613030218,0.4158637197603917,0.0,-0.13333333333333336,-0.4101598710763128,2.5562258446355477,0.00615316162523738,2
0.24975928105274417,0.29009307799293893,0.460147640954317,0.0,0.06666666666666665,-0.520025048326935,1.6580903373356204,-0.024724095786930772,2
0.505384088393908,0.2671315895796371,0.22748432202645494,0.0,-0.06666666666666665,0.48888888888888915,2.965079365079365,0.030413266822993834,1
0.39487133323240214,0.27444136649876627,0.33068730026883153,0.0,0.0,-0.5857142857142857,2.3666666666666667,-0.003679835777613716,0
0.5335787173209326,0.25937854314212005,0.20704273953694727,0.0,-0.3333333333333333,-0.028755463538072012,2.1796641361858757,0.03985730552228883,0
0.3927267922907962,0.2849663919671021,0.32230681574210174,0.0,-0.13333333333333336,-0.3106407995296885,2.6852439741328635,0.006700230777772542,2
0.36977463691968904,0.3008134506131232,0.32941191246718776,0.0,-0.1333333333333333,-0.4985638699924413,1.9685563114134543,-0.007616937241292143,0
0.5711319551422988,0.24977504171556533,0.17909300314213575,0.0,0.0,0.6231422505307855,2.1093418259023355,0.02601385736219375,1
0.5203416300963701,0.2653300096808686,0.21432836022276114,0.0,0.3333333333333333,1.0854216641997994,2.058558328654792,-0.026014332522950157,0
0.2754098360655738,0.2786885245901639,0.4459016393442623,0.0,0.0,-0.9567556926307501,2.4292932607126456,-0.01666355379195983,1
0.41366255545660463,0.29868286751818734,0.28765457702520814,0.0,0.13333333333333336,0.6444848315392147,2.308122466098141,-0.007305351986942543,0
0.5595368617410614,0.23776757229200315,0.20269556596693544,0.0,0.2666666666666667,0.2584954981121117,2.872494917223352,0.01930962272537351,2
0.44481054365733114,0.2883031301482702,0.26688632619439867,0.0,-0.1333333333333333,0.3607167662175299,2.049840255591054,-0.006586938464732572,2
0.41817947156357005,0.2900068161926926,0.29181371224373737,0.0,-0.06666666666666665,-0.06389776357827448,2.20308376163356,0.00581901199265894,2
0.5780558022205505,0.25105908836388524,0.17088510941556423,0.0,0.1333333333333333,0.4038338658146964,1.620447284345048,0.0026880818124348504,1
0.40096421622466566,0.2865787189581199,0.31245706481721436,0.0,-0.06666666666666665,0.4295895797493242,2.4251658884246745,-0.012243225784699219,0
0.4278106862921079,0.2839107281756716,0.2882785855322204,0.0,0.06666666666666665,0.45411605937921773,2.633603238866397,-0.0051366564587840835,1
0.2642652090133312,0.291517558692831,0.44421723229383775,0.0,-0.26666666666666666,-0.7244494345742613,1.7706154738054876,-0.009746067735884656,0
0.309506021821406,0.28760251873866033,0.4028914594399337,0.0,0.19999999999999996,-0.2910299337881723,2.3624782860451647,-0.022438778951107297,1
0.3322276990771453,0.2973120491741332,0.3704602517487215,0.0,0.13333333333333336,-0.3821656050955413,1.78343949044586,-0.019533241270852764,1
0.47457023948215216,0.267880622286487,0.25754913823136083,0.0,-0.5333333333333334,-0.13473787359137712,2.707006369426751,0.04327627171602677,0
0.45298394308152873,0.2650985575988492,0.28191749931962207,0.0,-0.19999999999999996,-0.25522641233893895,2.5486693851874316,0.016220851451088203,1
0.5943969706291498,0.238062052012185,0.1675409773586652,0.0,0.20000000000000007,0.49284076433121027,2.1437961783439494,0.01435942104339527,0
0.35350265327236924,0.2819477355404999,0.3645496111871308,0.0,0.06666666666666665,0.08431907794965121,2.3712465878070974,-0.021430971441192714,2
0.43572784860621344,0.2825629078840293,0.2817092435097573,0.0,-0.26666666666666666,0.33815551537070543,3.122965641952984,0.018004393465141766,0
0.38418753966180147,0.28119750643921015,0.33461495389898843,0.0,0.2666666666666666,0.337397438846714,2.8341384863123995,-0.022269363117990826,0
0.2458707354251504,0.27003144353051206,0.4840978210443377,0.0,-0.19999999999999998,-0.8704603534535504,2.435158190260231,-0.0034447648169942946,2
0.45814754451243883,0.28151234662812513,0.26034010885943604,0.0,-0.13333333333333336,0.38956916099773276,1.8287226001511718,-0.008085597107111264,1
0.6873441203751418,0.2005359167267855,0.11211996289807274,0.0,-0.1333333333333333,1.1667583929554213,2.223445239405614,0.0288922899037104,1
0.4862304277732382,0.2607716260683288,0.2529979461584329,0.0,-0.06666666666666665,-0.07048331415420028,2.159090909090909,0.019563024739973733,2
0.2933466055816876,0.2980177298743896,0.4086356645439229,0.0,-0.4666666666666667,0.4438291139240509,2.4164029535864975,-0.006891982147320119,1
0.5322004610194533,0.25247245590141176,0.21532708307913512,0.0,-0.1333333333333333,-0.24353329664281786,2.301871216290589,0.03130269106043948,2
0.5624412173823055,0.24505312883323543,0.1925056537844592,0.0,0.26666666666666666,0.6072297955209347,2.0410175267770203,0.010038670082019974,0
0.5782827623992277,0.23246106081557044,0.18925617678520182,0.0,0.06666666666666671,0.5485849056603778,2.9070754716981133,0.041937726981873036,2
0.26200013630064894,0.2703296204026927,0.46767024329665835,0.0,0.2666666666666666,-0.29363181528149696,2.54488857614808,-0.018845835164966546,2
0.3683358438447962,0.2914557767494649,0.340208379405739,0.0,0.1333333333333333,0.22287066246056808,2.49416403785489,-0.018458992254604012,1
0.5878899265678147,0.241536171380575,0.17057390205161047,0.0,0.33333333333333337,0.4401382003905667,2.2367432777527423,0.0067488646170410505,0
0.3241213478704832,0.2855825290688099,0.3902961230607069,0.0,-0.39999999999999997,-0.6570861081902091,2.137632901039841,-0.007517370846864546,0
0.3226154420611543,0.29237024436792103,0.38501431357092475,0.0,0.1333333333333333,-0.2584007680702235,2.2076532711562202,-0.02159900855695973,2
0.36350862856118377,0.2839565882681587,0.3525347831706575,0.0,0.3333333333333333,-0.2602523659305992,1.8217665615141958,-0.015863920405224885,0
0.6911513345312705,0.1964324845509927,0.11241618091773678,0.0,0.33333333333333337,1.3660677547661502,2.979015224249075,0.025186641969189516,0
0.3485965187392191,0.2731692018190372,0.3782342794417438,0.0,0.06666666666666665,-0.318808777429467,2.305015673981192,0.0020161818296083323,1
0.31291091624526696,0.28516040685348487,0.4019286769012481,0.0,-0.4,-0.30750858337065223,2.0809075981489777,0.01115964747815551,1
0.2957865405724901,0.27484590053195984,0.42936755889555017,0.0,-0.1333333333333333,-0.939159362804683,2.234022135499968,-0.016234570142537375,1
0.6141334489608649,0.23106010951002834,0.1548064415291069,0.0,-0.1333333333333333,1.1419614867890733,2.207792207792208,0.021194160499669268,0
0.5249622600819497,0.25671231399611816,0.2183254259219323,0.0,-0.06666666666666665,0.40815680314112934,2.975101062875358,0.029612143945733638,2
0.2945512263880419,0.28294769322730084,0.42250108038465733,0.0,-0.4666666666666667,-0.6018808777429471,2.407523510971787,0.003374368023706442,1
0.4746174735462122,0.2663807472609795,0.25900177919280837,0.0,-0.5333333333333333,-0.04274722143060683,2.237104588201767,0.03584410189303222,2
0.6679782245458955,0.2037406349377459,0.12828114051635853,0.0,0.1333333333333333,0.9392989455685383,3.2362496437731556,0.05434276454808895,0
0.4368398733349451,0.2807319306116464,0.2824281960534086,0.0,0.26666666666666666,0.23481116584564865,2.336617405582923,-0.0159492217401348,2
0.38361346629278736,0.29250526804825033,0.3238812656589623,0.0,0.06666666666666665,0.04696016771488498,2.6004192872117398,-0.013870500115393924,1
0.3996305418719212,0.2833743842364532,0.3169950738916256,0.0,0.13333333333333341,-0.6621470772414166,2.3872144626861607,-0.012774210048805412,2
0.4028925873862207,0.28238997061511534,0.3147174419986639,0.0,0.26666666666666666,0.13656783468104194,2.8152141359688527,-0.015409712843125811,1
0.5167459207777957,0.26421189734683903,0.21904218187536537,0.0,0.3333333333333333,0.16015630570886652,2.0141473780287797,-0.01523402140422303,0
0.28919420720386185,0.26386929075380616,0.446936502042332,0.0,-0.06666666666666665,-0.8975591715976332,2.4949457593688362,-0.010056001480995003,0
0.3787803198660834,0.2759844808463794,0.3452351992875373,0.0,0.1333333333333333,-0.016079238487265446,2.775276562901981,-0.016535139828836087,1
0.5705018417286442,0.24817586748938372,0.18132229078197218,0.0,0.06666666666666665,0.8438228438228441,1.8228438228438228,0.002290507091162075,0
0.6398328379347937,0.2057612210098676,0.15440594105533867,0.0,0.26666666666666666,0.8490384615384616,2.3875,0.021485994222582905,1
0.7124680731045153,0.18122974286736218,0.10630218402812247,0.0,0.4666666666666667,1.7752136752136753,3.191575091575092,0.016461072714341163,0
0.2751809114023079,0.2792880891844318,0.44553099941326035,0.0,-0.2,-0.6751165501165499,2.4251165501165497,-0.009635175349469727,2
0.2837220001725278,0.31218909049084165,0.40408890933663055,0.0,0.0,-0.6794055201698515,1.7470427661510464,-0.017720009414755378,2
0.4889553470892153,0.28214643895480396,0.22889821395598067,0.0,0.2666666666666666,0.12154220129850168,2.3267382586130854,-0.01238371165499369,0
0.32436277415530523,0.3062240663900415,0.3694131594546532,0.0,-0.3333333333333333,-0.10794331308800786,2.7216386804811243,0.008120937424803742,1
0.5967726350372016,0.24243888298386318,0.16078848197893514,0.0,0.19999999999999996,0.32548326830446217,2.836826252176455,0.024003768727861807,0
0.5620760202433509,0.2591794982233229,0.17874448153332614,0.0,0.4,0.9479832336975196,1.8275269703841135,-0.010580133238007994,1
0.40422529997079476,0.2945616539219356,0.3012130461072696,0.0,-0.3333333333333333,0.028817082388511217,2.2056878306878307,-0.006126766163470909,2
0.3067090297169155,0.28254407586043123,0.4107468944226533,0.0,-0.4,-0.24039567517828386,2.872095698182655,0.009771732929159116,0
0.4492504952502768,0.28145814160258315,0.26929136314714003,0.0,0.13333333333333336,0.4255720688841711,2.9167256428402926,0.0029042716071994157,0
0.41998810953784926,0.309758672150839,0.2702532183113117,0.0,0.0,-0.201858844031368,1.8312518152773745,0.01166648301015999,0
0.29209245349924245,0.2849682473163341,0.42293929918442347,0.0,-0.1333333333333333,-0.09145843540747944,3.10958680385432,-0.00909688503035705,1
0.5245343117490525,0.26374889121845013,0.21171679703249735,0.0,0.06666666666666665,0.38558909444985434,3.1489776046738074,0.02731165460437246,0
0.4009398565611584,0.3210274452878003,0.27803269815104137,0.0,0.06666666666666665,-0.11180992313067795,2.264150943396226,-0.004612238963481952,1
0.3333080034110962,0.3369048523687699,0.3297871442201339,0.0,-0.06666666666666665,0.35375226039783003,2.0415159734779986,-0.026321755012398362,2
0.3938518260176374,0.3011060734392906,0.3050421005430721,0.0,0.1333333333333333,0.5376059958202215,1.4600398760479474,-0.040890348059032355,2
0.32672253220390785,0.2823040610583614,0.3909734067377307,0.0,0.4666666666666667,-0.3581430205498364,3.090307712245945,-0.022674504153828656,2
0.2805891101679544,0.2966227736061232,0.4227881162259223,0.0,0.0,-0.6987052295274928,2.1370102572725744,-0.024346230423241078,1
0.3011745312178034,0.2963939831032351,0.4024314856789615,0.0,-0.46666666666666673,-0.49016892827471614,2.308297745193779,0.007721486466324645,1
0.4453677262300454,0.29411076260474694,0.2605215111652076,0.0,0.26666666666666666,0.3618572879165515,1.9126742361303424,-0.02730754221607934,0
0.642710876495917,0.21522650598593063,0.14206261751815238,0.0,0.26666666666666666,1.7619845792826014,3.5481059336238685,0.06293894473360429,1
0.3243520571977095,0.28479692827115954,0.3908510145311311,0.0,0.4,-0.5635638991321189,2.341788654225798,-0.026426580436558433,0
0.33598540939855603,0.2918873244149955,0.3721272661864485,0.0,-0.5333333333333333,-0.871940998994301,2.597720415688904,-0.0025911630025066135,2
0.24543241987923828,0.27747700882489545,0.47709057129586624,0.0,-0.33333333333333326,-1.3800823715339299,2.4415736794214835,0.008708326133274352,2
0.5727448436548492,0.2431182539472407,0.18413690239791008,0.0,0.6000000000000001,0.6637613141133089,2.1387864565873285,0.004681760352217235,1
0.4697720076464901,0.30550532523415536,0.22472266711935462,0.0,-0.13333333333333336,0.5840928199091981,1.759811669749454,-0.003809866899233294,2
0.5606098705313062,0.23761890451453838,0.20177122495415545,0.0,0.2,0.3805039755939371,2.001169056827372,-0.0030959858046977207,0
0.2808357127257727,0.30167191076671707,0.4174923765075102,0.0,-0.6,-0.8902202600602738,2.378349650011777,0.006308622009208287,2
0.37991561604046425,0.29669600490779113,0.3233883790517446,0.0,-0.19999999999999998,-0.49187078452254185,2.853532126375577,0.021740638815931856,0
0.5465137228995256,0.25674133685664524,0.1967449402438292,0.0,-0.13333333333333336,0.786889125547273,3.2481363152289675,0.06258732395049216,0
0.5162616925695858,0.2518689120083423,0.231869395422072,0.0,-0.2666666666666667,0.6607055365017149,2.718520333170014,0.045995707853622725,0
0.3265814921764824,0.301297763749916,0.37212074407360146,0.0,-0.06666666666666665,-0.6126427179058759,2.5730994152046787,-0.006121642527476545,1
0.5804826306019623,0.23481835057014053,0.18469901882789713,0.0,0.06666666666666668,1.076946334089191,2.927286470143613,0.04670911047170878,0
0.5223700120918985,0.26118500604594924,0.21644498186215236,0.0,0.19999999999999996,0.5764058528881981,2.7946800898166657,0.02383320729839644,0
0.5145073001966805,0.27786447666408265,0.20762822313923696,0.0,0.3333333333333333,0.07903137039075414,1.8533847000550359,-0.017277461249383064,2
0.464969457052179,0.2858069139678531,0.24922362897996791,0.0,0.0,1.0534643570952702,2.3359427048634247,0.0062115056671180335,1
0.39959968370070176,0.3026094692102402,0.29779084708905795,0.0,0.46666666666666673,0.49411503442149685,2.4372640461914283,-0.029706025729140828,2
0.38118635916950677,0.3022351391473436,0.3165785016831497,0.0,0.19999999999999996,-0.05073540716445457,2.4860349510582687,-0.00840198306274148,0
0.5157265967706811,0.25715293117215776,0.2271204720571612,0.0,0.2,0.5466052934407365,2.0183514020955724,-0.0024461626395879676,2
0.4612620764910974,0.2863492401458494,0.25238868336305326,0.0,-0.26666666666666666,-0.5401273885350317,2.1095541401273885,0.01740807091428026,0
0.3082393524169795,0.30422320450275175,0.3875374430802688,0.0,-0.06666666666666668,-0.6993630573248408,2.724203821656051,-0.008500463208192421,2
0.5712424480007379,0.2552691048286676,0.17348844717059445,0.0,0.06666666666666665,0.9730078838359093,1.6923522337535077,0.003409865425638814,0
0.44799110008129744,0.283727696718155,0.2682812032005477,0.0,-0.20000000000000007,-0.010812298498073636,2.4760163560588193,0.0023577388511091257,0
0.45237883434989623,0.27461119856430644,0.27300996708579733,0.0,0.06666666666666665,-0.06813149378300132,2.7661386475898486,-0.0035818252270436446,1
0.3443030692700754,0.3049219992555243,0.35077493147440014,0.0,0.0,-0.28807492399725376,2.850102971462195,-0.005613720595892935,2
0.31398956076423085,0.2861433917667914,0.3998670474689777,0.0,-0.13333333333333336,0.02588996763754048,1.9676375404530746,-0.01130580911763307,2
0.4557976458802906,0.28750313047833714,0.2566992236413724,0.0,-0.5333333333333334,0.15322095123419655,1.9593618302227576,0.005907051510037453,0
0.3643521649800283,0.30263779175865546,0.33301004326131617,0.0,-0.1333333333333333,0.2825082508250829,2.7379537953795383,-0.0070412407955353085,2
0.6465255606795159,0.22009380789089902,0.13338063142958495,0.0,0.6,1.5735620384780957,2.8848637372098422,0.022906661845124132,0
0.3858600820978898,0.2843800605063958,0.32975985739571434,0.0,-0.2,0.5594845198805595,2.2657775981679804,-0.005299305201569404,2
0.4132889135665371,0.29520636683324075,0.2915047196002221,0.0,-0.06666666666666665,-0.3562120939170119,1.6614423827538582,-0.0021294628831822204,0
0.5348204784613565,0.26287786229456506,0.20230165924407836,0.0,0.0,0.4120363196876258,2.271405993368248,0.009717920565591509,0
0.37445828819068255,0.29387865655471285,0.33166305525460454,0.0,-0.13333333333333336,-0.9237348538845332,2.0527441197434073,-0.014294549466387585,0
0.2697842428975886,0.2761886166162257,0.45402714048618575,0.0,-0.5333333333333333,-0.42122040072859734,2.6753187613843354,0.021972420577386798,1
0.2851611577757936,0.2679035660948378,0.4469352761293688,0.0,0.1333333333333333,-0.2927400468384074,2.611241217798595,-0.014205042913068067,1
0.6549468656120233,0.22038496425807416,0.12466817012990256,0.0,0.5333333333333333,1.2447019867549671,2.4268211920529805,0.012234247120260666,1
0.35166696793015173,0.2885193390139016,0.35981369305594674,0.0,-0.2,-0.56231884057971,2.526376811594203,0.003569537176729143,2
0.7167844900111755,0.17384698451763583,0.10936852547118876,0.0,0.2666666666666666,0.8266666666666669,2.60952380952381,0.03103406768029815,0
0.48783798159281905,0.27324649408864643,0.2389155243185345,0.0,0.3333333333333333,-0.10253968253968226,2.595873015873016,0.007821433387882826,2
0.1377758248817296,0.21895359963598812,0.6432705754822824,0.0,-0.5333333333333333,-1.7057280883367838,3.047895100069013,0.031186764274173995,2
0.47134583085416454,0.28110383888290535,0.24755033026292994,0.0,0.2666666666666667,1.0131274131274135,2.814929214929215,0.007420339230600648,2
0.5519490971755371,0.24482781475765295,0.20322308806680997,0.0,0.2,0.6569256756756758,2.683952702702703,0.03244174327999738,0
0.3534111862323294,0.30982380659700876,0.33676500717066177,0.0,0.0,-0.2524893314366998,2.051920341394026,0.002671880322033915,1
0.3930832561747704,0.3024699081604565,0.3044468356647732,0.0,-0.06666666666666665,-0.12722075222075213,1.9281563031563032,-0.010884410823232715,1
0.42309487759235875,0.297382981055332,0.27952214135230913,0.0,0.06666666666666665,0.8484848484848483,1.791245791245791,-0.03091290368411076,1
0.5004316546762589,0.27952038369304555,0.22004796163069543,0.0,-0.06666666666666665,0.13033245547423256,1.5047474404752288,0.012159157843945279,2
0.27601101815149565,0.28184810916980524,0.4421408726786992,0.0,-0.19999999999999996,-0.6256683275316814,2.8780743066457353,0.0035931249214078975,1
0.6386427663677648,0.22965971401402385,0.1316975196182114,0.0,0.4,0.3033543406214213,1.7988912398850285,0.009647100178308388,0
0.4294203259812002,0.27569293117727944,0.2948867428415204,0.0,0.39999999999999997,0.318759018759019,2.5352092352092352,-0.021246795319106282,0
0.6454154160321806,0.22181341266977087,0.13277117129804855,0.0,0.06666666666666676,1.2137161084529504,3.2073365231259974,0.04718407682252035,0
0.4438839848675914,0.29129886506935687,0.26481715006305173,0.0,0.06666666666666665,0.6049999999999999,2.145,-0.005585689272684213,0
0.41846221959858315,0.29213400236127507,0.28940377804014167,0.0,0.26666666666666666,0.510144927536232,2.5188405797101447,-0.014919974329414498,0
0.25878927771913746,0.2789950471506617,0.4622156751302008,0.0,-0.33333333333333337,-1.177736864466789,3.0284662229146013,-0.0029115925591413627,2
0.17162849167714256,0.25768045010806445,0.570691058214793,0.0,-0.4,-1.10604415490409,1.9341295693087226,0.02044377780284848,1
0.4225698251162563,0.289611718148213,0.28781845673553064,0.0,0.0,0.1764828738512949,2.097953216374269,-0.018266675348350414,0
0.6692920776523112,0.19626919576723892,0.1344387265804498,0.0,0.13333333333333336,1.3266700404858303,3.310475708502024,0.054245459512769045,0
0.6772370835456227,0.2025796516282758,0.12018326482610145,0.0,0.33333333333333337,1.078684210526316,2.9971052631578954,0.04610990304654039,1
0.4095619503736427,0.29053300854630276,0.2999050410800545,0.0,-0.1333333333333333,0.4514575913467881,2.1893549663632768,-0.013109766190184724,2
0.4610496207417546,0.2865600719687213,0.2523903072895242,0.0,0.4666666666666667,0.3105230570436378,2.1680081837025873,-0.019031698921419038,0
0.5281469793811676,0.2671088171582916,0.20474420346054073,0.0,0.0,0.5251875669882101,2.0685959271168275,0.009088256886807922,0
0.23435870698644423,0.26668404588112615,0.49895724713242956,0.0,-0.33333333333333337,-1.2604501607717038,2.8602522879050207,-0.008331010472412165,1
0.5474162697753999,0.2528825159288532,0.19970121429574675,0.0,0.2666666666666666,0.057265349869851545,1.9436533455826064,-0.005560348821053385,0
0.4575389812788435,0.2676668968288335,0.27479412189232316,0.0,0.33333333333333337,0.22172515028659312,2.041940444568713,-0.023775219364727762,0
0.599229234427529,0.22876978161642117,0.17200098395604996,0.0,0.2666666666666667,0.38345549319965677,2.7800523256975094,0.02387815105773905,0
0.3246681929929795,0.294778105384102,0.38055370162291857,0.0,-0.39999999999999997,-0.34780278670953924,2.187031082529475,0.012567745692696586,2
0.6778432226946944,0.20636560335371806,0.11579117395158744,0.0,-0.06666666666666667,1.06357790119848,2.495907629348144,0.04736679943278754,0
0.29636429806949177,0.28633350644252437,0.417302195487984,0.0,-0.2,-0.2217628744959932,2.894145868422396,0.003469067703265716,0
0.43597130974624804,0.28928937375685615,0.2747393164968959,0.0,0.3333333333333333,0.3569347319347318,2.367424242424242,-0.027893503660757768,0
0.5768359611930414,0.2424819575772315,0.180682081229727,0.0,0.2,1.303760137625952,3.1567952813959206,0.03829582130536069,2
0.2108256824013107,0.27265139571547803,0.5165229218832113,0.0,-0.33333333333333337,-1.0841452847286992,2.1755667123079268,-0.009659272454779988,1
0.2993358794105719,0.31562626740570504,0.38503785318372313,0.0,-0.1333333333333333,-0.46373773743315816,1.8893227625921982,-0.013164879482608305,2
0.5277206280454791,0.25728207904710343,0.2149972929074174,0.0,-0.33333333333333337,0.561691769359501,2.2230336223946447,0.030287832398600667,0
0.21229541070644187,0.2342201256660492,0.5534844636275091,0.0,-0.5333333333333333,-0.7356687898089171,2.7675159235668785,0.010915116931564273,2
0.29863900090954776,0.29578576204735463,0.40557523704309767,0.0,-0.1333333333333333,-0.4258830341632889,2.107411696583671,-0.005763622753152009,1
0.45014535225393937,0.27898229915139355,0.270872348594667,0.0,0.4,0.7152335456475587,2.7587579617834397,0.006851701436686786,1
0.40558017451543105,0.2967343768818968,0.2976854486026721,0.0,-0.2666666666666667,-0.04661681897904568,2.448075325394628,0.014587645946863015,1
0.6197635221597432,0.23655096265639053,0.14368551518386627,0.0,-0.26666666666666666,1.0792639773531496,2.8910120311394194,0.06345558039692378,0
0.5026434868867955,0.25200283217901676,0.2453536809341878,0.0,-0.2666666666666667,-0.2582678092882176,2.901610860794534,0.040845593718127016,1
0.3523838475958859,0.2898110148452146,0.35780513755889953,0.0,0.06666666666666665,-0.08387445887445888,2.583874458874459,-0.006519771299836441,0
0.44044329062334253,0.28861346062585486,0.2709432487508025,0.0,-0.1333333333333333,0.009620009620010084,2.053872053872054,0.008842763091560957,0
0.5169657928278618,0.2666299218023356,0.21640428536980258,0.0,0.3333333333333333,0.5126227208976157,2.835203366058906,0.013664225667316288,0
0.30151478021772626,0.29295442368157626,0.4055307961006973,0.0,-0.06666666666666665,-0.885677419354839,2.1801290322580646,-0.016860802213904236,0
0.31681326475572413,0.3073718098457854,0.3758149253984906,0.0,-0.13333333333333336,-0.5717121588089329,2.405955334987593,-0.006091280583626901,2
0.6930516096891032,0.20455708303599082,0.1023913072749061,0.0,0.6000000000000001,1.6202346041055717,2.793255131964809,0.02560772181978377,0
0.4671837479957344,0.26869816719985884,0.26411808480440674,0.0,0.26666666666666666,0.4138986013986017,2.441870629370629,-0.012449024333318182,2
0.7785193191825243,0.14620081111408906,0.07527986970338671,0.0,0.8666666666666667,1.856410256410257,2.8820512820512825,-0.004252732942269133,0
0.2543033063175083,0.2659286003205944,0.4797680933618972,0.0,-0.8,-0.9218559218559218,2.3992673992673996,0.01226451626500552,2
0.32904637320677654,0.28132967860277264,0.3896239481904508,0.0,-0.4666666666666667,-0.5019376758507195,2.2479694218824653,0.00771127128661081,0
0.28516960939928987,0.2960678110323837,0.4187625795683265,0.0,-0.5333333333333334,-0.31628787878787856,1.7874417249417252,0.006750207823087384,0
0.40997672646386424,0.2917389244742859,0.2982843490618499,0.0,0.0,0.041818181818181976,2.1924675324675325,-0.01840187386185882,0
0.3518379594898725,0.30157539384846216,0.34658664666166544,0.0,-0.06666666666666665,0.2551020408163267,2.6020408163265305,-0.00770937816362266,2
0.660295013406846,0.20689243753414507,0.13281254905900897,0.0,0.33333333333333337,1.410714285714286,3.017857142857143,0.027674622002063165,0
0.4275910950739393,0.27742517478011536,0.2949837301459454,0.0,0.0,0.3794466403162058,2.999435347261434,0.004044762758798448,0
0.40345592701399474,0.29493138968428095,0.30161268330172425,0.0,-0.20000000000000007,0.02886002886002892,2.7224627224627223,0.002759580843933962,0
0.2810323899571967,0.280185906854916,0.43878170318788723,0.0,-0.06666666666666668,-0.6249809828084588,2.104366347177849,-0.018983016044755885,2
0.44859558221979823,0.2691573493318789,0.28224706844832287,0.0,0.4666666666666666,0.5005324813631526,2.545260915867945,-0.017142128088103448,1
0.6272915466205691,0.23267957117755442,0.14002888220187665,0.0,0.2666666666666666,0.9328131675398557,1.9041890585298948,0.008503181378068492,0
0.5376486173098078,0.24803522878559134,0.21431615390460082,0.0,0.33333333333333337,1.0516000612463638,2.9502373296585516,0.026456895558187643,0
0.6850731656953645,0.19532484388798657,0.11960199041664901,0.0,0.39999999999999997,1.0368897983045893,2.9451037708272434,0.04018426901209371,0
0.5840051871379455,0.243718700144182,0.17227611271787263,0.0,-0.2,0.2537349344882647,2.441105059387099,0.04010716190177077,2
0.35590045491035593,0.29488894835429486,0.3492105967353492,0.0,-0.06666666666666665,-1.0172785413942966,2.346560192219356,-0.017243780167579992,0
0.3674124354461818,0.27914518368733926,0.35344238086647906,0.0,0.06666666666666665,-0.851563870213388,2.567319497223034,-0.022031911664721016,0
0.42848283249704006,0.2656593561481648,0.30585781135479506,0.0,-0.3333333333333333,-0.08369408369408382,2.3694083694083696,0.022887147431486954,1
0.34476493300022715,0.28730411083352264,0.3679309561662504,0.0,-0.2666666666666666,-0.2216117216117217,2.8003663003663,0.007717491534267762,2
0.2512364434784537,0.2633014704251591,0.4854620860963872,0.0,-0.33333333333333337,-0.7524420024420023,2.2634310134310134,-0.011285005474228338,2
0.2589548661050613,0.27258406958427506,0.46846106431066364,0.0,-0.39999999999999997,-0.7431336779162866,2.3986520725651164,-0.006352147630465543,1
0.17361858629350554,0.2373968424829566,0.5889845712235378,0.0,-0.19999999999999996,-0.9168181182720538,2.9836432266182022,0.005742512764656427,2
0.4162860498499282,0.29140023489494976,0.292313715255122,0.0,-0.3333333333333333,0.36173633440514463,2.2909967845659165,-0.005655244987609331,0
0.7281867668034815,0.1691613541757634,0.1026518790207551,0.0,0.4,1.7133670188332568,2.8678609707548617,0.036883825088290356,0
0.3499665415858441,0.29741565514963114,0.3526178032645248,0.0,0.2,-0.062379421221864906,2.014790996784566,-0.020726854046195176,0
0.45110171342966826,0.2997643644081021,0.24913392216222968,0.0,-0.2666666666666667,0.3957217254960522,2.068205999290688,-0.005268652504694993,1
0.5916580063477797,0.23107041541443138,0.17727157823778894,0.0,0.19999999999999998,0.6653283624892458,1.9845139088041295,0.020740720487769315,0
0.16515668468846778,0.2241982048186447,0.6106451104928875,0.0,-0.26666666666666666,-2.0615576323987543,2.9826791277258575,0.053783815584281,2
0.6334025940870699,0.21856850077652415,0.14802890513640585,0.0,0.13333333333333336,-0.16953822027253285,2.283114699670107,0.035576422512667905,2
0.385216957856685,0.2796303820586178,0.33515266008469713,0.0,0.0,-0.46312190504446793,3.5464570044009296,0.013923397507556945,1
0.6653860094237043,0.19862268938021022,0.13599130119608555,0.0,0.6,1.4830218068535825,2.701090342679128,0.014304504790474848,0
0.5942619538002898,0.23469586023505115,0.17104218596465906,0.0,0.2666666666666666,0.5495646617141945,1.765716111510504,0.004695107704135615,0
0.5889093768029049,0.23146189436532089,0.1796287288317741,0.0,0.2666666666666666,1.4055508354573778,3.0368167657887284,0.021723931159964183,1
0.49450262350046814,0.2742374431212036,0.23125993337832843,0.0,-0.4,0.018246550956831475,1.655985758789497,0.027300533155011353,2
0.5875084250730173,0.2350033700292069,0.17748820489777578,0.0,-0.19999999999999998,0.5348943985307625,1.7490562187531884,0.021372858580375187,0
0.3592743950842325,0.2828330344280128,0.35789257048775464,0.0,0.0,0.2485204608159055,2.253532992144226,-0.019086458936974415,2
0.6372606739985399,0.21145467819042463,0.1512846478110355,0.0,0.1333333333333333,1.2516585581601067,3.5161432994250337,0.054237125464411506,0
0.3194628427606306,0.2852695721287588,0.3952675851106108,0.0,0.0,-0.7689299976283419,2.7488157734489675,-0.013887364408512182,1
0.26521385366452765,0.26597377874666095,0.4688123675888115,0.0,-1.0,-0.9343389529724933,2.047027506654836,0.010010504194316372,0
0.6158156590888022,0.21931170877926676,0.16487263213193107,0.0,0.2,0.9837505489679401,2.301273605621432,0.023552427865006442,0
0.3460127824888258,0.27867496553740756,0.37531225197376666,0.0,-0.19999999999999996,1.1130952380952386,3.048913043478261,0.015483005771343261,1
0.6039599734294426,0.2296539158225535,0.16638611074800388,0.0,0.26666666666666666,0.40618788350185797,1.7198167833376545,-0.003362034194920649,0
0.6193685730834906,0.22604692448302577,0.15458450243348354,0.0,0.39999999999999997,1.0321454246687893,2.218912966576518,0.016899221662994512,1
0.10743977829887018,0.18524834790023448,0.7073118738008953,0.0,-0.4666666666666667,-2.004615207107419,2.8575054805584403,0.07178518426178239,2
0.48487075011689273,0.26077082359227843,0.25435842629082894,0.0,0.06666666666666676,0.7814465408805031,3.231132075471698,0.047778170419989,0
0.5416366675028425,0.24711275016044804,0.2112505823367095,0.0,0.3333333333333333,1.0677500423193615,2.369884240269802,0.007249073553825647,0
0.5276146988475756,0.25233746466623175,0.22004783648619264,0.0,0.06666666666666665,1.381360777587193,3.033733562035449,0.01589661564413236,0
0.5144266020773751,0.2622851126084645,0.22328828531416042,0.0,-0.1333333333333333,0.05660377358490587,2.078167115902965,0.007961973404583489,0
0.6046197315000559,0.22821431041913873,0.1671659580808054,0.0,0.1333333333333333,0.602106853132284,2.904280115108663,0.04641807830332112,0
0.34499056814776996,0.2837995805252297,0.37120985132700046,0.0,-0.1333333333333333,-1.20377358490566,2.5320754716981133,-0.022277271440609092,0
0.5023532843350846,0.2491564546970259,0.24849026096788943,0.0,-0.2,-0.055949916198363314,1.8074041210687173,0.019817473333063718,0
0.33604243887509777,0.2852212058353453,0.37873635528955696,0.0,-0.19999999999999996,-0.5034113712374584,3.1434113712374585,0.02181188765501879,1
0.34194949792384144,0.29606490075834196,0.36198560131781654,0.0,-0.20000000000000007,-0.7228327228327229,2.442002442002442,-0.009765109740037692,2
0.4160557319946727,0.31344739268517574,0.2704968753201516,10.0,-0.2666666666666666,0.12157627183426989,1.7996712915185569,-0.01140291534866239,0
0.5693213189135999,0.23613072514737096,0.19454795593902893,0.0,0.06666666666666665,0.7595676307332755,3.096698802220275,0.059369530826571926,1
0.5550598120691134,0.24076620419621275,0.20417398373467383,0.0,0.4,1.0975221097920487,2.71492311369612,0.019312020594116297,0
0.37369484389059604,0.29052138333814365,0.33578377277126026,-10.0,-0.1333333333333333,-0.07700716913538286,2.0179073172164124,-0.006108396420414719,0
0.6229815416018906,0.22048515367857885,0.15653330471953067,0.0,-0.2666666666666666,0.7148390854812872,2.8118246687054027,0.06784277212238776,0
0.3350552629123512,0.29370350578076354,0.3712412313068852,10.0,-0.20000000000000007,-0.3547269500685646,2.4318343147535693,0.012525156931618875,2
0.4372467352512306,0.28521940884080277,0.2775338559079668,0.0,-0.06666666666666665,0.2058293269230771,2.273137019230769,-0.005510573804098584,0
0.41418341418341414,0.2845922845922846,0.3012243012243012,-10.0,0.20000000000000007,0.6156055900621118,2.397437888198758,-0.009964902744655002,2
0.42141312184571006,0.3010093727469358,0.277577505407354,0.0,-0.2666666666666667,-0.2004206098843322,2.222292323869611,0.006318514288175592,0
0.4452382471136059,0.28940486062384385,0.2653568922625502,0.0,0.06666666666666665,0.31859785783836425,2.149172346640701,-0.01500016341194349,1
0.36603680522484516,0.30888155656847405,0.32508163820668073,0.0,-0.06666666666666671,-0.31475514182281084,2.1771890042566735,0.006610714986353572,2
0.38324371524426676,0.27197941081851185,0.3447768739372214,0.0,-0.06666666666666665,-0.7232978661550089,2.5140996569568,-0.00778845472662737,2
0.5735694702004384,0.24387993221121002,0.1825505975883517,0.0,0.4666666666666666,1.1504397937518953,2.3727631179860476,-0.005926502432815894,2
0.6200922310741986,0.22305475937920818,0.15685300954659329,0.0,0.1333333333333333,1.5613165965160603,2.932047031946462,0.038707260776564834,0
0.45142718195295284,0.2843853195177623,0.2641874985292849,10.0,0.19999999999999996,0.18186787710178876,2.2386314273860943,-0.015844659590857457,0
0.2731240286981939,0.29294059860374105,0.4339353726980651,0.0,-0.1333333333333333,-0.1110566715662259,2.030750565782413,-0.013016347136744766,1
0.42442044964482456,0.2904627452256768,0.2851168051294987,0.0,0.26666666666666666,0.18299464159336798,1.6927846864152598,-0.03154038149308347,0
0.4720586614158262,0.2703359194735982,0.25760541911057555,0.0,-0.06666666666666671,-0.04698621971317363,2.677513236789509,0.005538672035134029,2
0.2191338291213783,0.25170777669347505,0.5291583941851465,-10.0,-0.3333333333333333,-1.8742749983256313,2.7984193958877506,-0.005557075970645753,1
0.5200468207168061,0.2698213939371255,0.2101317853460684,0.0,0.1333333333333333,0.99687673811663,2.109271381508578,0.0028490715356389584,1
0.43873688245723313,0.28444103694475054,0.27682208059801616,0.0,-0.06666666666666665,-0.5471567899787748,2.6326549214162016,0.01837798425572712,0
0.5748705484518651,0.24252351262813066,0.18260593892000426,0.0,0.0,0.48655746768954333,2.1084156933213536,0.017628033289192713,1
0.2787042767336569,0.2955685482557571,0.425727175010586,0.0,-0.4666666666666666,-0.8304348998355308,2.016770471029146,-0.0036060211595358993,0
0.33012505896000927,0.29732417169154673,0.3725507693484441,0.0,-0.13333333333333336,0.12759170653907492,1.7114887532310399,-0.029703711617543482,1
0.3167413223279145,0.29001627325649676,0.39324240441558883,0.0,-0.20000000000000007,-0.310195551574862,2.188684878340051,0.006494538456242482,2
0.2754800859964289,0.29471996501840175,0.42979994898516916,0.0,0.06666666666666665,-0.8210180623973728,1.6602809706257984,-0.028828596494011538,0
0.32002689301621984,0.2900243717959492,0.3899487351878309,0.0,-0.19999999999999996,-0.7273550724637678,2.4610507246376807,-0.011229515189130956,2
0.47448108187942845,0.259048167265649,0.26647075085492256,0.0,0.06666666666666671,-0.5903846153846153,2.198076923076923,0.005219186264578124,0
0.5811093845010472,0.25403688939936486,0.16485372609958787,10.0,0.4,1.8276488095238097,2.7026488095238097,-0.004074145039073995,0
0.5080207818439797,0.24924343988592038,0.24273577827009996,0.0,0.06666666666666668,1.1854636591478698,3.5288220551378444,0.033747798594002565,2
0.5953905249679898,0.23815620998719597,0.16645326504481436,10.0,0.0,0.6191502463054187,2.4898399014778327,0.04095464894055767,0
0.2808810393987027,0.26337570549850026,0.45574325510279695,0.0,-0.13333333333333336,-0.8267455621301775,2.763786982248521,-0.012481997847217596,2
0.33275266467861464,0.2883167498302282,0.37893058549115705,-10.0,-0.5333333333333333,-1.0752388663967614,2.122688259109312,-0.01139689776111058,2
0.4958242914447294,0.26643431752920804,0.23774139102606262,0.0,-0.2,0.56808645899555,2.4752701843610936,0.025065451364553737,0
0.3852866156531078,0.283091690159753,0.3316216941871392,0.0,0.4666666666666666,-0.7493706293706294,2.6324475524475526,-0.02739410185092822,0
0.30624783804707706,0.2794972738803143,0.4142548880726087,-10.0,-0.3333333333333333,-0.48373913043478245,2.425478260869565,0.005879260305966694,2
0.6182259778373729,0.22618023579416083,0.15559378636846635,0.0,0.19999999999999996,0.35551405116622514,2.353516049168223,0.016021548297454058,0
0.631442299586951,0.21738177526763888,0.15117592514541012,0.0,0.46666666666666673,0.5189604445897354,2.088100686498856,0.009563170240816321,0
0.27105050881111936,0.2687003598907918,0.46024913129808886,0.0,0.0,-0.5800515274199483,2.7177033492822966,-0.0044369904371308055,2
0.24562480810561868,0.29014430457476204,0.46423088731961926,0.0,0.2666666666666667,-0.5002997002997004,1.977222777222777,-0.02271189863170836,2
0.5647871931039791,0.2418409913030093,0.19337181559301161,0.0,-0.13333333333333336,1.2111801242236024,2.2049689440993787,0.016938655829020877,0
0.6352026651860078,0.21617619840829166,0.14862113640570052,0.0,0.13333333333333336,0.42546583850931685,2.4440993788819876,0.026774434247364476,0
0.697576332481499,0.19050852611917732,0.11191514139932374,10.0,0.33333333333333337,1.30913339248743,2.201887015675836,0.0037513595136424716,0
0.3477006038051115,0.28390232787756803,0.36839706831732044,0.0,-0.7333333333333334,0.17681930995460582,2.7230173733009275,0.016486493318519757,0
0.35199038204648675,0.2733101790008015,0.37469943895271174,0.0,0.20000000000000007,0.09756807921945554,2.3693024610455806,-0.033600203735494216,0
0.3989001569429664,0.27498146913524013,0.32611837392179355,0.0,-0.39999999999999997,-0.2657291254932145,2.230682283106923,0.009138575100888557,0
0.30359295678774406,0.27981760475014966,0.4165894384621062,0.0,0.33333333333333337,-1.2791612057667106,2.3556138051550897,-0.020327512938050518,2
0.4698663944790603,0.27524717783092884,0.2548864276900108,0.0,0.0,-0.686344900944023,2.5525860922749635,0.010805126660426212,2
0.4455686308567459,0.27309045117026354,0.2813409179729906,0.0,-0.4,-0.48055919615552634,2.4027959807776322,0.03219132221974802,0
0.5736562568923277,0.23707222861366606,0.18927151449400628,0.0,-0.3333333333333333,0.9342507645259939,2.9525993883792054,0.05716658291807941,0
0.6493786888014348,0.22376181324965097,0.12685949794891416,0.0,0.4666666666666667,0.9788859137000132,2.2079803344892674,0.014379405687346969,1
0.37599166599887807,0.28752303870502444,0.33648529529609744,0.0,0.06666666666666665,-0.04281345565749206,1.926605504587156,-0.013546763177602783,1
0.2416882636060718,0.27367641614216953,0.4846353202517586,0.0,-0.1333333333333333,-0.8853939129168485,2.195362684659321,-0.0109119184618654,1
0.40670687814927897,0.27353736937473627,0.3197557524759848,10.0,0.2666666666666666,0.2323425076452601,2.629896024464832,-0.01305160039726111,1
0.5593701153907845,0.22814604214955828,0.21248384245965726,0.0,-0.13333333333333341,1.0752662721893493,2.7155029585798816,0.045337965628408305,1
0.43157847856804504,0.28203456806118443,0.2863869533707706,0.0,0.3333333333333333,0.7757859531772573,2.723612040133779,0.00867568564299237,1
0.3293183474625033,0.30649430357896346,0.3641873489585331,0.0,-0.06666666666666665,-0.11748251748251737,2.1482517482517487,-0.012199072185928805,0
0.43839037039408396,0.28334987354739577,0.2782597560585204,0.0,-0.06666666666666668,0.7262872628726291,1.53929539295393,-0.010334870811879726,0
0.6362516717239499,0.21653320296432796,0.1472151253117222,0.0,0.19999999999999996,0.46112804878048796,2.0820630081300813,0.016936329761888524,0
0.7096782604161235,0.18017025603587633,0.11015148354800022,10.0,0.4666666666666667,1.4517513295433708,2.7457179534201357,0.02010700150505662,0
0.29734641350557933,0.29084196071014484,0.4118116257842759,-10.0,-0.4666666666666666,-0.858480487804878,2.007470731707317,-0.005814614304110455,0
0.4598909490849594,0.26926948323235306,0.27083956768268747,0.0,0.19999999999999996,0.33705962059620576,2.7930216802168024,-0.006265504724047799,0
0.5815744305793942,0.233798766062068,0.18462680335853782,0.0,0.46666666666666673,0.3142587006438251,2.1421818018099144,0.007722324494083832,1
0.4850148237297092,0.2839111163295858,0.2310740599407051,0.0,0.0,0.8293413173652694,2.3263473053892216,0.003623954000687657,1
0.48369386841712664,0.26996867074444275,0.24633746083843056,0.0,-0.06666666666666665,-0.04071856287425146,2.1419161676646707,0.015114357370997478,0
0.5224827736470845,0.26421003894653705,0.2133071874063785,0.0,-0.06666666666666665,1.0306659408455818,2.482308111050626,0.025239246814706018,2
0.4432952924393723,0.2746077032810271,0.2820970042796006,0.0,0.06666666666666665,-0.3327073663324239,2.1333664032880986,0.013807503495901818,1
0.1799700610385784,0.2503087641399096,0.5697211748215121,0.0,-0.6000000000000001,-1.04333000665336,1.7843479707252163,0.024112313635149263,0
0.3546029287884074,0.29873301396322427,0.3466640572483684,0.0,-0.2,-0.050576892682155594,1.7196143511932989,-0.011784659849898738,2
0.15924292202777526,0.23584078325632535,0.6049162947158995,-10.0,-0.5333333333333333,-2.1102047502047503,2.957772317772318,0.05939408325938983,1
0.32986816693257204,0.2888907548912587,0.3812410781761693,0.0,-0.06666666666666665,-0.31900587456143015,2.3766190432857104,0.006950808012896159,1
0.6290789629654716,0.2180414204189457,0.1528796166155826,0.0,-0.06666666666666665,-0.027157592374983386,2.3710667188928065,0.0489771949813933,2
0.4605829303964282,0.28451911908280886,0.25489795052076303,10.0,0.1333333333333333,0.5397641337386022,1.9647854103343465,-0.013823915208021842,1
0.41905695039804036,0.2827679118187385,0.298175137783221,0.0,-0.2,0.5337386018237082,2.6492401215805472,0.010151383036910488,2
0.46948294090480575,0.2758386418372449,0.2546784172579494,0.0,-0.13333333333333336,0.24969604863221906,2.13419452887538,0.0035405090518677573,0
0.6843821274151177,0.18652498863418038,0.12909288395070181,0.0,0.1333333333333333,1.7056013894919677,2.3447676943117677,0.0033365307737759364,0
0.4772039331440712,0.251499370170524,0.27129669668540485,0.0,0.19999999999999996,0.11619958988380064,3.368042931312808,0.01790325850415625,1
0.4018363849403091,0.2928208357136006,0.30534277934609017,0.0,0.0,-0.27636311322111906,2.140555315781902,0.011763304032383737,2
0.42141843156884146,0.2870342258363626,0.291547342594796,0.0,0.19999999999999996,0.10156811969500801,2.4494317364408,-0.02186454114690961,0
0.37959158131870424,0.2759642060032123,0.3444442126780835,0.0,0.19999999999999996,-0.026435045317220407,2.3527190332326287,-0.010735340629409007,2
0.7382052128010558,0.17321016166281755,0.08858462553612668,0.0,0.06666666666666671,0.4995494779244184,2.0366247946149363,0.024152578672802405,0
0.33069641733206634,0.26702785422503056,0.40227572844290316,0.0,0.13333333333333341,-0.5275389263304668,2.7260051127120613,-0.004306744397985451,2
0.350870055347895,0.29424229325060813,0.3548876514014968,0.0,0.06666666666666665,-0.5413472070098575,2.0654435925520263,-0.017857640866004387,1
0.5309566910822376,0.25882289955262283,0.21022040936513936,10.0,-0.2666666666666666,0.3499556119213696,1.8413950538998098,0.012864873058270998,1
0.5749787557715963,0.2305607882054421,0.1944604560229616,0.0,0.06666666666666665,0.3146351640327547,3.5092317321232986,0.04374222792107807,0
0.4335385408776651,0.2681423345312727,0.29831912459106213,0.0,-0.1333333333333333,-0.10890718562874224,2.4060628742514973,0.01478382154448965,2
0.6890742803096622,0.19420673870940378,0.11671898098093401,0.0,0.0,1.070328977672186,2.343087105141943,0.03816171933326462,2
0.68252992372572,0.18943687678917942,0.12803319948510059,0.0,0.4666666666666666,1.5898971288192847,2.6734443201509075,0.025631008335164407,1
0.3996399639963997,0.27842784278427846,0.321932193219322,0.0,-0.26666666666666666,-0.7151605879150789,2.9157593903102885,0.01526249847918909,2
0.33047754232991994,0.2920257528135456,0.3774967048565346,-10.0,0.13333333333333336,-0.8183468834688346,1.8408401084010841,-0.028227824428335213,1
0.7329362837927242,0.16533376206336767,0.10172995414390817,10.0,0.4666666666666667,2.69399027092764,3.806347544084859,0.04318940481746414,0
0.44830776895974944,0.28730559806398803,0.26438663297626247,0.0,-0.13333333333333336,0.5157520325203253,1.989329268292683,-0.006643682961550046,1
0.47612182579773654,0.2722690792685003,0.2516090949337632,0.0,-0.6000000000000001,0.2579849012775841,2.7986353077816495,0.03561025588244582,0
0.3940747232005932,0.2930618985827196,0.3128633782166872,0.0,-0.19999999999999996,0.15307150050352458,2.3282980866062437,-0.010223255503589435,0
0.2494266729389627,0.2570269316711749,0.4935463953898624,0.0,-0.1333333333333333,-1.2858470834301652,2.804322565651871,-0.01876846643468913,0
0.34035407874893864,0.28946001089863005,0.3701859103524313,0.0,0.0,-0.2639529336937506,1.8731117824773413,-0.00434485591726097,0
0.4350041244116648,0.28077538939298363,0.2842204861953515,0.0,0.0,0.0137280137280138,2.930930930930931,0.005779390856839484,2
0.40907053351483175,0.2707259799063172,0.32020348657885106,0.0,-0.39999999999999997,-0.724324324324324,2.759159159159159,0.017734928177890408,0
0.4692254969156957,0.2849897189856066,0.24578478409869778,10.0,0.0,0.8774837995890626,2.101748063853327,-0.007052966190644827,0
0.4425562736795186,0.2824827278805438,0.2749609984399376,0.0,0.2,-0.2882882882882881,1.8738738738738738,0.0034074952591230945,2
0.5409625293424372,0.2563238431044055,0.20271362755315728,0.0,0.19999999999999996,1.0847369108238674,2.2128215171693433,-0.009754015412173578,1
0.2479747719848179,0.2775836999830051,0.47444152803217715,-10.0,-0.4,-2.2256726923692205,3.136221404575268,0.04752523271380535,1
0.35269709543568456,0.28215767634854766,0.3651452282157676,0.0,0.0,-0.5493390436602076,2.4737751838711257,-0.004793893259253501,2
0.7941361256544502,0.13235602094240836,0.07350785340314134,10.0,0.4,3.381156136636581,4.128571605442683,0.06214618625214574,1
0.5072557320104566,0.25714071733494065,0.23560355065460292,0.0,-0.1333333333333333,0.22597778850796724,2.4509898599710285,0.02007651772351582,0
0.39028514977479356,0.2849321032098186,0.3247827470153877,0.0,-0.26666666666666666,-0.2639626589409301,2.1052631578947367,0.020497796502493892,1
0.5560197493353589,0.2537030003797949,0.19027725028484618,0.0,0.0,0.23008591815931245,2.493082860055337,0.026604570952300954,1
0.51625,0.26249999999999996,0.22124999999999997,0.0,0.0,0.8178243774574048,2.565312363477501,0.033368636616277536,1
0.312474422411548,0.27869340377246177,0.4088321738159902,0.0,0.06666666666666665,0.22897121958975986,2.00985848306567,-0.03146320696579902,0
0.39947455062438686,0.29832554581885296,0.3021999035567602,0.0,0.13333333333333336,-0.1848484848484846,2.184848484848485,-0.01463159455646118,2
0.16395569304460633,0.2503409506702591,0.5857033562851345,-10.0,-0.3333333333333333,-2.122782480677218,2.7576002944424003,0.048204170986942435,2
0.5916728859940747,0.22546758034240227,0.1828595336635231,0.0,-0.06666666666666665,0.4025214551530343,3.5740867319814695,0.05805452317448545,0
0.6033320992225102,0.23702332469455759,0.15964457608293225,0.0,-0.19999999999999996,0.6611570247933883,2.5206611570247937,0.05283585631693977,2
0.3684502170317446,0.2771625513194019,0.35438723164885355,0.0,0.06666666666666671,-0.06959764681163949,2.5252127324298774,-0.005079809739887253,2
0.38749000799360517,0.2767785771382894,0.33573141486810554,0.0,0.06666666666666665,-0.6233302625518193,2.313104560110548,-0.011599002821751081,2
0.3575812029565335,0.2942123821794263,0.3482064148640402,-10.0,0.2666666666666666,0.21733124659771352,2.357369352204682,-0.029280063868500183,1
0.6281180684228082,0.21873288029782498,0.15314905127936673,0.0,0.3333333333333333,1.176218990590248,2.5876817792985456,0.016955267315492906,2
0.6066672962508264,0.23439418264236472,0.15893852110680895,0.0,0.0,0.4259522680575313,2.2514619883040936,0.024081506532212305,1
0.7796356522157061,0.1518439322645974,0.06852041551969647,10.0,0.33333333333333337,2.451545454545455,3.609727272727273,0.02371214693123025,0
0.434108527131783,0.2764857881136951,0.28940568475452194,0.0,0.06666666666666665,0.3017543859649121,2.056140350877193,-0.01158569612390864,0
0.5813651362797827,0.2464988177826279,0.1721360459375893,10.0,-0.06666666666666665,1.0071982987772463,2.744731525784158,0.043304298583179635,0
0.5897774132680275,0.2353076124547629,0.17491497427720967,0.0,0.3333333333333333,1.2393760086067782,3.06831629908553,0.028367932475033886,0
0.4984440855555993,0.27254106432426045,0.22901485012014025,0.0,0.3333333333333333,0.3745454545454546,2.047272727272728,-0.013568623851115569,1
0.3550897599677267,0.2741965306259665,0.37071370940630666,0.0,-0.1333333333333333,-0.25062656641603964,2.9573934837092732,0.006201632194337392,0
0.3626528892558325,0.29851813392119975,0.3388289768229676,0.0,0.4,-1.1102230246251565e-16,1.7169894151504805,-0.031131916312791663,2
0.2595839310245376,0.26627807251227636,0.474137996463186,-10.0,-0.3333333333333333,-0.6208984509466438,2.6655731497418245,0.0033842163474307463,2
0.5389551723221641,0.24394813063003212,0.21709669704780377,0.0,-0.1333333333333333,0.09995661315622595,2.906751660381137,0.03180584406434561,0
0.357352866198739,0.28390917897384477,0.35873795482741627,-10.0,-0.33333333333333337,-1.2296566265060238,2.515463855421687,-0.015945641838567004,0
0.47572936345433775,0.2845620425570425,0.23970859398861974,0.0,-0.2,-0.02409638554216864,1.846385542168675,0.01688024224289686,0
0.44029817952292877,0.27732213695324764,0.2823796835238236,0.0,-0.3333333333333333,-0.3300043421623966,3.259516572586482,0.034689815909981825,2
0.6139836339540764,0.23353029906061848,0.15248606698530517,0.0,-0.06666666666666665,0.39776035834266554,1.8490481522956328,0.015068716588266251,0
0.4012934095921648,0.2734477215805017,0.32525886882733357,0.0,0.26666666666666666,0.7401813639424317,2.7791097937787512,0.004436132540124205,2
0.5099771178308689,0.27060010333882833,0.2194227788303029,0.0,0.13333333333333336,0.5162907268170429,1.9197994987468674,-0.005895114106557187,0
0.4804140037328206,0.26415926700978454,0.25542672925739496,0.0,-0.2,-0.26887052341597784,2.5961432506887054,0.023117214306218603,0
0.2986425339366516,0.28054298642533937,0.42081447963800905,0.0,-0.2,-0.5775248933143668,2.267425320056899,-0.008134167178599272,1
0.4460971854015526,0.287270014128554,0.2666328004698935,0.0,0.26666666666666666,0.1251251251251253,2.4074074074074074,-0.019383657161295087,2
0.31633044865168203,0.29423752842838996,0.38943202291992796,0.0,-0.2666666666666667,-0.21725571725571724,1.764726264726265,0.003715838754680789,1
0.406200360163176,0.2627680295970828,0.3310316102397413,0.0,0.33333333333333326,0.4543492761015422,3.1537646643386825,-0.0057938157110696276,2
0.5174256163913534,0.2544483113572864,0.22812607225136028,10.0,0.19999999999999996,0.08109486404833866,2.828647734138973,0.009735587772703003,2
0.7773656113413868,0.14730335628921182,0.0753310323694015,10.0,0.0,1.7158530768007636,2.7443154714581017,0.01257521198034417,1
0.4033064045973182,0.28541684017656366,0.3112767552261181,0.0,0.2,0.6594053108602324,2.268564159643823,-0.012124152063616389,2
0.4875248086192231,0.25588318684434364,0.2565920045364332,0.0,0.0,0.6695511785598971,3.1493703584113657,0.04119602436291603,1
0.5910091687362392,0.2441801039252357,0.164810727338525,0.0,0.4,1.0896331738437004,2.847208931419458,0.0334607050080411,0
0.1560026078047872,0.22934711744435135,0.6146502747508615,-20.0,-0.13333333333333336,-1.8485527272727276,2.780392727272728,0.005402484070200775,2
0.310803777232508,0.2816070587652118,0.40758916400228024,0.0,0.13333333333333336,-0.024793388429751984,2.661157024793389,-0.02535663395377663,2
0.33744708632563236,0.28378577596192317,0.3787671377124444,0.0,-0.1333333333333333,-0.6935425685425687,2.7768759018759024,-0.002246232906761403,2
0.5664298647161083,0.2510662103065993,0.1825039249772923,0.0,-0.06666666666666671,0.5516508662961754,2.145308924485126,0.02415842983187,1
0.4059675063816407,0.28517349374661266,0.3088589998717466,0.0,-0.1333333333333333,-0.6118270504636878,2.4817191720720566,0.005472747098214825,0
0.6109816655947875,0.21954896730592835,0.16946936709928412,0.0,0.2,0.6556390977443609,2.520300751879699,0.03768757961080016,0
0.44225325232990875,0.26384426985591153,0.29390247781417983,0.0,0.19999999999999996,0.6496240601503762,3.0556390977443613,0.017822125372664754,0
0.2866572899018636,0.27316753508295244,0.440175175015184,0.0,-0.6,-1.2426939623201305,2.819017949859072,-0.0029133010650974622,0
0.4575042886650874,0.25584950578240423,0.2866462055525084,0.0,-0.2666666666666666,-0.8111556148939323,3.461207535973891,0.03749242113286283,2
0.44219548284430055,0.27555208129763537,0.2822524358580642,0.0,-0.2666666666666666,0.4471962616822429,2.8459501557632403,0.017922157202776012,0
0.6039902819701096,0.23728189648825737,0.1587278215416329,0.0,0.26666666666666666,0.5707400805440019,2.5810391496666005,0.03032721280930928,0
0.7385673795144561,0.1729730294030139,0.08845959108252993,0.0,0.26666666666666666,0.26626550272621974,1.9867502895725628,0.01922800274902492,0
0.7507134880258096,0.15389626504529097,0.09539024692889937,10.0,0.39999999999999997,1.9180876167025753,3.0240689442905513,0.019945597676537363,0
0.5058977719528178,0.2529488859764089,0.24115334207077332,0.0,-0.06666666666666665,0.3377425044091713,2.6305114638447975,0.011300576025822906,0
0.43945525509449934,0.26046364838466113,0.3000810965208394,0.0,-0.6000000000000001,-0.9356725146198829,2.8654970760233915,0.021682971287863284,1
0.24264763931233854,0.28076751014086304,0.4765848505467984,0.0,-0.1333333333333333,-0.6757810157702224,1.572824848593872,-0.013736663325137205,2
0.4029004958431197,0.2899377399992543,0.3071617641576259,0.0,0.0,-0.004587155963302614,2.3807339449541285,-0.01742859721336476,0
0.48680346420755316,0.2665494472606199,0.24664708853182693,0.0,0.0,-0.5092224519001429,2.949197010653522,0.03862642174971487,0
0.4331217392708889,0.2989937167870007,0.2678845439421105,10.0,0.06666666666666665,-0.017393406016025237,1.6303144621042953,-0.009420680883265586,2
0.5046661880832736,0.2509691313711414,0.2443646805455851,0.0,-0.3333333333333333,-0.05319981223595671,2.325144734783289,0.03605332838685027,2
0.559920123195573,0.2312107971404605,0.20886907966396653,0.0,0.0,0.6163113994439295,3.1302131603336427,0.05216856791615476,2
0.47282841249465124,0.2545999144201968,0.2725716730851519,0.0,-0.20000000000000007,0.5161897590361444,3.2471134538152615,0.03871560346006875,1
0.3967764003136836,0.2830660904676889,0.32015750921862746,-10.0,0.1333333333333333,0.2256950880444858,1.6850324374420764,-0.03682041726705271,2
0.5881495348309508,0.2334864987519855,0.17836396641706379,0.0,0.1333333333333333,-0.23847956261390246,2.3233532934131733,0.03190313304686376,0
0.32789684628488297,0.27212553518657434,0.3999776185285426,0.0,-0.2666666666666667,0.3848096348096348,2.3972416472416476,-0.015984627175600452,2
0.6491059203123517,0.2035573390453208,0.1473367406423274,10.0,-0.2666666666666666,0.2620441347270619,2.9436701509872245,0.054636930860366806,0
0.4969559677190995,0.26476001698994767,0.23828401529095292,-10.0,0.2666666666666667,-0.0018545244624044166,2.2927406552172034,-0.011817513452551498,0
0.48889957818397095,0.25449567083549174,0.25660475098053726,10.0,-0.4666666666666667,0.15630355110260563,2.3137328480118082,0.02198093909621618,0
0.4650741863709203,0.27438005095629514,0.2605457626727845,0.0,0.2,0.8823800313162016,2.4543305394369224,-0.006595958750674424,2
0.33675799086757996,0.2694063926940639,0.3938356164383562,0.0,-0.1333333333333333,-1.3773339122883195,4.3195831524098995,-0.003971849222912827,0
0.5814703011870447,0.24875734810140948,0.1697723507115459,0.0,0.26666666666666666,0.4376899696048634,2.170212765957447,0.006237783045666356,2
0.5932631083123285,0.22229667781631401,0.1844402138713576,0.0,0.26666666666666666,0.26400000000000023,2.782153846153846,0.023478395289767584,0
0.5567943284272174,0.2568636818987439,0.18634198967403867,0.0,0.5333333333333334,0.6754036087369422,2.4835707502374174,0.014853855804968563,0
0.5967664232170042,0.23596631530264198,0.1672672614803538,0.0,0.3333333333333333,0.9070769230769233,2.170666666666667,0.010346284680289308,1
0.3427592475464838,0.2781070541469974,0.3791336983065188,0.0,-0.13333333333333336,-0.06531713900134939,2.3098515519568155,-0.005884007335467234,0
0.35092348284960423,0.3007915567282322,0.34828496042216356,0.0,-0.26666666666666666,-0.4675900277008309,1.806435116130407,-0.007171066174443019,1
0.6284761717983919,0.21333594822514218,0.158187879976466,0.0,0.19999999999999996,0.30468167000510604,2.6180236440045563,0.02929709624505794,1
0.30916391119508735,0.3011336797354747,0.38970240906943787,0.0,-0.2,-0.2986284710492533,2.42416052969394,-0.006972048183560453,0
0.43189279111265066,0.26759927979602277,0.30050792909132656,0.0,-0.33333333333333337,0.29614706623016884,3.1165953160412996,0.016950993028219785,1
0.410257048505667,0.29065232903536287,0.2990906224589701,10.0,0.06666666666666665,-0.05604646464646457,1.9079131313131312,-0.008642489024369204,0
0.43813855170867627,0.2715946577843256,0.29026679050699805,0.0,-0.13333333333333336,-0.74873133246339,2.267072640278382,-0.0032335778118124936,2
0.42308069899862555,0.27412625171804433,0.30279304928333006,0.0,-0.2,0.9110655426444905,3.2927773980405566,0.027464002739526983,0
0.4355326743437751,0.25626646308072953,0.30820086257549534,0.0,-0.3333333333333333,-0.11052724483006737,3.922223580050783,0.04061509452385442,0
0.41024135250037225,0.2775884600751022,0.3121701874245256,0.0,0.06666666666666671,-0.37405303030303005,3.1865530303030303,0.005854965042326465,0
0.34539512674196116,0.2813553008110808,0.37324957244695806,0.0,0.06666666666666665,-0.7122920938710412,2.554397357028936,-0.016106476899275357,2
0.5811089230629134,0.2486027478344014,0.1702883291026852,0.0,0.26666666666666666,0.7439694461403036,1.8798006616216827,0.01831706143905687,0
0.4709770708531295,0.25772911932796255,0.27129380981890794,0.0,-0.06666666666666665,0.32425276841956574,3.275250440641664,0.021047118094461414,0
0.5111633372502938,0.2673325499412456,0.22150411280846066,0.0,0.6000000000000001,0.6305637982195847,2.2091988130563798,-0.009466311006916417,1
0.30440149264101823,0.2754968998679838,0.420101607490998,0.0,-0.2666666666666666,-0.1811650788692798,2.380134312041231,-0.004115437449014214,0
0.4467537710718908,0.28073952985786493,0.2725066990702442,0.0,0.1333333333333333,0.9492832843300357,2.904888333593628,0.009812298135211228,1
0.34448736998514123,0.28778603268945024,0.36772659732540863,0.0,-0.13333333333333336,-0.6829468219543016,2.639571023600533,-0.004451728528396537,0
0.5108129311891586,0.2618815590885264,0.22730550972231509,0.0,0.0,1.0610266339891412,2.740037642343575,0.029308450396953956,0
0.630327726763335,0.21498416666870132,0.1546881065679637,0.0,0.06666666666666665,0.16912318450780006,2.415492200107585,0.029731942016231305,2
0.3722724717665696,0.29901885635443815,0.32870867187899233,0.0,-0.06666666666666665,0.16817190906259705,2.5038928682653383,-0.01319859928725503,0
0.381466916116223,0.29998854568363176,0.31854453820014506,0.0,-0.39999999999999997,-0.3690828402366866,2.5658284023668645,0.03042585017066507,1
0.3422084469173607,0.2664899112488642,0.39130164183377525,0.0,-0.2,-0.29843066632364246,3.329045536403396,0.014090918491487303,2
0.6364696626093396,0.2223075855046976,0.1412227518859629,10.0,0.3333333333333333,0.882713864306785,2.559410029498525,0.025676071196790162,2
0.5311213083892222,0.25120602423814564,0.2176726673726321,0.0,-0.26666666666666666,0.4206009795204022,2.9950177132291707,0.04089102673786993,1
0.27209649915141987,0.2983437498734218,0.42955975097515825,-10.0,-0.06666666666666665,-0.6783244837758112,2.306454277286136,-0.01725124965303748,2
0.29081133329305864,0.2736543224793089,0.4355343442276324,0.0,0.2,0.37060041407867494,2.7722567287784683,-0.02488292867057884,1
0.3411211770315373,0.2964375723724542,0.36244125059600846,0.0,0.33333333333333337,-0.41972512884585345,2.524207402779947,-0.009671068791224202,2
0.26634156947399484,0.2702240996412542,0.46343433088475106,0.0,0.06666666666666671,-0.6280642434488586,2.8658777120315584,-0.005685290893214456,1
0.5238881985881454,0.26343241804006173,0.21267938337179296,0.0,-0.13333333333333336,-0.09985207100591698,2.622041420118343,0.03721031789344398,1
0.45296380864049557,0.27472657032929465,0.2723096210302099,0.0,0.0,0.06695733416381189,2.6736219246340704,-0.0027679357959338735,0
0.40897797599247654,0.2675446701737527,0.32347735383377063,0.0,0.4666666666666667,0.4747774480712166,3.0317931326833403,-0.012899626758868799,0
0.5067873303167421,0.2760180995475113,0.2171945701357466,0.0,-0.3333333333333333,0.36084275971828705,2.1129976276001576,0.018251329094989832,0
0.4609833845147881,0.2816342257977884,0.25738238968742333,0.0,0.1333333333333333,0.4021552397313759,2.432453537404342,-0.009196443726518566,0
0.4259094942324756,0.2839396628216504,0.290150842945874,0.0,-0.06666666666666665,-0.5111505287530633,2.8197906652404106,0.023389888660886204,0
0.3853978043769615,0.2875568757116029,0.32704531991143565,-10.0,-0.06666666666666665,0.057404339250493264,2.503794871794872,-0.01073442409331865,2
0.3781281649359763,0.2749002979504872,0.34697153711353634,0.0,-0.33333333333333326,-0.3670237540754542,2.334420121099208,0.020589416542280192,2
0.5697581190036485,0.2437547858204585,0.18648709517589293,0.0,0.0,0.8137378845343447,2.347661188369153,0.03780218210665032,0
0.36763259438601803,0.2732844064462435,0.3590829991677385,0.0,-0.4,-1.2667764880154266,3.4580954934937242,0.011837391083898807,0
0.458194161575017,0.28271554650373387,0.25909029192124916,0.0,-0.06666666666666665,1.155640158495508,3.358916722356102,0.04010417056915788,1
0.6107417519434776,0.2280902857381046,0.16116796231841768,10.0,0.2666666666666666,0.9058195932308651,2.4638385343890703,0.023937751869336,0
0.6438381215368579,0.21264378325987968,0.14351809520326245,0.0,-0.5333333333333333,0.4385654401490453,2.651886353050769,0.058485059813386364,1
0.3617516250427643,0.2977762572699282,0.34047211768730756,0.0,-0.06666666666666665,-0.10588417947523676,3.0706412047818663,-0.008612119104553506,2
0.37991722789302,0.281762320990568,0.338320451116412,0.0,-0.06666666666666665,0.38830563647801064,2.806818251219944,-0.006961472909414346,2
0.47611830014588585,0.2586157897728349,0.2652659100812792,0.0,-0.13333333333333336,-0.40452976442802635,2.429600920486889,0.03386742446323854,0
0.43152323994703745,0.2890264691234051,0.2794502909295574,0.0,0.0,-0.3306213017751476,3.015532544378698,0.011199834779637596,2
0.3737162515388118,0.2791615372940522,0.34712221116713604,0.0,-0.13333333333333336,0.041420118343195256,2.0414201183431957,-0.022739402357792704,0
0.5464335610058988,0.24575054330953122,0.20781589568457,0.0,0.26666666666666666,0.46340365320298416,3.5055955749935683,0.038991810529006465,0
0.45281327761682194,0.280443268614648,0.26674345376853015,0.0,0.2666666666666666,-0.1320521848427718,2.157660011054827,-0.006853532371074111,0
0.5076163088662378,0.25661266442685504,0.2357710267069074,-10.0,-0.5333333333333333,-0.103213571926563,2.5403002556356036,0.047545276794757285,2
0.4716063869913247,0.25594065630107704,0.2724529567075981,0.0,0.39999999999999997,0.11793077860815182,2.942969205491069,-0.004395397583338123,2
0.453759252045189,0.29068952084144917,0.25555122711336187,0.0,0.2666666666666667,0.6569623729744578,3.040922823400165,0.017672425917071355,2
0.30822299335278125,0.2794431355397204,0.4123338711074985,0.0,0.19999999999999996,0.0714513556618821,3.4653907496012764,-0.010079169717562897,2
0.42177339861512814,0.2841826862620223,0.29404391512284955,0.0,0.0,0.11106315638037678,2.458926773126169,-0.012548049988021948,1
0.5619144376346963,0.25696362712771237,0.1811219352375914,0.0,-0.06666666666666665,-0.22607230203259554,2.18536558631509,0.03242159637756248,2
0.5143095992486557,0.2746018804247985,0.21108852032654576,0.0,-0.1333333333333333,-0.09969788519637413,2.7915407854984897,0.04002318418855633,2
0.3289346610172974,0.2698217654141889,0.40124357356851365,0.0,0.06666666666666668,-0.2498257029979083,2.5761096909133165,-0.014251793255525225,0
0.3974691758598313,0.28617780661907855,0.3163530175210902,0.0,-0.4,0.15486667542361743,3.281098121634047,0.025784533822226285,2
0.4988813439572948,0.2735800918475488,0.22753856419515647,10.0,0.5333333333333334,0.3628240925408859,2.883382528919027,-0.006596585520533382,2
0.5024135185729758,0.26405255947727424,0.23353392194975006,0.0,-0.2666666666666666,0.23330497497566582,2.134081380822086,0.01593338449774817,0
0.3994969573365215,0.27952790107930786,0.32097514158417073,0.0,-0.46666666666666673,-0.48051739022284634,3.0750771842032103,0.0441508363151874,0
0.6141526799375548,0.224002547513456,0.16184477254898913,0.0,0.3333333333333333,0.9697496019684471,2.9928756372525367,0.039464333712677546,0
0.5559269487529163,0.25575702601029476,0.18831602523678906,0.0,0.7333333333333334,1.208225108225109,3.3727272727272735,0.011679685713767762,0
0.33831111790092805,0.3010859463519587,0.3606029357471132,-10.0,-0.33333333333333337,-0.05476456876456903,2.70327738927739,-0.007918783021149622,1
0.2938627805361652,0.2884040291949362,0.4177331902688986,0.0,0.06666666666666665,-0.3644609358895071,1.628255342541057,-0.020784477594645023,1
0.5745537503831734,0.24113395741469973,0.18431229220212691,0.0,-0.33333333333333337,0.5996503496503498,2.720862470862471,0.055768213761258845,1
0.2908874716246892,0.3113176953842828,0.397794832991028,0.0,-0.26666666666666666,-0.48831292733343923,2.0939736047066306,-0.0050065722032159865,2
0.4480531188510775,0.2625212640028849,0.28942561714603765,0.0,-0.06666666666666665,0.15749343146385586,2.8742551242153724,0.011015996653624127,0
0.40463215258855584,0.28201634877384196,0.3133514986376021,0.0,-0.2,0.37441675851946643,3.540625588952535,0.02197521017432391,2
0.38124020220141336,0.2853454274145548,0.33341437038403177,0.0,0.06666666666666665,-0.20357538802660757,3.1334534368070956,0.01015166079059776,2
0.5322792333621013,0.26538568008988617,0.20233508654801258,0.0,-0.06666666666666665,-0.0011129196054699975,2.0577883505140298,0.026583897437618353,2
0.41990456714383095,0.2774369461486026,0.3026584867075665,0.0,-0.5333333333333333,-0.7199386503067484,2.4273006134969326,0.016453500027549584,0
0.4205320793505621,0.2811991614934482,0.2982687591559897,0.0,0.3333333333333333,0.25461335143917174,3.186304226581634,-0.005978922688345212,0
0.47002195447652534,0.2627369914068218,0.267241054116653,0.0,0.1333333333333333,0.661181167534934,3.5101166422068126,0.041321609114975566,0
0.5961068294097459,0.24308772004501328,0.16080545054524076,0.0,0.0,0.5431650416452849,2.143186094553876,0.02612121177893134,0
0.3407588121477244,0.2973500462690334,0.3618911415832422,0.0,0.4666666666666667,0.2119476268412439,2.547696983867197,-0.032967381572979515,1
0.4771180717884786,0.27998545530102337,0.24289647291049815,0.0,0.3333333333333333,0.6777862910355398,2.1933332772019636,-0.003143452000971436,2
0.5567970204841712,0.2398510242085661,0.20335195530726255,0.0,0.4666666666666666,0.013804495310011156,3.326883369712701,0.016362538778211033,0
0.3482430766804587,0.27694108175181875,0.3748158415677226,10.0,-0.33333333333333337,0.11381241162608013,3.2030064414768264,0.010114564302244222,2
0.22531239849948778,0.27995402807571096,0.49473357342480134,0.0,-0.26666666666666666,-0.252739984882842,2.2274187452758882,-0.002689102924987502,2
0.3322744730795094,0.2770597238437452,0.39066580307674537,0.0,0.06666666666666665,-0.3894311347727497,2.992211377304545,-0.006458000487919446,1
0.5078908410379598,0.2685399849166224,0.22356917404541773,0.0,0.06666666666666665,0.25178571428571406,2.3410714285714285,0.010132425752108265,0
0.512987488110046,0.2530182190678277,0.23399429282212628,0.0,0.19999999999999996,0.5983709273182962,3.7257546039010574,0.05024728934925715,0
0.4565681593456273,0.27447645943065563,0.26895538122371715,0.0,-0.06666666666666665,0.3218344155844155,2.919237012987013,0.0070901420717580654,0
0.5258936762805442,0.2745134145980552,0.19959290912140054,0.0,0.2,-0.5522123893805311,2.9404129793510325,0.035684477278863924,1
0.35203490923682024,0.28355395424850255,0.36441113651467716,-10.0,0.19999999999999996,0.03299823008849567,2.401564601769911,-0.029513260278310083,2
0.6584972041402519,0.20152285126705985,0.13997994459268828,0.0,-0.06666666666666665,0.43959899749373466,2.8080200501253136,0.04595778996461153,0
0.3761294028367665,0.29425896499532517,0.3296116321679084,0.0,0.06666666666666665,0.1463585434173671,3.0735294117647065,-0.0038772067337184413,0
0.2300591106213056,0.27311110793055576,0.49682978144813866,0.0,-0.1333333333333333,-0.21372549019607812,2.1980392156862747,-0.006105311825114007,1
0.6104609257924513,0.22452048472655056,0.16501858948099832,0.0,0.19999999999999996,0.4575128135958997,1.8926355543566225,0.007830732724749878,1
0.48229814123101006,0.26135709329278195,0.25634476547620805,10.0,0.06666666666666665,1.1197704372778556,3.075488309909675,0.029833423668678416,0
0.39644835383689814,0.2866626558512956,0.31688899031180634,0.0,-0.1333333333333333,0.0731049366064207,2.811168060426221,-0.00432945358829967,0
0.4244380182454346,0.2601012925180936,0.31546068923647164,0.0,0.3333333333333333,0.5043571812802585,2.8755244755244758,-0.006794398449374295,0
0.25725988732976124,0.28043645375586584,0.4623036589143729,0.0,-0.33333333333333326,-0.9682314417187334,2.373887240356083,-0.006420901631640108,1
0.4707070631497436,0.28214067941806925,0.24715225743218727,0.0,0.1333333333333333,0.14524441667968147,2.0193659222239577,-0.018179274009904156,0
0.27594256124556976,0.27432412980131415,0.44973330895311603,-10.0,-0.26666666666666666,-0.4022273255063862,2.747652689975487,0.014894556293242489,1
0.4308094619266677,0.27334986326925986,0.2958406748040724,0.0,0.20000000000000007,0.1403890783027244,3.3893934618800676,0.009518256473349862,0
0.5305052717329611,0.2503188413538905,0.21917588691314824,0.0,-0.26666666666666666,0.3293413173652695,2.7724550898203595,0.02909185408894366,1
0.43910025190108454,0.29136558771006543,0.26953416038885014,0.0,-0.19999999999999996,0.0588323353293414,1.6306886227544912,0.002480086216755162,2
0.5098999996489985,0.2556484929747033,0.23445150737629827,0.0,0.0,0.3655688622754494,3.4284431137724556,0.033640181507608835,1
0.22091495961769556,0.27549394964089097,0.5035910907414135,0.0,-0.7333333333333334,-0.7547883247771265,3.154404386207298,0.023317405736711982,0
0.3414481193011501,0.2841930992963841,0.37435878140246576,0.0,-0.19999999999999996,-0.41593345064789633,2.2076467765157575,0.0029653386205131804,2
0.6364445600432299,0.22874657781504845,0.13480886214172164,0.0,-0.1333333333333333,0.350373031224095,1.400386847195358,0.02265609966845361,0
0.3310540444714582,0.3070961859899711,0.36184976953857056,0.0,0.0,-0.12822085889570545,2.5036809815950924,-0.0061336239121067004,2
0.3243761996161228,0.2763915547024952,0.39923224568138194,0.0,0.1333333333333333,0.06754309085597443,3.1665790242477363,-0.014536707458107256,1
0.4892545099684439,0.2654761687612863,0.24526932127026976,0.0,0.26666666666666666,-0.10122699386503098,2.3282208588957056,0.008677642353094539,2
0.397782340862423,0.27987679671457905,0.3223408624229979,0.0,0.0,-0.44458547378712376,2.8898055796163047,0.021046747723838077,2
0.4604232110186752,0.26628464910766686,0.2732921398736581,10.0,0.06666666666666665,0.6155586828032651,3.009704475091472,0.024720743783513854,0
0.284082835672441,0.3005249290554119,0.4153922352721471,0.0,0.39999999999999997,0.19444444444444453,1.367283950617284,-0.05035970460473635,2
0.4567864885843527,0.29081127378817484,0.2524022376274725,0.0,0.0,0.6836314772822708,2.1617535903250187,0.006017576604532671,0
0.3177298231521038,0.27076106668614064,0.41150911016175556,0.0,-0.33333333333333326,-0.6767995411528533,2.506452537998279,-0.002272088477163703,0
0.5841508472416869,0.2378222278846562,0.17802692487365693,0.0,0.13333333333333336,0.3133473302174439,2.750493231908676,0.02973572882840514,1
0.672599502511714,0.2032420235850614,0.12415847390322475,0.0,0.3333333333333333,1.0380841694140719,3.466869065408,0.05493363795962991,0
0.4942370156322988,0.25733001640359354,0.2484329679641076,0.0,0.2,1.2753152177183957,3.0146549908218234,0.014743293696759308,1
0.30290785712550505,0.27684160235802835,0.42025054051646643,-10.0,-0.39999999999999997,-0.5534202401372214,2.483835334476844,0.005511649910112659,0
0.6153250773993808,0.22058823529411764,0.16408668730650153,0.0,0.19999999999999996,1.4902186421173758,2.880201078069166,0.029673581614682698,0
0.24037397993190535,0.26488804020824697,0.4947379798598476,0.0,-0.3333333333333333,-0.6900445880955626,3.3287252477657274,0.01609554223801135,1
0.32852165256346444,0.282727725236436,0.3887506222000996,0.0,0.0,0.17360121592096522,2.7574332668376558,-0.013348473561168583,0
0.5989080218395632,0.23183536329273413,0.1692566148677027,0.0,-0.06666666666666665,0.38871473354231956,2.520376175548589,0.030555204794487922,1
0.36163895486935865,0.26811163895486934,0.37024940617577196,10.0,0.2666666666666666,0.3943202685908258,2.648405705700136,-0.02588001365819348,2
0.21208359197186014,0.25346575625905243,0.5344506517690876,0.0,-0.3333333333333333,-1.0461969971951826,2.966342187757796,0.007258693145669737,2
0.4800569021174154,0.29162335175357007,0.22831974612901462,0.0,-0.2,-0.47617554858934164,1.655485893416928,0.010031800939022173,0
0.49986469246530324,0.28325665906367187,0.2168786484710249,0.0,0.13333333333333336,0.4664556962025317,1.5803797468354432,-0.02071989682440295,0
0.32591299287065323,0.29230321548086713,0.3817837916484795,0.0,-0.5333333333333334,0.27952480782669475,2.1049929405724552,-0.0037573409925010237,0
0.24819800583025423,0.2744007278533895,0.47740126631635627,0.0,-0.06666666666666671,-0.6968371160331782,2.31109288123234,-0.015522861175839314,1
0.3304306393046679,0.2766623400095296,0.3929070206858025,-10.0,-0.2,-0.7638795986622072,2.647491638795987,-0.008496405347866942,2
0.3837726548017091,0.29794490452656647,0.31828244067172456,0.0,-0.2666666666666666,0.3098547907775946,1.859128744665568,-0.011964898141351987,1
0.6059039237257059,0.23153648698203153,0.16255958929226255,0.0,0.1333333333333333,1.0176670409483062,3.1098540301604665,0.048721983030753035,0
0.45394248034177453,0.27342734196025015,0.2726301776979753,0.0,0.2,1.2406832298136652,2.8245341614906834,-0.0025915736841875536,0
0.43267092330870216,0.2806514097137528,0.28667766697754504,0.0,-0.13333333333333336,0.2591333899745114,2.6380628717077315,0.010499186683013029,0
0.6351731792480243,0.20657180829526456,0.15825501245671114,0.0,0.06666666666666671,0.6192187874430866,3.1449796309609397,0.05890020762869197,0
0.5577521196369989,0.2525669975714712,0.18968088279153,0.0,0.3333333333333333,1.2858997498495932,2.5524840885342455,-0.009283517026913657,0
0.6038259714380605,0.22444370640983063,0.17173032215210893,10.0,0.13333333333333336,1.0442510013351134,2.886493991989319,0.04472682568561315,0
0.5010658235454012,0.2647677363052404,0.23416644014935833,0.0,0.39999999999999997,0.558012678755713,2.117794486215539,-0.010868609048114208,0
0.44883219210205416,0.2682675171184692,0.2829002907794766,0.0,-0.19999999999999996,0.38304316942087846,3.208288099928967,0.022759016305035962,0
0.2915550794500982,0.2704278997798012,0.4380170207701006,0.0,-0.3333333333333333,-1.1392547562760327,2.5261735900033773,-0.013438306113765786,0
0.30460765421860136,0.27741054223479766,0.417981803546601,0.0,-0.19999999999999998,0.058948144054526974,3.0905669811444887,-0.005624915837136091,1
0.530844501169964,0.253882152733461,0.21527334609657522,0.0,0.06666666666666665,-0.06474164133738614,2.050759878419453,0.021354934555961158,0
0.20992252583024604,0.2574740372061582,0.5326034369635957,0.0,-0.46666666666666673,-1.4817395442108663,2.9435956698332855,-0.008889080826611245,0
0.465787981751561,0.28841361099167867,0.24579840725676042,0.0,-0.06666666666666665,0.05577244841048523,1.7233686558839936,0.005282889533234525,2
0.3845433098532635,0.2854585306272692,0.32999815951946726,0.0,-0.26666666666666666,-0.24513761467889905,2.494923547400612,0.003921141537116535,0
0.4979983352491181,0.26683578421657617,0.23516588053430582,0.0,0.5333333333333334,0.5437192711848069,2.3512966354959994,-0.011501837806946968,1
0.531958215594897,0.23931282192572484,0.22872896247937827,0.0,0.4666666666666667,-0.41652148664343747,3.485917537746807,0.02213215039098071,2
0.6175895897724794,0.21994346239538765,0.16246694783213303,0.0,0.06666666666666665,0.885275519421861,2.2997194884229546,0.026585294473807086,1
0.4725160598358705,0.2812255703554879,0.24625836980864158,0.0,0.06666666666666665,0.4725609756097563,2.3018292682926833,-0.003621889604856876,1
0.46056196300023217,0.27362798978249087,0.2658100472172768,0.0,-0.26666666666666666,-0.32780256553262666,3.085471277189069,0.031613531867019984,2
0.43535394320757664,0.28146750406773835,0.28317855272468506,0.0,-0.06666666666666665,0.5337423312883438,2.300613496932516,-0.0020846028942815287,0
0.4161146101882975,0.28417583134810565,0.2997095584635969,0.0,0.2,-0.010131712259371817,2.016210739614995,-0.012762195472887039,1
0.4532135334488842,0.27459408203079455,0.2721923845203211,0.0,-0.1333333333333333,0.4422012769838859,2.5437519002736395,0.005543889440714378,0
0.5386119836425058,0.2426559197139414,0.2187320966435528,10.0,0.19999999999999996,0.9368098461538465,3.479382153846154,0.04435321284934268,1
0.5038730701426357,0.2589347721566323,0.23719215770073188,0.0,0.5333333333333332,1.0273992673992673,3.1372893772893775,0.01397620749129258,0
0.2949837301459454,0.27742517478011536,0.4275910950739393,0.0,-0.2666666666666666,-0.47699214365881004,2.7216610549943887,0.011117783478737264,2
0.30478203819798805,0.27511299023181224,0.4201049715701997,0.0,-0.4,-1.4324074074074074,2.7157407407407406,0.006248138491791622,2
0.4267680097826478,0.2677999832160454,0.30543200700130674,0.0,0.1333333333333333,0.15003572279114086,2.050488211478924,-0.02612382240657346,1
0.31588581936724197,0.30556275337484845,0.3785514272579094,0.0,0.0,-0.4453203919158525,1.7445482866043616,-0.02005633831751752,2
0.29668479511622,0.2823435361377924,0.4209716687459878,0.0,-0.46666666666666673,-1.2989170746180094,2.8785046728971966,-0.009276985103965296,2
0.4349338182164664,0.28509381376993986,0.27997236801359365,0.0,0.0,-0.034787123572170175,1.982346832814123,0.0021597553817791493,2
0.5254462087744624,0.26052764669040196,0.2140261445351357,0.0,0.13333333333333336,0.5422274478410967,2.6360884574973733,0.020441327787091956,0
0.40124921616603754,0.28075395605611636,0.31799682777784605,10.0,0.1333333333333333,0.058747160012982746,2.1262577085361896,-0.025506706925855938,0
0.2384566729917774,0.247944339025933,0.5135989879822896,0.0,-0.3333333333333333,-0.42393162393162376,2.648107448107448,0.014973147287905136,2
0.552950931831725,0.23657900627737088,0.21047006189090428,0.0,-0.13333333333333341,0.2269891982352048,3.0263197930929566,0.046513898683327004,0
0.6018222631611647,0.22316375787076684,0.17501397896806853,0.0,0.4666666666666667,0.5436362579219721,2.526309669166812,0.018636669178803578,1
0.5470269593261733,0.2612894135328928,0.1916836271409337,0.0,0.2,0.622417755968245,2.0889208511358355,0.011975530968632131,0
0.3865244837488416,0.30271496785507984,0.3107605483960786,0.0,0.2,0.6592213432604316,2.309601364975958,-0.013805771003477185,2
0.34378217979917697,0.3006712312069973,0.3555465889938257,0.0,0.13333333333333336,0.232666356444858,2.1560415697223516,-0.029030936874429702,1
0.43611803361958135,0.2666550262702583,0.2972269401101605,0.0,0.8,1.1548492914952544,3.104245650829502,-0.028426619273832887,1
0.3574721195771902,0.286414970425761,0.35611290999704887,0.0,0.0,-0.21001725547180072,2.332894378348924,-0.012950364331740127,2
0.2154189478889138,0.24227637515818096,0.5423046769529052,0.0,-0.6666666666666667,-1.1449774715080836,2.7776305327325734,0.008213579297562723,2
0.49658462344710746,0.27060263538567014,0.23281274116722245,-10.0,-0.06666666666666665,0.7254536340852131,2.9597393483709276,0.04385384691027422,1
0.4417635689616933,0.2824609486391433,0.27577548239916355,0.0,-0.06666666666666665,-0.5578681803847366,2.3686534216335544,0.010645749921706582,0
0.6788586638519521,0.19315978476612244,0.12798155138192535,0.0,0.6000000000000001,1.5124102870813396,2.9777212918660285,0.02370906934529038,0
0.4010258100397553,0.30044698951531507,0.29852720044492964,0.0,0.4666666666666667,-0.0027185732927359485,2.036211396259243,-0.025355417506014166,2
0.3015056070053549,0.2717056342199419,0.4267887587747033,0.0,-0.2,0.24920255183413098,2.100421508316246,-0.018836965169344744,2
0.6471944963613949,0.21473734441484071,0.13806815922376425,0.0,0.4666666666666666,1.1482093663911848,2.5366391184573,0.01093400993431981,0
0.442219600632864,0.268900102978485,0.2888802963886511,10.0,0.06666666666666665,0.09104683195592278,2.9689531680440773,0.002793355611841186,1
0.24815250998907695,0.24749428051960995,0.5043532094913131,0.0,-0.5333333333333333,-1.343939393939394,3.504545454545455,0.006228436464901621,0
0.21514374036140832,0.2746246568142683,0.5102316028243234,0.0,-0.06666666666666665,-0.024793388429751984,2.024793388429752,-0.004426939843489547,1
0.37192314193019127,0.26902797874489337,0.35904887932491536,0.0,0.0,0.32567873627476307,2.80267194174479,-0.014921636555084383,2
0.35037586415195654,0.2979310691992751,0.3516930666487683,0.0,-0.2666666666666666,-0.5782661047561709,1.8299217338952438,-0.013463822962890948,1
0.5562522371295622,0.2498673150742418,0.19388044779619595,0.0,0.0,0.6703608595756186,2.184078929585079,0.02837429366048072,0
0.6103609421600169,0.22076885141958058,0.1688702064204025,0.0,0.26666666666666666,0.04589969084092571,2.1322492745193493,0.01165311479556308,0
0.4317883340273551,0.29145712546846475,0.27675454050418014,0.0,0.0,0.4764233875765068,2.094465081232567,-0.01542477364766992,0
0.48756251863138017,0.26992591611186556,0.2425115652567542,0.0,-0.2,-0.47043257745598877,2.5726781579624385,0.03909309431421454,0
0.45137321620777054,0.29946876844554005,0.24915801534668933,0.0,0.2,0.5081936765105084,1.5883016873115885,-0.03220589015549902,0
0.43875845885824666,0.270102750684412,0.29113879045734126,0.0,-0.20000000000000007,0.3360336033603364,2.4362436243624366,0.004439447448641887,2
0.48592671269251203,0.2549123738714817,0.2591609134360064,0.0,0.2,1.0915377252010916,3.5603560356035606,0.04099882497597146,0
0.4011415834947423,0.28936838685534044,0.3094900296499171,0.0,0.19999999999999996,-0.0029904306220094323,1.9108851674641147,-0.012819115946710535,1
0.5306933608126012,0.24260267922861764,0.22670395995878106,-10.0,0.2666666666666667,0.5729188331235292,2.565913195774725,0.015354638015940503,0
0.215795911235366,0.23903547090686703,0.5451686178577668,0.0,-0.7333333333333334,-0.8114545978064549,2.251132110043714,0.015493948048257378,2
0.4151898116323434,0.2901171044014822,0.2946930839661744,0.0,-0.4,0.20417244719001149,2.5600083763055257,0.012116100416171838,2
0.6695159611005375,0.20819400132656532,0.12229003757289711,0.0,0.7333333333333334,0.8186727763685462,2.4006491558246736,0.022779682255535394,1
0.4673687485062425,0.2678330936998524,0.2647981577939051,10.0,0.13333333333333336,0.9341079562501708,2.591364591004555,0.004959137007878978,0
0.3451523275255371,0.26348248101245225,0.39136519146201065,0.0,-0.39999999999999997,-0.23860771170284711,2.8362339339524016,0.01295375915358643,2
0.5122569915165406,0.2575435703204707,0.23019943816298866,0.0,0.06666666666666665,0.5786292915005788,2.533110453902533,0.019785840886358486,0
0.28576677648903204,0.3043835045990667,0.40984971891190125,0.0,0.19999999999999996,-0.420314758748602,2.2144941766903963,-0.01461562364226443,2
0.617960213294704,0.22703647739051164,0.15500330931478454,0.0,0.4666666666666666,0.9353272989636628,2.614456250819887,0.02236565433666471,0
0.5065198697435752,0.26781510354258004,0.22566502671384467,0.0,-0.06666666666666665,0.06011353087096172,2.1998508575689786,0.007029215950672074,1
0.3945673122557374,0.28951223840436463,0.3159204493398979,0.0,0.0,-0.17444717444717406,3.093366093366093,0.011013294658384354,2
0.4212880143112701,0.2808586762075134,0.29785330948121647,0.0,-0.06666666666666665,-0.21183091043076296,1.9480136665103502,0.016119691322908913,2
0.36794816126123114,0.28845318814923676,0.343598650589532,0.0,0.06666666666666667,0.3206331418966246,2.757949292618014,-0.019588484455640542,0
0.40799323686886635,0.28057192565456573,0.31143483747656797,0.0,0.19999999999999996,0.08039123735512854,2.5725195953641053,-0.022218040491662205,0
0.3502833377310365,0.294105821302474,0.3556108409664895,0.0,-0.2,-0.7199887939487323,1.8293878694495027,-0.007899746522563311,2
0.4076186103333347,0.28633331830163694,0.3060480713650284,0.0,-0.06666666666666665,0.38812785388127846,2.214611872146119,-0.01876524776395916,1
0.37055232990918563,0.2730385588804526,0.35640911121036173,0.0,0.33333333333333337,-0.6307313483527677,2.8505320955507756,-0.010690017323060352,0
0.35303320364766677,0.2727516004858066,0.37421519586652674,10.0,-0.33333333333333337,-0.35654339704369487,2.604309924738751,0.023696129796746623,0
0.49054945054945054,0.25054945054945055,0.2589010989010989,0.0,0.1333333333333333,0.6022182115476576,2.3298934086106096,0.007472621456084072,0
0.3296147381603665,0.2819595952938075,0.388425666545826,0.0,-0.2666666666666667,0.07554398413576369,2.061271567132971,-0.019159961128038305,0
0.3214258805013019,0.2949794472954985,0.3835946722031997,0.0,-0.4,0.5717060799417235,1.974665785320185,-0.01181853269486749,2
0.5567378865522296,0.2367897846601887,0.2064723287875818,0.0,0.06666666666666665,0.9422763021219768,2.6635999406440125,0.030130152666895005,0
0.3036888443107099,0.2672461829934247,0.42906497269586535,-10.0,-0.2,-0.5019223245963111,2.6105437817858057,0.0043617823629445995,1
0.6366916986645825,0.2244452750688097,0.13886302626660776,0.0,0.4666666666666666,1.187299617333747,2.1801634088323505,0.002522746904581319,1
0.5437299035369775,0.2461093247588424,0.21016077170418002,0.0,-0.2,0.5545369926381407,2.864637689335176,0.04591331233990814,2
0.27030733421298425,0.2500704214911565,0.47962224429585926,0.0,-0.5333333333333333,-0.9845429159732605,2.8740868191690407,-0.004554638316690451,1
0.5998353097963584,0.22226676562525396,0.17789792457838768,0.0,0.2666666666666666,0.4636699507389166,2.8282019704433496,0.029584286244480062,0
0.4703681256423094,0.26219399720677755,0.26743787715091305,0.0,0.0,0.6236751753993137,2.3911031497238397,0.011764077109245374,1
0.4295510545334689,0.29220244148514973,0.27824650398138134,0.0,0.2666666666666666,0.019731762418141785,1.7355371900826446,-0.013680700340488738,2
0.6166305007801071,0.2185709052060943,0.1647985940137985,0.0,0.4,0.18717424482391198,2.283525786851729,0.012276161678329456,1
0.600304852231349,0.22313489711237194,0.17656025065627914,0.0,0.06666666666666665,1.1007285397529305,3.0012670256572695,0.05296840279878612,0
0.20516389115515668,0.24893218793492344,0.5459039209099198,0.0,-0.4,-0.46114554637281935,2.4055899908172638,0.013713081215064177,0
0.38140179319696954,0.30313367276892694,0.3154645340341036,-10.0,0.1333333333333333,0.11363087395696092,2.289026130873957,-0.029703855159779913,0
0.3884598061621099,0.29225816137588206,0.3192820324620081,0.0,0.3333333333333333,0.09282340141300915,2.3734695844982165,-0.03520355205749687,2
0.4937894339486977,0.2785856806456831,0.22762488540561915,0.0,-0.06666666666666665,0.3312367075433279,2.1774740938504005,0.003496027451259709,2
0.7076091719001023,0.1831459033153206,0.10924492478457719,0.0,0.0,0.7067471049164414,2.454198737951599,0.048608141938369154,0
0.490806890299184,0.2783680870353581,0.23082502266545782,10.0,-0.19999999999999996,-0.10688579155398359,2.176451008945288,0.02502125803096389,2
0.25695232422692266,0.2695771494057021,0.4734705263673752,0.0,0.2666666666666666,-0.0339782261979058,2.062963733444283,-0.02003997253783077,1
0.4021569386964588,0.26581313326945427,0.332029928034087,0.0,0.06666666666666671,0.2273774773390691,2.501152250729759,-0.01010726124496536,2
0.3043835045990667,0.28576677648903204,0.40984971891190125,0.0,0.20000000000000007,-0.10783996549121122,1.8871993960961932,-0.0284181216768018,1
0.558293885723467,0.2466536479254471,0.19505246635108575,0.0,-0.19999999999999996,0.44859161538564685,2.607086835860516,0.03438862896118855,0
0.5451530097199389,0.2526318825531424,0.20221510772691872,0.0,-0.33333333333333337,0.3205128205128208,1.9230769230769234,0.028217088082064468,0
0.31477029046721683,0.26928325427253236,0.41594645526025076,0.0,0.1333333333333333,-0.5196150097465886,2.6772660818713447,-0.006209578565821883,0
0.25094779153153973,0.2846115196638195,0.46444068880464084,0.0,0.1333333333333333,-0.4003460207612457,2.4785467128027685,-0.0036212207063143487,1
0.5860128251773695,0.234110651264326,0.17987652355830455,0.0,0.0,0.5602768166089966,2.4603460207612455,0.03434059734732453,0
0.26301735647530045,0.26301735647530045,0.4739652870493992,0.0,-0.6,-0.36599559609940246,2.0718779490405788,0.012983019760374193,2
0.45775822550262146,0.28212289426747666,0.2601188802299019,0.0,-0.4,0.017446424936756966,2.5413625657875607,0.017055906173456314,0
0.47038708794966494,0.2723293667077007,0.2572835453426344,0.0,-0.26666666666666666,-0.9434389140271491,2.5859728506787327,0.024618994767717062,1
0.3249796259622246,0.3078189856473877,0.36720138839038763,0.0,0.0,-0.2676696253949148,1.8987212276214835,-0.005286003506277559,1
0.47287582188805843,0.27060523911513173,0.2565189389968098,0.0,-0.2666666666666666,-0.033212560386473466,2.1128298030471946,0.02088859002214183,0
0.5656741288125771,0.24306310222415423,0.19126276896326888,10.0,0.26666666666666666,1.6502367424242421,3.4320549242424243,0.045286727924275016,0
0.3718400146333149,0.2786025184267523,0.3495574669399327,0.0,0.06666666666666665,-0.22844748665511738,2.2363065308939314,-0.011952131863467608,0
0.6020092837671299,0.23683106341092675,0.16115965282194325,0.0,0.06666666666666665,0.5624050818949327,1.679376847330862,0.01278422765809728,1
0.5047361394635907,0.2652732551158077,0.22999060542060173,0.0,0.06666666666666665,0.558337424316806,2.364915725740468,0.011711332870909308,1
0.36319840615438703,0.2872061242513153,0.34959546959429766,0.0,0.2666666666666667,0.4587628865979382,2.036082474226804,-0.039070816540040354,1
0.48599204595669465,0.2658418029164825,0.24816615112682278,0.0,0.39999999999999997,0.7497656982193065,2.4117463292721024,0.007413754636160341,0
0.5500628977817633,0.25831683044999937,0.1916202717682372,0.0,-0.1333333333333333,0.6165667166416793,2.365692153923039,0.03431831638696747,2
0.5594891017631543,0.2395761025498635,0.20093479568698225,-10.0,0.19999999999999996,0.1516927899686522,2.991065830721003,0.027243486207911727,0
0.4426625096936988,0.2699473686282383,0.28739012167806294,0.0,-0.26666666666666666,0.8925729442970824,3.2798408488063657,0.033182959472496165,0
0.37777926069892853,0.28535619997747813,0.33686453932359334,0.0,-0.06666666666666665,-0.35703427007774824,2.2490552925335536,0.007777857298883362,0
0.3875908802145832,0.28919319545422467,0.32321592433119223,0.0,0.0,0.16820022083179986,2.3581155686418844,-0.01760851841572192,0
0.45315402852812003,0.27782657701426405,0.2690193944576159,0.0,0.2,0.3806670382757341,1.6580732069862507,-0.028911628659477162,1
0.2567677088867259,0.2885655675723886,0.45466672354088544,0.0,-0.4,-0.9225087108013937,2.1213937282229964,-0.00741252369440476,0
0.30947725620101807,0.27328108588510946,0.41724165791387247,0.0,-0.19999999999999996,-0.5744464968649994,3.0470640268491294,0.012006505288859659,1
0.41366255545660463,0.29868286751818734,0.28765457702520814,0.0,0.3333333333333333,0.6921919663005869,2.091319392207011,-0.01858276167258688,2
0.28046384512886585,0.2891469363093261,0.43038921856180795,0.0,-0.5333333333333333,-0.7311696264543783,2.0244947948560936,0.004418315906605241,2
0.43835127579848926,0.28293582346993396,0.27871290073157673,0.0,-0.26666666666666666,0.2523074957682605,2.4879435342212,0.012654317164884687,0
0.43104760462697683,0.2913935520375513,0.2775588433354717,0.0,-0.26666666666666666,-0.6673724267177863,2.7918055535686186,0.02164743806059749,0
0.492694906602605,0.2828158074153926,0.2244892859820023,0.0,0.2,0.11350251632937147,1.44126780169183,-0.004243583612112856,2
0.467337816009917,0.2930017655234589,0.23966041846662411,10.0,-0.2,0.5738942617666023,2.25461637653127,0.012883814969827545,0
0.5880193452618473,0.2597085441573159,0.1522721105808367,0.0,0.19999999999999996,0.9306589021891514,2.224738488083684,0.01735182821728254,1
0.2749295103451015,0.2902982407370637,0.4347722489178349,0.0,0.26666666666666666,-0.44740532959326773,2.021037868162693,-0.022202443950588346,0
0.5393626417551528,0.2621060028753973,0.19853135536944985,0.0,-0.06666666666666665,0.6376978417266191,2.502446043165468,0.03463823847975689,0
0.5001730764426903,0.25625305560214545,0.2435738679551643,0.0,-0.1333333333333333,-0.6036313806097979,2.1712915381980133,0.018239193814825083,0
0.34486839213564824,0.3115311142292022,0.3436004936351495,0.0,0.26666666666666666,0.9781405644715,1.913392363032651,-0.04036491984815299,1
0.46042321101867517,0.273292139873658,0.2662846491076668,-10.0,0.2666666666666666,0.02384665156907162,2.518573277256551,-0.011873610297658876,1
0.5555308587093428,0.25361191375861303,0.19085722753204418,0.0,0.3333333333333333,1.6275118203309695,2.809544917257684,0.020835672288726403,0
0.23462605384824586,0.27779167799836824,0.48758226815338596,0.0,-0.19999999999999996,-0.43724946037619494,2.6216466234967624,0.009675956928764107,1
0.3024199683368629,0.29478791866274645,0.40279211300039064,0.0,0.26666666666666666,-0.28054567022538535,1.8072360616844603,-0.018938797942304353,0
0.5427762743954331,0.26150565601124504,0.19571806959332178,10.0,0.13333333333333336,0.8375047792711979,2.627393311961413,0.0211453204478671,0
0.6393910218918992,0.22332796458425191,0.13728101352384897,0.0,0.2,-0.042157131125102554,2.0656994251300302,0.035684435129162084,0
0.50165934933501,0.2584726841449082,0.2398679665200819,0.0,0.0,0.3850194882223352,3.313336722589392,0.02972451730351855,0
0.5007941734784798,0.27462906287529537,0.22457676364622478,0.0,0.4,0.5917153024911035,1.9787615658362991,-0.01268888835797305,2
0.3657522301965256,0.3262458917432423,0.3080018780602321,0.0,-0.06666666666666671,0.04855523568153686,1.7775153170443643,-0.012823694016440623,0
0.32511049735093633,0.27443150805799627,0.4004579945910675,0.0,0.1333333333333333,-0.8519437551695617,1.9437551695616213,-0.027335811989891712,0
0.4363454341763402,0.27545110004052153,0.28820346578313827,0.0,0.2,0.8738692609660355,3.331626557433009,0.011865477978002414,2
0.4817567667014998,0.27982279263500287,0.23842044066349735,10.0,0.06666666666666665,0.6600582335813656,3.0569524425752186,0.03420713092277139,0
0.5245154999933219,0.26983745375378987,0.2056470462528883,0.0,0.06666666666666665,0.48805287239450956,1.8979833926453145,-0.0021718921561839633,1
0.289297544719038,0.2840216016542531,0.42668085362670904,0.0,-0.1333333333333333,-0.07260228034875937,2.164151576123407,-0.008227751396972627,0
0.47474576831404636,0.29880164970564577,0.22645258198030785,0.0,0.0,0.39372599231754174,1.0851472471190782,-0.02173967932548665,2
0.45209528777603897,0.28794992175273865,0.2599547904712224,0.0,0.06666666666666665,0.1362152425982215,2.2413599009343694,-0.013626207831181958,2
0.37991561604046425,0.29669600490779113,0.3233883790517446,0.0,-0.1333333333333333,-0.8289812204402948,2.621897675278458,-0.009462469030253273,0
0.2247150741882302,0.28327718443122357,0.49200774138054615,0.0,-0.3333333333333333,-0.39529759894501537,2.0298805101236717,0.004448542225010288,1
0.4299070668500996,0.29244461914254427,0.277648314007356,0.0,0.06666666666666665,0.04889884285181045,2.3818589025755883,-0.011545923368049493,0
0.2488511841640155,0.2651113467656416,0.48603746907034284,0.0,0.0,-0.07384615384615367,1.9305494505494507,-0.01560307239256245,2
0.34839037614368007,0.31331751948492037,0.33829210437139956,-10.0,-0.3333333333333333,-0.5078571428571426,1.677857142857143,-0.011280529082280277,2
0.5423818564583415,0.2521342684076614,0.20548387513399718,0.0,0.13333333333333341,0.4486961451247169,2.625566893424037,0.01752766420950036,0
0.5402359944722016,0.25746784309556714,0.2022961624322313,0.0,-0.2666666666666666,0.8204464574571338,2.1404076350695567,0.021836488213284877,0
0.2907482509771248,0.2962863129004986,0.41296543612237646,0.0,0.19999999999999996,-1.0011778563015308,2.9362274945313818,-0.029520630908223766,1
0.41765335163393413,0.30473729891205625,0.27760934945400967,0.0,0.1333333333333333,0.20733094217478798,2.044440556381769,-0.024187795205040552,0
0.4077108789303472,0.2881660224538565,0.30412309861579645,0.0,-0.2,-0.24295774647887325,3.535211267605634,0.030206082567288517,0
0.44289935822522325,0.2797957023518626,0.27730493942291423,0.0,0.26666666666666666,0.6688616547771479,1.839521980367051,-0.01877364845089141,1
0.5700996169484145,0.24800089437543765,0.18189948867614783,0.0,-0.1333333333333333,0.7427816901408453,2.0808098591549298,0.038453255649834595,1
0.40185466305854406,0.3139066728268761,0.28423866411457993,10.0,0.8,0.20472081500862893,1.694115682235707,-0.06243607228145065,0
0.5028182171234242,0.27917668174614,0.21800510113043567,0.0,0.26666666666666666,-0.021754385964912193,1.936140350877193,0.005853961820692533,0
0.44931009160128316,0.3014725775905384,0.24921733080817843,0.0,-0.1333333333333333,0.05311355311355315,1.5183150183150185,0.0035812573857096908,0
0.583753432983337,0.23766043073112958,0.1785861362855333,0.0,0.06666666666666665,0.5399146308237217,2.646898555989465,0.03508117624698637,2
0.5493784959602237,0.26308266003729025,0.187538844002486,0.0,-0.1333333333333333,0.6282012302079192,2.2068900998666887,0.030424876635656073,2
0.36595937704752785,0.293457991028678,0.3405826319237941,-10.0,-0.33333333333333337,-0.7161366313309777,2.167255594817432,-0.009162814609514403,2
0.6630511077648528,0.21344795934895944,0.12350093288618788,0.0,0.6,1.1491460541813898,3.0454946996466425,0.021538196051701597,0
0.2419837036168591,0.2715282255700803,0.48648807081306045,0.0,0.0,-0.4593639575971733,1.8504742421424587,-0.0147761238720934,2
0.3103696412767471,0.2937775535355373,0.3958528051877156,0.0,-0.26666666666666666,-0.5908127208480565,2.767491166077739,0.006471818503889504,1
0.309002534864849,0.3069696234512645,0.3840278416838864,0.0,0.13333333333333336,-0.1606537156953437,1.442799876657416,-0.01609762963150413,1
0.2857061252468542,0.2966248306703008,0.4176690440828451,0.0,-0.4666666666666667,-0.04528096017457717,1.8696126568466997,-0.0020071098547118638,0
0.29043268373402786,0.3128486291228958,0.3967186871430764,0.0,0.3333333333333333,-0.2601991647928048,2.309669129457115,-0.026340081535741355,1
0.5361015944978234,0.2711676669843641,0.19273073851781253,0.0,0.1333333333333333,0.06825367305188779,1.4742421424586203,0.011998427182457472,0
0.3046498440601077,0.3036574992911823,0.3916926566487099,0.0,-0.39999999999999997,-0.5879858657243817,2.992697290930506,0.016981901400241528,1
0.4461282290815708,0.2998096459101231,0.254062125008306,10.0,0.8,0.3892168326373274,2.159701895277867,-0.048569335372849576,0
0.6661564580789933,0.2023034796769177,0.13154006224408896,0.0,0.2,1.2031802120141344,3.1113074204947,0.04016447478541196,0
0.5851139857621673,0.25280740145702335,0.1620786127808094,0.0,0.26666666666666666,0.7015661700761551,2.001966856037517,0.019691650610478062,0
0.17213551136776878,0.25654355826436065,0.5713209303678706,0.0,-0.8,-0.05812884845142907,1.8373770793125632,0.01981573384203733,2
0.46178840655055886,0.2887964647777489,0.2494151286716922,0.0,-0.19999999999999998,0.31446133937237153,1.4791329666774509,-0.010025132631760691,0
0.5716004278632616,0.24390280037097287,0.18449677176576562,0.0,0.3333333333333333,0.24542124542124522,2.333333333333333,0.012178055731156157,1
0.4052999686587599,0.2968757732213846,0.29782425811985547,0.0,0.0,-0.5315439955727727,1.956004427227449,-0.009741255643484548,1
0.3047598535429679,0.3295283222054706,0.36571182425156157,0.0,0.06666666666666665,0.24665981500513867,1.54251753876402,-0.04120781279464508,2
0.33921579279478814,0.2861482914679961,0.3746359157372157,0.0,0.2,0.22104272539055136,1.7267833615659702,-0.043073210546102636,2
0.34140426660603995,0.2930923420863173,0.3655033913076428,0.0,-0.3333333333333333,-0.5852813852813853,2.032900432900433,-0.006926956878896273,2
0.6313519354572844,0.232438025989249,0.13621003855346658,0.0,0.06666666666666665,0.9864462809917357,2.969917355371901,0.0482197606770044,2
0.41404090657822,0.29574350469872857,0.29021558872305137,0.0,0.4,0.049206349206349254,2.0174603174603174,-0.03848171906579473,0
0.41621462889398253,0.28686792883769874,0.29691744226831873,0.0,-0.4,0.29310615167511656,3.303611561177024,0.02155826987310372,0
0.34935002080273064,0.31512316065651713,0.3355268185407521,-10.0,-0.5333333333333333,-0.35946954177897594,2.3678619946091644,0.024702990384330825,2
0.6504364559946604,0.21630793769124748,0.13325560631409228,0.0,0.06666666666666665,0.6281368821292774,2.4167300380228136,0.04203133888546562,0
0.3994845360824743,0.30025773195876293,0.30025773195876293,0.0,0.2,-0.16510552735356787,1.704013650233994,-0.0020031967440477527,0
0.277333160701425,0.3054290037790204,0.4172378355195546,-10.0,-0.5333333333333333,-1.0421074380165285,2.7793801652892562,0.004499381515357892,2
0.3822681242036081,0.3068204681107907,0.3109114076856012,0.0,0.06666666666666665,-0.48863636363636354,2.2386363636363633,-0.005772844428833246,2
0.39659971913613584,0.29681826113691695,0.30658201972694715,0.0,-0.2,0.3128594432942261,2.1373440263994987,-0.004644644783184215,1
0.4295546094580759,0.3225375441259601,0.247907846415964,0.0,0.33333333333333337,0.5983397190293744,1.5370370370370372,-0.037424109489734625,0
0.4584119138973791,0.28952331404045,0.25206477206217076,0.0,-0.26666666666666666,0.03237547892720305,2.618582375478927,0.014732482384209211,0
0.3810832139829889,0.29360184725104493,0.3253149387659661,0.0,0.3333333333333333,0.22658137882018503,2.2251599147121537,-0.031702810752303356,2
0.4782888821750067,0.3037991271144179,0.21791199071057546,0.0,0.06666666666666665,0.42968387874293135,2.5989617131732645,0.003474895452376947,0
0.2163882481443612,0.27674580103922747,0.5068659508164113,0.0,-0.9333333333333333,-1.0136684996072267,2.285624509033778,0.012401809155626692,2
0.38099998745100666,0.2982268272380084,0.32077318531098503,0.0,-0.19999999999999996,-0.2938573198796246,2.2670679176255386,0.01852319942794084,1
0.6469484229957574,0.21665249514276527,0.13639908186147742,0.0,0.4,1.463568773234201,2.805576208178439,0.02184629714852826,0
0.25935833084197446,0.3002218620678804,0.4404198070901452,0.0,-0.19999999999999996,0.059574873701267794,1.251072347726623,-0.018212527009631302,1
0.5905426572738381,0.2448969549849513,0.16456038774121065,10.0,0.7333333333333334,1.0049212249955746,2.1152062311913618,-0.005962989974875876,0
0.2788819257932955,0.2865811200636626,0.4345369541430419,0.0,0.13333333333333333,-0.9634024064171125,3.077372994652406,-0.021522613443634153,2
0.6159713327310657,0.22452672080364985,0.15950194646528446,0.0,0.06666666666666665,0.2914242620124976,2.7127774186597717,0.034730447997139646,0
0.4044827586206897,0.29017241379310343,0.30534482758620696,0.0,0.0,0.07028641714988582,2.249165348796345,-0.015920770087728242,0
0.4340661093740029,0.28982675004785907,0.27610714057813796,0.0,0.13333333333333341,-0.44417110837775053,1.7971846385130519,-0.008364411098113977,2
0.41742522756827044,0.29128738621586475,0.29128738621586475,-10.0,-0.7333333333333334,-0.39586160108548163,1.991519674355495,0.03329518002048276,2
0.5265049176836978,0.2709051465988794,0.20258993571742284,0.0,0.6,0.5743418325041458,2.3415474709784414,-0.005843794591471774,0
0.37282902354303354,0.2894635275955229,0.3377074488614435,0.0,-0.2,-1.0973702914001424,2.7157071783937456,-0.004922044810279469,0
0.5032922898060561,0.2667018971621836,0.2300058130317603,0.0,-0.06666666666666665,0.13904163393558533,2.487824037706206,0.011361927661883375,2
0.4695760402178844,0.2902038260973882,0.24022013368472753,0.0,0.19999999999999996,0.021586283458739475,1.8101640557542864,-0.005159058857911347,2
0.23203280163569256,0.28596091455407985,0.4820062838102275,0.0,0.0,-0.6950474898236094,2.344301221166893,-0.014546131709021498,2
0.37223013231898516,0.28925623285469126,0.3385136348263235,0.0,-0.2,0.3094352982828821,2.6036466631262174,-0.005177374557858494,1
0.2668592725504998,0.29463957537121427,0.43850115207828605,0.0,-0.1333333333333333,0.15836431226765812,2.180669144981413,-0.02265832143452176,1
0.3220218478679091,0.2983589005804908,0.37961925155160015,0.0,-0.4666666666666667,-0.8743371277717487,2.770786672516105,-0.002033937194909685,2
0.2837196224141394,0.2880980116489255,0.42818236593693515,0.0,0.1333333333333333,-0.00626307416732419,1.9352899177032057,-0.018992731158793574,1
0.5238907964948023,0.26417156310502776,0.21193764040017,0.0,0.0,0.5021996314131149,2.4372807799774097,0.01729352101123416,0
0.34421844950774994,0.3140848478673408,0.34169670262490925,10.0,0.0,0.38154012030416506,1.8469242991714903,-0.030891953750863732,1
0.5982163126317497,0.23272255553753854,0.1690611318307119,0.0,0.0,0.653516295025729,1.9502572898799317,0.028283083331572145,2
0.6870200989532101,0.19068312950538074,0.12229677154140914,0.0,0.6000000000000001,1.3074042062806108,2.894842984730625,0.026951730246586036,0
0.6023704484098242,0.23637321393296898,0.16125633765720682,0.0,0.13333333333333336,0.7171623296158612,2.3497521685254026,0.03849180178219125,2
0.6429973238180197,0.219892952720785,0.13710972346119538,0.0,0.8666666666666667,1.3617283950617283,2.6580246913580243,-0.007261120215646177,0
0.49715904011671364,0.27091565084620917,0.2319253090370773,0.0,0.06666666666666665,0.30620587142326294,1.852099591230026,-0.002994849842542502,1
0.48799253905339235,0.2574026579622289,0.2546048029843786,0.0,-0.06666666666666665,-0.08080808080808066,2.006734006734007,0.014796525093390578,0
0.23962805261181067,0.25391481997620047,0.5064571274119889,0.0,-0.5333333333333333,-0.6417378917378918,2.913817663817664,0.01600164717675298,0
0.41872230712788683,0.29832292169175323,0.2829547711803599,0.0,0.0,-0.27890895121014214,1.850941221667307,0.006762280665449316,2
0.33734000879820686,0.2947734461738274,0.3678865450279657,0.0,0.06666666666666665,-0.3957927188647594,2.227713046500733,-0.0060413340669651094,0
0.3082504802530635,0.2891637632095302,0.40258575653740625,-10.0,-0.8,-0.759427433879989,2.721471229500427,0.01460687073843403,0
0.557360455914559,0.2483728291608645,0.19426671492457656,0.0,0.26666666666666666,0.4180147058823529,2.469485294117647,0.0084982832704531,0
0.4261593015814238,0.27942780552793955,0.2944128928906366,0.0,0.19999999999999996,-0.281862745098039,1.6789215686274508,-0.00528746832408572,0
0.2531237779557177,0.2714660807061321,0.47541014133815007,0.0,-0.6666666666666666,-0.4501278772378515,2.1521739130434785,0.012774681529411691,2
0.3950856401881047,0.32288033353303736,0.28203402627885793,0.0,0.0,0.2759675107501196,2.4877846790890272,-0.005793754909929838,1
0.5332225530245331,0.2584873872002585,0.20829005977520826,0.0,0.33333333333333337,0.8509439278670049,2.74443505212736,0.009876103377699397,0
0.24842076829574175,0.30034150765015727,0.451237724054101,0.0,0.0,0.13779870922728077,1.550671550671551,-0.03231807969536135,2
0.3693726619059548,0.2670036670348758,0.36362367105916943,0.0,-0.06666666666666665,-0.9459270887842315,2.9682539682539684,-0.011717222997768839,0
0.5300361170487212,0.24942876096410405,0.22053512198717473,0.0,0.4666666666666667,0.9508379156847343,2.32554333595182,-0.006063659320372672,1
0.6935670023170175,0.1906956116350252,0.1157373860479572,0.0,-0.06666666666666665,0.8360074626865674,2.821082089552239,0.048623123568159454,0
0.5701727157189459,0.25069256133487167,0.17913472294618227,0.0,-0.4666666666666666,-0.06460711006165532,2.034304079758625,0.051017794993654664,1
0.37572862998758977,0.302771614456019,0.32149975555639126,-10.0,-0.06666666666666665,-0.4434149184149181,1.6370046620046619,-0.015472479251833093,2
0.4587989947061655,0.30239024651088175,0.2388107587829528,0.0,-0.06666666666666665,0.0896015870391802,1.8088940320714169,-0.013467423847689286,0
0.5491596313221284,0.26597475021299666,0.18486561846487493,0.0,-0.13333333333333336,0.7075699965433807,2.1593501555478745,0.034347789203731716,0
0.6237940244917023,0.22331528323091968,0.152890692277378,0.0,0.6000000000000001,0.4242172921418206,3.2523325730872905,0.028546777841046866,1
0.4204451772464962,0.3050288540807914,0.2745259686727123,0.0,0.0,0.19347005742411816,1.9837899917965547,-0.020763581064403847,0
0.27631311095233724,0.2865154412028851,0.43717144784477774,0.0,-0.4666666666666666,-0.5864197530864197,2.7469135802469133,0.012063013171727144,0
0.5061152531145527,0.2901096777977498,0.20377506908769738,0.0,-0.2666666666666666,-0.35738335738335736,1.6307519640852974,0.026494812667321788,0
0.37489452273900825,0.3020994697799776,0.32300600748101405,-10.0,0.13333333333333341,-0.4401207648440121,1.8866152297886618,-0.016613713478510428,0
0.35256950294861,0.30139005897219884,0.3460404380791912,0.0,0.06666666666666665,0.15175476430088974,1.8514081244708551,-0.030848823440082718,0
0.3392543514592751,0.3239407869836828,0.3368048615570421,0.0,-0.1333333333333333,0.37600770520025184,1.5894250676859372,-0.03353742057056952,0
0.671294530475246,0.21206804485467995,0.11663742467007397,0.0,0.06666666666666665,0.8175824175824178,2.868864468864469,0.05777200877816557,0
0.5080660944445997,0.2655800039142226,0.2263539016411776,10.0,-0.5333333333333333,0.4485818181818183,2.0736000000000003,0.022952807646680506,0
0.5681015126981164,0.24136955461785262,0.19052893268403087,0.0,-0.4666666666666666,-0.05619834710743765,1.8328217237308146,0.045630626038639766,1
0.33814349275092626,0.3069986973659725,0.35485780988310134,0.0,0.2666666666666667,-0.23374910394265236,2.2069677419354843,-0.024268532138450483,1
0.571297129481478,0.2593911757812839,0.16931169473723803,0.0,0.0,0.054542621162537164,1.7167939327827124,0.025771752791268976,0
0.5151100966335442,0.2758429807416317,0.20904692262482402,0.0,-0.1333333333333333,0.47907361455748565,2.102453818582851,0.009648594822803558,0
0.41545268332650553,0.28722654649733714,0.2973207701761573,0.0,-0.39999999999999997,-0.12445240939864588,1.8219832735961772,0.010289746899051266,0
0.3729255073316247,0.3329692029746649,0.2941052896937103,0.0,0.1333333333333333,0.043597883597883635,1.776931216931217,-0.02014047960528703,2
0.48256414624120997,0.2780145678344881,0.23942128592430206,0.0,0.19999999999999996,0.18380899675863704,1.7293857221914775,-0.02416493817540888,1
0.2552730955206228,0.2964722343546473,0.44825467012472997,-10.0,0.0,-1.2592759659549249,2.8245526233475466,-0.022284212710733636,1
0.3322439949696962,0.3001947350047737,0.36756127002553,0.0,-0.26666666666666666,-0.9505582137161083,2.026581605528974,-0.01593231993113814,2
0.3744479534959799,0.29136731381405945,0.33418473268996063,0.0,-0.06666666666666665,-0.9116620752984389,2.8348943985307624,-0.012440751693698127,2
0.41365093907466793,0.2757672927164453,0.3105817682088869,0.0,-0.19999999999999996,-0.004948897256589424,2.4286175363098446,-0.005842573188011679,0
0.5134962905324729,0.2893384671111767,0.19716524235635036,0.0,0.6666666666666666,0.8558629776021079,2.823364075537989,-0.006468346394493674,2
0.270918506405015,0.2902698282910875,0.43881166530389754,0.0,-0.19999999999999996,-0.03434343434343423,1.1200577200577202,-0.004903458113600934,1
0.5436176080850605,0.26117940947103463,0.1952029824439048,0.0,-0.2,0.15176399026763987,1.848844282238443,0.01729053965727989,1
0.38635872366605145,0.29776691441778486,0.3158743619161637,0.0,-0.26666666666666666,0.08958195089581977,2.1245299712452996,-0.010245398470207168,2
0.6612033162006906,0.21988129147239943,0.11891539232690991,0.0,0.2666666666666666,1.388323610545833,2.5912359245692578,0.018070183587196142,2
0.4561256384844095,0.30163147061065787,0.2422428909049325,0.0,0.0,0.4411764705882355,2.1470588235294117,-0.011129128128294918,2
0.6071142503458822,0.23028471564843808,0.16260103400567974,0.0,0.2,0.3660990712074301,2.613777089783282,0.02213627024964171,0
0.27139492905215595,0.301065114221845,0.4275399567259991,0.0,0.19999999999999996,-0.6447963800904973,2.570254822576804,-0.01788877438233577,0
0.6118024156317952,0.23697663187763202,0.15122095249057296,10.0,0.4,1.8025158649693969,2.781375089181781,0.0023294286398313213,0
0.6581146909810939,0.21190994584878756,0.12997536317011865,0.0,-0.06666666666666671,0.38399126689089513,1.2809051749572196,0.02109522361251359,0
0.44671046180998136,0.2786939896068241,0.2745955485831944,0.0,-0.06666666666666665,0.27036160865157166,2.8050016897600543,0.0067252599617255715,0
0.4444727907843868,0.2925996428361167,0.26292756637949644,0.0,-0.06666666666666665,0.1206932773109245,1.6332983193277308,-0.019511659056293318,1
0.4096183299638547,0.3082276542302273,0.28215401580591803,0.0,-0.1333333333333333,0.1719986240110083,2.949776401788786,0.008684839657994936,1
0.2754089610348834,0.28289742221105846,0.4416936167540582,0.0,-0.13333333333333336,-0.6058823529411761,2.676470588235294,-0.002352515126382515,2
0.5266844584596099,0.2823790168849716,0.19093652465541863,0.0,0.26666666666666666,1.11825279310809,2.5316327904159377,-0.005492060765755813,1
0.47283634402804,0.2713669452682664,0.2557967107036937,0.0,-0.39999999999999997,-0.32683647621728107,2.927455671263721,0.03571992076095498,2
0.3025870601438682,0.30455831135001715,0.3928546285061146,0.0,-0.4666666666666667,-1.2611952675807165,2.310233303847855,0.008509045647458358,2
0.2764226361595715,0.2856929074941913,0.4378844563462371,0.0,0.1333333333333333,-0.5508255933952527,2.1360386259767066,-0.02076121942324438,1
0.5037463736355478,0.2788595996911068,0.21739402667334545,10.0,0.19999999999999996,0.5432924563359346,1.9583797844667412,-0.006659070679745915,0
0.439416436871008,0.2961889273845718,0.26439463574442007,0.0,0.13333333333333336,-0.549732318963088,1.84530853761623,-0.0129809534886699,1
0.40139759531394514,0.2969067927242832,0.3016956119617717,0.0,-0.06666666666666665,0.15842281288505566,1.777856011265622,-0.02105348227419218,2
0.3645811507354482,0.32309433013451794,0.31232451913003395,0.0,-0.39999999999999997,0.08973498825897364,1.7921838309292184,-0.016988419088459605,2
0.3398282405300579,0.2893274493676964,0.37084431010224567,0.0,0.4666666666666667,0.8494382022471914,3.0067415730337084,-0.02094868210052847,2
0.35026085049492006,0.3096677055700121,0.34007144393506783,0.0,0.0,0.012275586926499993,1.3080319847237138,-0.026794348948436297,1
0.3392367487610375,0.302030137606601,0.35873311363236143,0.0,0.0,-0.5278195488721804,2.314285714285714,-0.009112685868840842,1
0.38200072426667997,0.30288083315642916,0.31511844257689087,0.0,-0.06666666666666665,0.40547798066595087,1.9838286191669652,-0.027916031718125622,1
0.590799768458756,0.2402484991942256,0.16895173234701838,0.0,0.0,0.3665768194070085,2.954177897574124,0.03706838941280444,0
0.46595239968970986,0.2945170828227411,0.23953051748754906,0.0,-0.2666666666666667,0.6641004606550136,2.5344860225910266,0.029263594330076803,0
0.5158725007600627,0.2714329146441028,0.21269458459583454,0.0,0.13333333333333336,0.42813036020583173,2.1077186963979417,-0.004116373636322557,0
0.39132865395366173,0.31175849431641717,0.2969128517299211,-10.0,0.0,-0.4118845551495265,1.6145752852561714,-0.014398683643109977,2
0.4557976458802906,0.28750313047833714,0.2566992236413724,0.0,0.06666666666666671,0.7462893605215704,2.2444167013455405,0.00962678495322633,1
0.5544626842090589,0.2465899832403446,0.19894733255059652,0.0,0.1333333333333333,0.6782608695652175,3.090073831009024,0.048630486613175594,1
0.5204543917776726,0.26168097910609234,0.21786462911623503,0.0,0.06666666666666668,-0.1199248120300751,1.2447368421052631,0.020434363775391873,0
0.47101341059108154,0.2823243033362206,0.24666228607269797,0.0,-0.19999999999999998,-0.35620300751879685,2.0999373433583957,0.029207575912940487,1
0.4249578414839797,0.296795952782462,0.2782462057335582,0.0,-0.06666666666666665,0.4051299254251285,1.7521224163290583,-0.027481416740179787,1
0.3685512337863785,0.3151919642482833,0.3162568019653383,0.0,0.0,0.23269218199428376,1.2784997415191544,-0.03678827590033429,1
0.3594026659539638,0.2866401630307687,0.3539571710152674,0.0,-0.3333333333333333,-0.15849587067299242,2.9727640133544195,0.016225222148517016,2
0.30409777138749106,0.2973400431344357,0.39856218547807337,0.0,0.0,-0.028556944913822324,2.3371071307874285,-0.010551084366525076,2
0.5407601681331043,0.26352537770993534,0.19571445415696034,0.0,-0.1333333333333333,0.32972361402941686,2.1238079844835953,0.015566437210252304,1
0.2742320867082431,0.30263152610844957,0.42313638718330726,0.0,-0.06666666666666665,-1.430702261727192,2.9375057075888096,-0.027810801598504714,1
0.6553241469344988,0.20964508503721102,0.1350307680282901,10.0,0.7333333333333334,1.496589200273411,2.729125085440875,0.010403865239577703,0
0.3202637406885444,0.3086370042279042,0.37109925508355146,0.0,-0.06666666666666668,-0.5463659147869675,1.2080200501253133,-0.020689903038325075,0
0.5971383315733896,0.2428775079197466,0.15998416050686376,0.0,0.26666666666666666,0.7111935683364254,2.4037366142629297,0.03346685222080481,1
0.5508447245032126,0.2572626460591927,0.19189262943759455,0.0,0.2666666666666667,0.357089552238806,2.450373134328358,0.003318859456869494,0
0.2773836778125302,0.3015429013639441,0.42107342082352556,0.0,0.0,-0.6728263444681354,2.5491589670694146,-0.013508043353029575,2
0.39574326571333557,0.3065070391309168,0.29774969515574773,0.0,-0.2,0.353922542204568,3.0629592850049656,0.006147724646307362,1
0.431952896702532,0.2994689411643752,0.26857816213309293,0.0,0.0,0.9691524408505542,2.16711590296496,-0.011703623281844489,0
0.4662788208385132,0.2883755168878189,0.24534566227366789,0.0,-0.19999999999999996,0.6100628930817611,2.4537286612758313,0.020359594797626113,0
0.3776013874066169,0.31636872998932764,0.3060298826040555,0.0,0.0,-0.2263140817650875,1.5647306943543153,-0.00539244066944633,1
0.3792659448941147,0.28735793984308694,0.33337611526279837,-10.0,-0.1333333333333333,-0.7491427161712098,2.71712100653756,-0.0023613404091915036,1
0.5263966135418267,0.25670848550806885,0.21689490095010447,0.0,0.26666666666666666,0.5402336145360157,1.7083062946138874,-0.012352522959395262,0
0.6456127205209861,0.21570010247820962,0.1386871770008044,0.0,0.19999999999999998,1.5009746588693957,2.4756335282651074,0.023102930680582445,0
0.3985177090223371,0.3060511817655203,0.2954311092121426,0.0,0.19999999999999996,0.7588932806324111,2.3715415019762847,-0.0035564975317501357,1
0.4739144505980022,0.2937974319906618,0.2322881174113361,0.0,-0.06666666666666665,0.11550615669608799,1.4667102538956085,0.0037712562709170117,0
0.40932465973427634,0.282335382768522,0.3083399574972016,0.0,-0.26666666666666666,-0.8352826510721245,2.186159844054581,0.0067123686935859905,0
0.37627798223641157,0.30719087730120165,0.3165311404623868,0.0,-0.06666666666666671,0.8246616541353384,2.6291729323308273,0.00783128951147477,1
0.24704016140023946,0.3049779191227712,0.4479819194769893,0.0,-0.13333333333333336,-0.367704976727533,1.4940923737916219,-0.014244386531727882,1
0.3293511321392362,0.32032781345049,0.3503210544102738,0.0,-0.5333333333333333,-0.3417124901806755,1.8970934799685781,0.011001438982923828,0
0.5068812527185733,0.2671596346237495,0.22595911265767726,0.0,-0.26666666666666666,0.513057480921375,3.2575789399986,0.049504888789640766,2
0.44599400320758664,0.30018827138972176,0.2538177254026916,0.0,0.0,0.13010053222944995,2.862211709047901,0.005460207632237757,0
0.3072107972400313,0.3265457425208725,0.3662434602390962,0.0,0.19999999999999996,-0.790016103059581,1.8669887278582928,-0.028311675090755217,2
0.6704520756357314,0.20539013257987393,0.12415779178439472,0.0,0.3333333333333333,1.7130030463363801,3.2393779060445733,0.05071015935851697,2
0.28370753077307687,0.28285040832361136,0.4334420609033118,-10.0,-0.33333333333333337,-1.172799137621272,2.8771469637082285,-0.0074483421463453214,0
0.3266734778824687,0.32218312079817363,0.3511434013193578,0.0,0.13333333333333336,-0.24951899951899947,2.5312650312650318,-0.01797996284250286,0
0.46393627931697895,0.2994093559809257,0.23665436470209533,0.0,-0.19999999999999998,0.26458333333333306,1.55625,-0.010706008218293206,1
0.4210080781695932,0.30247182315096993,0.276520098679437,0.0,-0.19999999999999996,0.3681662743704759,2.357774126215748,-0.007990681962356416,0
0.5978315546715989,0.2502921442225094,0.15187630110589165,0.0,0.13333333333333336,1.1938922500720253,2.0005762028233938,0.0052432947417713205,0
0.5929681737467559,0.23480945226062017,0.17222237399262397,0.0,0.0,0.49093222843426376,1.9239235979180611,0.016089100673252088,1
0.30187736752279065,0.31615535112184157,0.3819672813553677,0.0,0.0,-0.31081421024680633,2.8196886267713897,-0.010517969609204092,0
0.6325166513685896,0.2177034055873285,0.14977994304408201,0.0,-0.33333333333333326,0.6518238465308412,2.906252187915704,0.06939029564290766,0
0.5444427598540801,0.2730150282650197,0.18254221188090017,0.0,-0.13333333333333336,1.3434809348093486,2.911746617466175,0.022063030526340288,0
0.40864531446964225,0.2942760283444908,0.2970786571858669,0.0,0.19999999999999996,0.32947799833729574,2.009684523722708,-0.030712344985129147,0
0.5672483459881887,0.24958927223480307,0.1831623817770081,0.0,0.1333333333333333,-0.35055350553505527,2.785977859778598,0.03379481982877386,1
0.26984917358690585,0.3121255441155211,0.4180252822975729,0.0,0.0,-0.4210426719651811,1.8781341659570443,-0.014926546340281344,1
0.6650319105194472,0.20977516640546323,0.12519292307508953,0.0,0.2,0.44612794612794615,1.6279461279461278,0.00796323934562515,1
0.5709945994599459,0.2675517551755175,0.16145364536453646,10.0,0.1333333333333333,0.9086016628873773,2.212305366591081,0.015654958000259178,1
0.4292077607436648,0.2793053487824445,0.2914868904738907,0.0,0.2666666666666666,0.828036274260531,3.479108399016866,0.02902540708392931,2
0.3297262010871612,0.3030493239765495,0.36722447493628935,0.0,-0.1333333333333333,0.12400886851302118,1.9979206593764485,-0.022820899603490985,2
0.4927359646796586,0.2778036596116769,0.22946037570866454,0.0,-0.1333333333333333,-0.12434456928838933,2.167790262172285,0.020528936002148723,0
0.39136474128950116,0.3181502488713972,0.29048500983910175,0.0,-0.39999999999999997,0.7826936744847196,2.6377043354655294,0.021938794658661442,0
0.3901985572990258,0.2944894772068119,0.31531196549416224,0.0,0.1333333333333333,-0.3742565368645496,2.5509669696629635,0.009053478884157584,2
0.28712935916056076,0.3058959839422967,0.4069746568971427,0.0,-0.39999999999999997,-0.4344193817878028,1.6156496109186826,-0.008694688583192334,0
0.30903938230956407,0.2991659196159678,0.3917946980744682,0.0,0.26666666666666666,-0.12686567164179063,2.425373134328358,-0.018993795931211255,2
0.22339976705526843,0.29160281120298276,0.48499742174174865,0.0,-0.06666666666666665,-1.2834051088431362,2.639667276266887,-0.019731341119588797,0
0.5642810164424514,0.24912406576980567,0.18659491778774293,0.0,-0.26666666666666666,1.3868159203980102,3.675373134328358,0.0748321733513887,1
0.5327891334160517,0.25975315091752105,0.2074577156664272,0.0,0.19999999999999996,0.7684987694831831,2.4223133716160787,0.02843285000178075,1
0.5982450745957649,0.2545378772670328,0.14721704813720235,10.0,0.0,0.8019319310282569,1.6087929944930939,0.021947952298639883,0
0.6470435690298793,0.2151865080489277,0.13776992292119308,0.0,-0.06666666666666671,0.7822931785195938,2.378809869375907,0.04842546519094937,0
0.32319487741174485,0.33473755160502144,0.3420675709832336,0.0,-0.1333333333333333,-0.5070510566819018,1.4867768272198134,-0.008812841741359434,2
0.49255931714508533,0.2861965451301719,0.22124413772474283,0.0,0.2,0.9484126984126984,2.4563492063492065,0.004415268979959752,1
0.33435537728122305,0.30694919881554905,0.35869542390322784,0.0,-0.06666666666666671,-1.1059027777777775,2.2274305555555554,-0.027371256652716502,2
0.4299825682742592,0.3166763509587449,0.2533410807669959,0.0,0.33333333333333337,0.19709785054706308,1.749049429657795,-0.03918520014371529,1
0.4003837543971859,0.3002878157978893,0.29932842980492486,0.0,0.26666666666666666,0.05947819740923199,1.6102900930487138,-0.02503180212775563,1
0.4590323207461623,0.28991514994494466,0.25105252930889305,0.0,-0.13333333333333336,-0.46493948792799356,2.2444201179833367,0.020243408341756752,2
0.24262489461385361,0.3082857571826193,0.4490893482035271,0.0,-0.46666666666666673,-0.7079793436615026,1.9906713310011663,0.004011963648223482,0
0.493753058228674,0.26511172728755505,0.24113521448377095,0.0,0.39999999999999997,0.06663334999167092,2.6558149496680237,-0.011165166124725456,2
0.437473358488183,0.2871757629339606,0.27535087857785634,0.0,-0.13333333333333336,-0.03693860836717966,2.349863778435207,0.013600246452005638,0
0.4493301910195981,0.29670057057802035,0.25396923840238156,0.0,-0.4666666666666666,0.0036947405368458197,1.3374960743381799,0.00927206458071056,0
0.30149582013775766,0.3024715347660352,0.3960326450962071,-10.0,-0.06666666666666665,-1.4099055993792837,3.0747704642441485,-0.025323561393493343,2
0.47698465643762505,0.28329997776295307,0.23971536579942185,0.0,0.0,-0.04974754974754969,2.2223047223047225,0.012378237619406318,1
0.48220891957237316,0.2896239331177721,0.22816714730985463,0.0,0.1333333333333333,0.42257767972053717,1.819893362750506,-0.020823110095325892,1
0.2326785531454314,0.28517310476970553,0.482148342084863,0.0,-0.19999999999999996,-0.5360199540274856,1.655010514989974,-0.015056831504757257,0
0.3478760336861311,0.3249258786860044,0.3271980876278646,0.0,0.06666666666666665,0.07502131287297531,1.4254049445865304,-0.022715382044879218,1
0.5998421468034728,0.24625098658247832,0.15390686661404895,0.0,0.0,0.3044117647058824,2.5102941176470592,0.03050996947719342,0
0.5468646854361096,0.2626793854201538,0.19045592914373674,10.0,0.2,0.3244590703414233,1.8724640065816538,0.0052441134624204855,0
0.3838281470651758,0.3101128075625924,0.3060590453722317,0.0,-0.33333333333333337,-0.3422619047619049,1.7336309523809523,0.006407005567265089,1
0.5420127922294348,0.25974574253654353,0.19824146523402159,0.0,-0.1333333333333333,-0.06184895833333304,2.3470052083333335,0.03571327634226085,0
0.5923588560437008,0.2437309876429811,0.16391015631331826,0.0,-0.06666666666666671,0.775904605263158,1.9107730263157894,0.029788481536014766,2
0.4630978439104006,0.2657550126985822,0.2711471433910172,0.0,0.0,0.7822690217391302,2.9018342391304346,0.03596022031544499,1
0.35854964145035856,0.32951217048782955,0.3119381880618119,0.0,-0.1333333333333333,0.3285363285363285,1.802737802737803,-0.02090003323949935,0
0.3211292511923886,0.2911171716416981,0.38775357716591324,0.0,0.39999999999999997,-0.13253048967334657,2.5763007905865054,-0.020084894182113233,2
0.5580488248397508,0.2540710096831386,0.1878801654771105,0.0,0.06666666666666671,0.7722007722007727,2.0767884121921396,0.029686402266084877,2
0.44957814383286454,0.29971876255524305,0.25070309361189236,10.0,0.1333333333333333,0.3510154398103661,2.021077583445448,-0.017813937312611494,0
0.2971530619466079,0.3238865554089325,0.3789603826444595,0.0,-0.26666666666666666,-0.21853082318198602,1.38796603912883,-0.00665757235853881,1
0.5167775660556161,0.2711209839306276,0.21210145001375624,0.0,0.3333333333333333,0.25091799265605896,1.499388004895961,-0.02407662889755041,0
0.3046840922054827,0.32705600107371746,0.3682599067207999,0.0,-0.2,-0.7861899166246991,2.078786861395557,-0.008840785623767278,2
0.5862318185924654,0.22766284217183122,0.1861053392357033,0.0,0.19999999999999998,0.6877493834015573,2.7667514624036365,0.04292102414743604,1
0.6113789349743407,0.2435962944038389,0.14502477062182037,0.0,0.06666666666666665,0.8108907487789476,2.5375508605322272,0.04627324737933569,1
0.6383913075608724,0.22788540563297646,0.13372328680615117,0.0,0.33333333333333337,1.1996690568119142,2.137341423055709,0.00768966726187037,2
0.563247989157656,0.26263810730385084,0.17411390353849326,0.0,-0.06666666666666665,-0.2871093749999998,2.349609375,0.03326702656623182,0
0.3909402438973858,0.3188898235203932,0.2901699325822211,0.0,-0.26666666666666666,-0.33993675595238093,1.830202132936508,0.007796885775648854,2
0.30965557869582894,0.3006944847785863,0.3896499365255847,0.0,0.06666666666666671,-0.6477535774410776,1.5881470959595962,-0.022294063566896893,2
0.4224961061827047,0.3230852576691271,0.25441863614816823,-10.0,-0.4,-0.03604743083003947,1.8023715415019765,0.010648931048483912,0
0.32439361072766715,0.27805166633800044,0.3975547229343325,0.0,-0.26666666666666666,-0.4212063928510057,3.29077161024231,0.01140457465644834,1
0.5179119754350051,0.2702149437052201,0.21187308085977483,0.0,-0.2666666666666666,0.46199986131336235,2.0742320227446087,0.014059982253216807,1
0.5190487458589682,0.2910553715097018,0.18989588263132984,0.0,0.2,0.2848463071244245,1.526149021657466,-0.014638337670939916,0
0.5808605197275215,0.25621518815378347,0.16292429211869505,0.0,0.2666666666666667,1.1553188526872742,3.6615845168476753,0.05962798572791739,1
0.4357659537132718,0.31439489949111893,0.24983914679560917,0.0,0.06666666666666665,0.2786092214663646,2.0926681783824645,-0.011753421233840489,2
0.39449734401505676,0.2885675016406434,0.31693515434429986,0.0,0.1333333333333333,-0.4233939807814252,1.6252865713867615,-0.0191964396036024,2
0.5809474232170744,0.2514315460697553,0.16762103071317022,0.0,0.13333333333333336,0.8230550661142597,1.5342000412718069,-0.00803524051746507,0
0.27726929005012335,0.33978091180687847,0.38294979814299823,0.0,0.06666666666666671,-0.05181818181818165,1.9518181818181817,-0.018525493138231153,2
0.4433503330027479,0.2878366777340917,0.26881298926316033,0.0,0.3333333333333333,0.28057971014492744,2.321159420289855,-0.014776380701086167,0
0.4979556033446046,0.2786180161571002,0.2234263804982951,0.0,0.1333333333333333,0.7732000000000003,2.2012,0.017228164927416356,0
0.4010258100397553,0.30044698951531507,0.29852720044492964,10.0,0.7333333333333334,0.5433009164171472,2.1406217778987573,-0.04454916048095653,1
0.6600516959858288,0.21646037143184224,0.12348793258232897,0.0,0.2,1.0555871751090875,2.216657180800607,0.026391509701253146,0
0.34368443138900545,0.2967687788501888,0.3595467897608057,0.0,0.06666666666666665,-0.7856573705179284,2.573705179282869,-0.020205057845831376,0
0.33435537728122305,0.30694919881554905,0.35869542390322784,0.0,0.2666666666666666,-0.5656725325418973,1.5344290852783202,-0.025275427235698866,0
0.45178476291955255,0.29408630793819923,0.25412892914224827,0.0,0.3333333333333333,1.47710020242915,3.1503036437246967,-0.003266089250498261,1
0.36055785210238417,0.3408910601695269,0.29855108772808886,0.0,0.2666666666666667,0.02317290552584672,1.2709447415329769,-0.03635775473005387,1
0.5476683792532956,0.2615957900902613,0.1907358306564431,0.0,0.3333333333333333,1.3565722585330433,2.8932461873638347,0.0031822998017615456,0
0.4130094329314929,0.29762901992206,0.2893615471464472,0.0,-0.4666666666666666,0.43887468030690546,2.3519181585677753,0.005273087746652694,2
0.3912429437028631,0.31378209243283317,0.2949749638643037,0.0,0.19999999999999998,0.3529273974207149,1.9145530497247636,-0.03440008567198527,2
0.46858485026423957,0.3082795067527892,0.2231356429829712,0.0,-0.13333333333333336,-0.4398637538172423,1.6155743481324878,0.005784630782937228,1
0.2899361651824415,0.33091654188667347,0.37914729293088495,-10.0,0.0,-0.5878418738883855,1.893785026343166,-0.024862496395113398,1
0.3453111009747774,0.3204770834389201,0.3342118155863024,0.0,0.0,-0.27281746031746024,1.705109126984127,-0.008777952274228673,0
0.3870405262461986,0.32297864603993126,0.2899808277138702,0.0,0.06666666666666665,0.08370535714285754,1.8805803571428572,-0.030576331995417816,0
0.4688871886676126,0.2948976029356054,0.23621520839678217,10.0,0.0,0.7613636363636364,1.8948863636363638,0.00695757029103744,2
0.35575362276067646,0.3182421863471357,0.32600419089218774,0.0,0.1333333333333333,0.5516304347826086,1.5407608695652175,-0.04167345546630041,1
0.4756429383216043,0.2822339121968556,0.24212314948154018,0.0,-0.2666666666666667,0.04211840986394566,1.907552083333333,0.020710754290664157,0
0.5615035364796049,0.2520728241722957,0.1864236393480994,0.0,0.0,0.3011904761904761,1.8071428571428574,0.012879526348778425,0
0.4430722462356908,0.2925948795896071,0.2643328741747019,0.0,-0.06666666666666665,0.35212399909959136,2.0886259124674407,-0.00926716044678011,0
0.3219448762532457,0.3549962513819059,0.32305887236484854,0.0,0.1333333333333333,-0.6167557932263813,1.6232917409387997,-0.021743871745745602,2
0.43795085840289805,0.28060324460544966,0.28144589699165223,0.0,-0.20000000000000007,-0.2246278355387521,2.1383211247637046,0.008965883511373784,0
0.4519676169823104,0.30375745686798133,0.2442749261497082,0.0,-0.1333333333333333,0.8346456692913387,1.7165354330708664,-0.019866353201752784,2
0.39620975882884246,0.33275979745055806,0.2710304437205995,0.0,0.06666666666666665,-0.21898391463608846,1.5328874024526198,-0.005421458429242021,0
0.43577990675348693,0.3002970511282041,0.26392304211830897,0.0,-0.26666666666666666,0.3567119155354451,1.7669683257918556,-0.011257231378072774,0
0.31809885931558934,0.3316349809885932,0.3502661596958175,0.0,-0.33333333333333337,0.05021555947481904,2.1323241230648637,-0.01699173145348687,0
0.3364734707671512,0.3170834741466712,0.3464430550861778,-10.0,0.3333333333333333,-0.4143030303030304,1.6463030303030306,-0.03253198652194189,1
0.5480682407926827,0.2805978119028406,0.17133394730447668,0.0,-0.26666666666666666,0.8467281510759774,2.399648660518226,0.02847629397589113,0
0.6356164383561644,0.23013698630136992,0.13424657534246576,0.0,0.2,0.9410189849947093,1.852732880491313,0.011435451783588735,1
0.5812203746896396,0.26736137235723423,0.1514182529531262,0.0,0.0,0.2900862168596723,1.8711138848438622,0.017878369398248273,0
0.41817243159525036,0.2891068662880743,0.2927207021166753,0.0,0.4666666666666666,0.04386576765093397,2.387506781368674,-0.03061614168646465,0
0.3906890083885429,0.30316452274305766,0.30614646886839925,0.0,0.06666666666666665,0.18176803891089588,1.9693626836483982,-0.029549733161618685,1
0.2657934373743189,0.2970136189071753,0.43719294371850576,0.0,0.0,-0.4563492063492064,1.8602531102531104,-0.016880750076542883,2
0.5340867250120374,0.2858262289819772,0.1800870460059856,0.0,0.26666666666666666,0.8247229299860879,1.7751238803870384,-0.01718525855195996,0
0.5485479612789674,0.28424757993546496,0.16720445878556764,0.0,0.13333333333333336,0.8317948717948721,2.1993162393162393,0.0047504111162969265,0
0.600354992337738,0.24711181742661514,0.15253319023564682,0.0,-0.06666666666666665,0.5781939799331106,1.8705016722408028,0.024270477668905888,2
0.3165287665961131,0.28477968058495284,0.39869155281893404,0.0,-0.4,-0.8251748251748251,2.6713286713286712,-0.004503473562160298,0
0.43061451889245217,0.2929258639487841,0.2764596171587637,0.0,-0.1333333333333333,0.07859531772575257,2.0183946488294318,-0.011356142147123216,0
0.39171702588429413,0.3184366298855316,0.2898463442301743,0.0,-0.1333333333333333,-0.1220472440944882,1.5078740157480317,0.00773296291428327,1
0.4094631076829393,0.3230366385872323,0.2675002537298285,0.0,-0.13333333333333333,0.24193883919284387,2.105887247763678,-0.010621039344990257,2
0.48057479325560326,0.2969156365974109,0.22250957014698572,0.0,0.4,0.5385263157894739,1.3974736842105266,-0.037942498286926085,1
0.414127169047765,0.303513397510577,0.282359433441658,0.0,-0.06666666666666665,-0.16000000000000014,2.925714285714286,0.013955789063374857,2
0.5067973442933923,0.28959848245336706,0.20360417325324062,0.0,0.19999999999999996,0.24907586692483719,1.8098339494220501,-0.011673702923207907,1
0.3362218444000996,0.29566174888516694,0.36811640671473356,0.0,0.33333333333333337,-0.1669307046881412,2.3678343014727457,-0.024073376269703517,2
0.39060692623103743,0.2863652005190735,0.3230278732498891,0.0,0.0,0.47213838792786134,2.2387927861612074,-0.01906655045502359,0
0.39427462557842535,0.3287943874081568,0.2769309870134178,10.0,-0.26666666666666666,0.11264551912325216,1.4148359063338818,-0.0056172532170908895,2
0.5572088250384813,0.2570548999486917,0.1857362750128271,0.0,0.06666666666666665,0.9733056844738487,2.372206313156249,0.02000586630735357,2
0.4106787476741364,0.3163336299652132,0.2729876223606504,0.0,0.06666666666666665,0.7840342124019958,2.1870428030160936,-0.006536800496901418,0
0.338204436762219,0.2900390990189928,0.3717564642187883,0.0,-0.06666666666666665,-0.2878048780487803,2.5414634146341464,-0.006308599798939218,2
0.5703241931082031,0.26053807150346886,0.16913773538832788,10.0,0.13333333333333336,0.8304371070921597,1.9289014250686727,0.0021598413306145314,2
0.4267728087158335,0.2765184766531584,0.296708714631008,0.0,-0.1333333333333333,-0.7834146341463415,2.6507317073170737,0.0030440255939208627,0
0.6509515437207183,0.22587234288140584,0.12317611339787575,0.0,0.26666666666666666,1.1453027730616865,2.6910016977928697,0.02287253415772228,0
0.43724259735388127,0.3118997194457686,0.2508576832003501,0.0,0.39999999999999997,0.5097637285575575,1.8044017693386558,-0.03711630958226897,0
0.36579476861167,0.3090543259557344,0.3251509054325955,0.0,0.06666666666666665,0.40986804360298346,2.144807802639128,-0.0304879157861368,2
0.3223840162546563,0.333897731120894,0.34371825262444966,0.0,-0.1333333333333333,-0.3285321738080139,1.6040100250626566,-0.011563166270707859,2
0.31607621501444094,0.2989091362436886,0.38501464874187047,0.0,-0.4666666666666667,0.32685714285714296,2.7154285714285717,-0.004682464275180986,0
0.3056592572773525,0.3375445754825439,0.35679616724010343,0.0,-0.20000000000000007,-0.27230769230769214,1.614871794871795,-0.006364800330194598,1
0.4798845791021586,0.271239109927307,0.24887631097053434,0.0,-0.2,-0.08909090909090911,2.7290909090909095,0.033886518071954586,2
0.3654554697116738,0.31081926992089204,0.3237252603674342,0.0,0.06666666666666665,-0.09338181818181812,2.006981818181818,-0.01598819215236208,2
0.40102581003975535,0.2985272004449297,0.3004469895153151,-10.0,-0.06666666666666667,-0.23179167388417343,2.1240025405623886,-0.005687271318756848,2
0.5040967616074912,0.2902848224736637,0.2056184159188451,0.0,0.4666666666666666,0.8180610889774236,2.571049136786189,0.010618078953701482,2
0.6066177326069926,0.23531267209440015,0.1580695952986072,0.0,0.4666666666666667,0.6390977443609025,1.8880534670008358,0.00796278428415087,1
0.29829808035952693,0.3031249101388073,0.39857700950166575,-10.0,-0.06666666666666665,-0.8790865247145389,2.605234564135801,-0.02214880219447002,0
0.31295343213244864,0.3038382836237366,0.38320828424381465,0.0,0.2666666666666666,-0.03747854432074049,1.8805410767995214,-0.026999778800890606,0
0.3033518926796458,0.3156085348081163,0.38103957251223797,0.0,0.33333333333333337,-0.29758160341091777,2.3235129656811355,-0.010965763801726536,1
0.5242611629186301,0.2681221376069565,0.20761669947441327,0.0,-0.13333333333333336,-0.3471826977803072,2.475811041548093,0.050002728756006976,1
0.47802353425856786,0.28477997785616804,0.237196487885264,0.0,-0.2,-0.0939100739897556,2.1599317017643713,0.021811297261275564,0
0.6264465864824136,0.22534049873468115,0.1482129147829054,0.0,0.4666666666666666,1.3020335309491937,2.694906610569261,0.003563470791336232,0
0.41475376722013496,0.29947077121965016,0.28577546156021494,0.0,-0.13333333333333336,0.32510996366418077,1.7461788546125896,-0.014263202139228826,0
0.3074927019137204,0.2967888420369769,0.39571845604930256,0.0,-0.06666666666666665,-0.44186507936507935,2.5501984126984127,0.002178378595135033,2
0.48264624175382437,0.3001069580135959,0.21724680023257986,0.0,0.1333333333333333,0.4601953601953601,1.9547008547008546,-0.015151112075570405,1
0.6606956854607179,0.21371022172077891,0.12559409281850326,0.0,0.2666666666666666,0.8799089356858285,2.9516220830961872,0.03926017207219379,0
0.38100616186948794,0.3166470129050474,0.30234682522546463,0.0,-0.26666666666666666,-0.8430335097001763,1.8906525573192239,-0.0072031561414886425,0
0.6209485080487793,0.232087189889519,0.1469643020617017,0.0,0.2,0.9193980622552053,2.224970796399368,0.021880578973910603,2
0.3450777332733715,0.30069474507100863,0.35422752165562,0.0,0.0,-0.43315018315018317,2.2866300366300365,-0.0034120899513634395,2
0.33575313056045175,0.29832841855530584,0.36591845088424235,-10.0,0.26666666666666666,0.2860844667143878,2.260372226198998,-0.029193882934197668,1
0.41073080481036084,0.30804810360777063,0.28122109158186864,0.0,-0.6000000000000001,-0.27951051573098806,1.6293417868221016,0.02414197283966929,2
0.47552233028146124,0.2992904123496737,0.22518725736886505,0.0,0.6,0.5537287378719606,2.5542970811513017,-0.01298786502269822,2
0.534816014987152,0.280217971924406,0.18496601308844193,0.0,0.6000000000000001,0.951980835240275,2.0961455949656753,-0.017354253406270503,1
0.411227683276849,0.2929997243347549,0.2957725923883961,0.0,0.19999999999999996,0.1631324404761909,2.56640625,-0.01638784794303455,2
0.5269569490604834,0.280833344110078,0.1922097068294386,10.0,-0.13333333333333336,0.5553977272727275,2.034446022727273,0.01623014722374594,1
0.3286359288790133,0.30116154254186106,0.37020252857912567,0.0,0.26666666666666666,0.21227904040404066,1.853693181818182,-0.043092845244087685,1
0.4597918061727644,0.28252267608206005,0.2576855177451756,0.0,-0.06666666666666665,-0.18588276711846485,2.602358739658511,0.018382750638591183,0
0.352387119562018,0.32101018425855066,0.32660269617943133,0.0,0.13333333333333336,-0.2888172812984843,2.054036189374535,-0.00495603625160157,1
0.326373408733687,0.3241147692268795,0.3495118220394335,0.0,-0.1333333333333333,0.3238866396761133,2.03986297103706,-0.017705391883969634,2
0.5583372526319598,0.2562859520277848,0.18537679534025545,0.0,0.5333333333333333,0.6978985926354346,2.7800269905533064,0.02517638950023926,1
0.4837076463715436,0.2896274178891341,0.22666493573932237,0.0,-0.13333333333333336,-0.04471544715447151,2.4593495934959355,0.0270455296333304,2
0.2822675711063342,0.3155314262872153,0.4022010026064505,0.0,-0.13333333333333336,-0.5096752721913184,1.8485237483953787,-0.016444518191617352,2
0.322418434552935,0.3363357770516229,0.3412457883954422,0.0,0.06666666666666671,-0.48780487804878037,1.6802168021680215,-0.0262798619771894,2
0.4256080114449213,0.3121125417262756,0.26227944682880305,0.0,-0.2666666666666666,-0.26982995621627137,2.3605878559549263,0.012463684818293741,2
0.6458410901779731,0.22674808250800504,0.1274108273140219,0.0,-0.13333333333333336,0.7389441345298732,2.355889724310777,0.05410386197693762,0
0.4087388282025819,0.31837140019860966,0.2728897715988083,0.0,-0.06666666666666671,0.023041474654378113,1.9321922317314024,-0.0032110591505993824,0
0.24750864026858896,0.3329475659129061,0.419543793818505,0.0,-0.19999999999999998,-0.7220843672456577,1.7593052109181144,-0.010608796918033986,2
0.429881877871576,0.2928570293000112,0.27726109282841294,0.0,-0.06666666666666665,-0.15198252040357296,2.8169783432941324,0.014766278370747732,0
0.3637484586929716,0.31812577065351416,0.31812577065351416,-10.0,0.13333333333333333,0.37073452862926537,2.179872758820127,-0.03526327337792651,1
0.2463654804411505,0.2621934303018948,0.4914410892569547,0.0,-0.4,-0.6132639290534025,2.856950067476383,0.011436240423565086,2
0.35133097367373867,0.307558590068486,0.3411104362577753,0.0,-0.2666666666666666,-1.0311732508528846,2.5027451572073995,-0.0066974391387636945,0
0.4397795390576237,0.29181632965505866,0.2684041312873176,0.0,-0.19999999999999996,0.5571665477723531,2.8547605592047356,0.022289844913268353,0
0.6643303666950031,0.2198839946103179,0.11578563869467914,0.0,0.33333333333333337,0.6949703576209602,1.930388219544846,0.024681690766381936,0
0.3306273467956867,0.321537935199929,0.3478347180043842,0.0,-0.13333333333333336,0.13142857142857167,2.1314285714285717,-0.02648232880456375,0
0.4200947745386876,0.3002600471863055,0.27964517827500696,0.0,0.0,0.6126219758646576,2.7345689704948324,0.009660910641343334,1
0.4394979369156397,0.29072379056842,0.2697782725159402,0.0,0.0,0.8506772908366539,2.3678087649402397,-0.008354040462805912,2
0.6043858944493533,0.23656518595871157,0.15904891959193512,10.0,-0.06666666666666665,0.4614415067004711,2.399434987323434,0.03240826110250439,0
0.41885243597312416,0.29597143740687637,0.2851761266199994,0.0,0.20000000000000007,0.22061949829141958,2.346503314804025,-0.017364540168968323,0
0.4859586000654175,0.28858464557730945,0.22545675435727297,0.0,0.4,0.4758455356064917,2.9352718994153264,0.0038885110511733267,0
0.5923235503974345,0.2550057791901762,0.15267067041238933,0.0,0.4,0.08688387635756079,2.1461988304093564,0.006059357128861853,0
0.2888286347185067,0.2915279677532591,0.41964339752823404,0.0,-0.39999999999999997,-0.41851423430370804,2.097390913180387,0.00374920873266521,2
0.402654761239208,0.34240350134574987,0.254941737415042,0.0,0.13333333333333336,0.456689342403628,1.708390022675737,-0.03722447517296651,1
0.6193516207037353,0.23149033348085152,0.14915804581541312,0.0,0.06666666666666667,0.9307630522088357,2.7942168674698795,0.04278684038632152,1
0.39833049083242333,0.3239019562132162,0.27776755295436045,0.0,-0.2,-0.3824650383354836,2.180154528332666,0.013504924503251914,0
0.31185531592382676,0.3171231422063238,0.37102154186984926,-10.0,0.06666666666666665,-0.16881364249785302,2.1337259231996075,-0.021732791945801744,2
0.3212567152323418,0.31373565500951106,0.3650076297581471,0.0,-0.06666666666666667,-0.7007162877608223,2.242292120834631,-0.01995622201201852,2
0.28534031413612565,0.28534031413612565,0.42931937172774864,0.0,-0.26666666666666666,-1.1817168338907467,2.808191046177316,-0.011398391486713011,0
0.48542988776125007,0.28827067180898847,0.2262994404297615,0.0,0.3333333333333333,0.43333185033589905,1.8570093873737599,-0.026879746848440078,1
0.36140320240159335,0.2853763092134533,0.3532204883849535,0.0,-0.33333333333333337,-0.32563964931114686,3.00232599749508,0.011616535416370477,0
0.6039731750104044,0.22945059344758012,0.16657623154201548,0.0,0.20000000000000007,1.3152820023458778,2.7784735889942542,0.0139653805784542,0
0.2560453721379331,0.2669563965188109,0.476998231343256,0.0,-0.2666666666666666,-0.9421150278293134,2.3380333951762524,-0.007934321303120079,1
0.4944644696189496,0.2798017507723996,0.22573377960865088,0.0,-0.06666666666666665,0.13994169096209907,1.948544831466421,0.0023110529744231334,1
0.4716852170284407,0.3149844234518782,0.21333035951968113,0.0,0.0,0.5238618524332809,1.7797488226059652,-0.012663160258386541,0
0.4832342074269214,0.2640772851854162,0.25268850738766235,0.0,-0.06666666666666665,-0.2001700680272105,2.867857142857143,0.03071260635879286,0
0.39556955527172816,0.31146174285514816,0.29296870187312374,0.0,-0.33333333333333337,-0.48143828960155455,2.6750242954324586,0.02605156658732749,1
0.314497886343395,0.30425365551787725,0.38124845813872776,0.0,0.0,-0.5206222349079489,1.8769801626944482,-0.02117887490269421,0
0.5203665987780041,0.2566191446028513,0.2230142566191446,0.0,0.06666666666666665,0.40272108843537424,2.5306122448979593,0.010457353949036019,1
0.2828730258900327,0.29536584091356727,0.42176113319640013,0.0,0.06666666666666665,-0.6056910569105689,2.573170731707317,-0.011763221566735926,1
0.5291416168427461,0.2594406265406262,0.21141775661662768,0.0,0.0,0.10503459071857812,2.650103519668737,0.016874091363518695,0
0.7145370054346398,0.19260153850192968,0.09286145606343038,10.0,0.5333333333333333,0.8354689384214414,1.9753141167775312,0.005103131200655531,0
0.24792245346181765,0.2893707893346912,0.4627067572034913,0.0,-0.3333333333333333,-0.998991935483871,2.529233870967742,-0.0038655847429233114,2
0.6746248334598031,0.1949539539520013,0.13042121258819556,0.0,0.33333333333333337,1.1919880673343277,2.8582995951417,0.028779489753179344,1
0.5925175759925716,0.26520616715814826,0.14227625684928014,0.0,0.5333333333333333,0.832816377171216,2.135545905707196,-0.004709245193303513,2
0.3987305440291286,0.31027045644650736,0.29099899952436403,0.0,-0.2666666666666666,0.4124423963133641,2.071428571428571,-0.014475449099158655,0
0.23277970902536368,0.2774129865671001,0.48980730440753617,0.0,-0.6666666666666666,-1.2732334869431643,2.5362903225806455,-0.0052766638876842464,2
0.287313854245656,0.2945418757361127,0.4181442700182314,-10.0,-0.3333333333333333,-0.5398497067448683,2.084930351906159,-0.00626786962786724,2
0.4507056412635812,0.28067896222402666,0.26861539651239225,0.0,0.13333333333333336,-0.17747329809040902,2.088143273276513,-0.006720908062344821,2
0.49173784282587235,0.2746255204086012,0.23363663676552646,0.0,0.2,0.7728350977778898,2.5833815307499517,0.024060412214335136,1
0.742608129021748,0.16502402867149957,0.09236784230675246,0.0,0.46666666666666673,1.8571187584345479,3.4090755735492575,0.02348262046909888,0
0.4033943352118725,0.3143507695798204,0.2822548952083072,0.0,0.06666666666666665,0.23098038135632137,2.7097046645918828,-0.003788815898675857,2
0.3511705685618729,0.29765886287625415,0.3511705685618729,0.0,-0.3333333333333333,0.07596613912403383,2.372616856827383,-0.006640446939114475,0
0.5076496578012648,0.26604868751624366,0.22630165468249155,0.0,0.06666666666666671,0.613714285714286,2.3280000000000003,0.015124121757713271,0
0.48888602261490177,0.2827292660905456,0.22838471129455262,0.0,0.3333333333333333,0.36571428571428566,2.1485714285714286,-0.013448208060914346,2
0.33438014934947863,0.29245160397650327,0.37316824667401816,0.0,-0.20000000000000007,-0.935666666666667,2.7910000000000004,-0.01431505405102157,0
0.5736253864242873,0.23974599483886883,0.18662861873684397,0.0,0.3333333333333333,-0.05799999999999983,2.6620000000000004,0.010181140284979184,0
0.5005070115994361,0.27287116958919694,0.22662181881136698,0.0,-0.06666666666666665,-0.7807228915662647,2.7598393574297186,0.020490087707519256,0
0.5519713261648745,0.25089605734767023,0.1971326164874552,10.0,0.6000000000000001,0.14443120467216874,2.001294555511423,-0.0193685206381794,0
0.47302922843109185,0.30019162573511593,0.22677914583379222,0.0,0.0,0.0070210913584410894,1.6920830173842218,0.005205090346792118,1
0.3534845374701349,0.31434027660934816,0.3321751859205168,0.0,-0.13333333333333336,-0.33578016186711857,2.306794654620742,0.009605422633216176,2
0.36530523207034266,0.3007014128939155,0.33399335503574185,0.0,-0.26666666666666666,0.7637051039697543,2.578449905482042,0.01594491059053127,2
0.32217936719113954,0.3199801906232819,0.35784044218557864,0.0,-0.3333333333333333,-0.47659662991470775,1.9365508633243191,-0.004491768076213487,2
0.466262319939348,0.27975739196360877,0.2539802880970432,0.0,0.1333333333333333,0.25204788909892895,2.052389954091278,-0.01092199664881166,0
0.4152062811356345,0.2878423912167282,0.2969513276476373,-10.0,-0.4,0.525146146504414,2.654709496540205,0.01681729890034339,2
0.4383973262619447,0.290455194489338,0.2711474792487173,0.0,0.0,-0.03749531308586418,2.702546797034986,-0.003559024686448975,0
0.26355714180071693,0.2887740288248596,0.44766882937442354,0.0,0.0,-0.9075365579302586,2.224071991001125,-0.01784816556241539,2
0.4316197827715059,0.29923799636235393,0.2691422208661402,0.0,-0.19999999999999996,0.4724409448818898,2.572178477690289,0.006473665526075423,2
0.45466525890703396,0.2730642662823585,0.27227047481060757,0.0,0.06666666666666665,0.2197265625,2.3831881009615383,-0.0032590458950350065,1
0.43296037166233775,0.2895338708330185,0.2775057575046438,0.0,-0.19999999999999998,0.17918975069252097,2.0489958448753463,-0.008994916597273028,1
0.5089440276976341,0.2787074437391806,0.21234852856318523,0.0,0.0,0.585705508908458,1.8472250665574443,0.0022920496318142858,0
0.4198765317751478,0.2972459256693903,0.28287754255546205,0.0,0.39999999999999997,-0.7201827102013194,2.517848079851125,-0.020319923181335298,0
0.39416727579072564,0.3210228328604879,0.28480989134878654,0.0,-0.06666666666666665,-0.018528812303131303,2.6681489716509175,-0.009106688802974772,2
0.42625402256223754,0.2921367132825304,0.281609264155232,0.0,0.06666666666666665,-0.028461538461538538,2.4484615384615385,0.006021666012340721,1
0.6361292936631574,0.21496783027237737,0.1489028760644652,0.0,0.26666666666666666,0.6599650349650351,2.1284965034965038,0.02787726600265439,0
0.29385583122934583,0.27014412150478767,0.43600004726586655,0.0,-0.4,-0.3440405748098052,2.817413355874894,0.006779284086525894,0
0.38754598651885136,0.2868077331423915,0.32564628033875703,0.0,0.3333333333333333,-0.2600732600732598,2.7313797313797314,-0.014526303267183793,2
0.6641834934326603,0.1934914722603411,0.1423250343069986,0.0,0.0,0.8596673596673601,2.4040689040689047,0.03442878733067989,1
0.3959613122467651,0.32137955822768266,0.2826591295255523,0.0,-0.26666666666666666,0.12277951933124354,2.463427377220481,-0.005372133931024314,1
0.5213784301212507,0.27281429483088704,0.20580727504786214,0.0,-0.6000000000000001,0.8152233463603494,2.656050257496622,0.062430306767957466,1
0.5687663703894543,0.2621409249001675,0.16909270471037832,0.0,-0.1333333333333333,0.6286395317261565,2.1493226322300334,0.03261133624566204,1
0.46161971698148796,0.2956113645023408,0.24276891851617113,0.0,0.33333333333333337,0.09399405625820756,2.8253507498790524,-0.008874369626093337,0
0.28427824688379577,0.3096099718536389,0.40611178126256536,0.0,-0.19999999999999996,-0.8497883254534777,2.6173480423967117,-0.014933417481396205,1
0.3482730869545066,0.32643017557756887,0.32529673746792453,0.0,-0.13333333333333336,-0.5168058486136289,2.811673452405718,0.011028322612916419,2
0.32727685859996974,0.3586252167034151,0.31409792469661524,0.0,0.4666666666666667,0.10110991765127086,2.186322950232725,-0.04128665626160394,2
0.5457647224086531,0.261480591237572,0.19275468635377482,10.0,0.6,0.041663797061524344,2.3054952938475664,-0.01020957433025449,0
0.5039582280613104,0.26629610914603336,0.2297456627926562,0.0,0.1333333333333333,0.8948177426438297,2.6075977162933683,0.01073819717086788,0
0.4369668771463388,0.2904065581034674,0.27262656475019387,0.0,0.13333333333333336,0.8191380056240537,2.717256110750595,0.013727688389824355,2
0.44256262678680947,0.2936500448176629,0.26378732839552765,0.0,-0.2666666666666667,0.2849389416553597,2.2225237449118045,0.008112676254591222,1
0.33930034028827405,0.3332629676852798,0.32743669202644626,0.0,0.3333333333333333,0.02154998559492971,2.100489772399885,-0.024089862775142745,0
0.45059142434696886,0.2947264662395268,0.25468210941350417,10.0,0.06666666666666665,-0.1667478722092015,2.4745497718021463,0.008678897243733386,1
0.5736380154775182,0.25758401245960183,0.16877797206287992,0.0,-0.4666666666666666,-0.029443226469248795,2.131138859763395,0.0514535933047966,0
0.3273506697135994,0.2981601641340427,0.3744891661523577,-10.0,-0.06666666666666665,0.40591722855150003,2.451371774006045,-0.02133288270418343,0
0.34238528414621866,0.34490282300023495,0.3127118928535464,0.0,0.0,-0.176552226241667,2.248765727026597,-0.014654392445064668,0
0.5630979987719602,0.25679743900039936,0.1801045622276404,0.0,-0.1333333333333333,0.2334507928517493,2.226067623122745,0.026245898016415636,0
0.4936846335132552,0.26889451220174415,0.23742085428500057,0.0,0.5333333333333333,0.7904773375085317,2.998514593118954,0.01591535191975524,2
0.4243299035577202,0.2944876302293326,0.2811824662129471,0.0,0.7333333333333334,-0.3480167810831425,2.655415713196034,-0.026759184276411108,2
0.4811553947770733,0.28372081029407964,0.23512379492884689,0.0,0.13333333333333336,0.5946580495316955,2.6294463659084597,0.013522883270367825,2
0.47631051359160326,0.2954331033669438,0.22825638304145293,10.0,-0.06666666666666665,-0.03790613718411562,1.9933399726129717,0.015204624459884741,1
0.5049237896785521,0.2661279233348494,0.2289482869865984,0.0,0.2666666666666667,0.9209118866158578,2.682511030886482,0.009186417583355033,1
0.37455288064376796,0.2923625933551669,0.33308452600106514,0.0,0.19999999999999998,-0.01093972213105765,2.447762826824199,-0.028203600289251896,2
0.30497856907352455,0.28025057698648204,0.41477085393999336,0.0,0.0,-0.14096613374591715,2.3345367027677497,-0.012540758111084516,0
0.5220831472221008,0.26931666672263993,0.20860018605525904,0.0,0.3333333333333333,0.9952022700543246,2.5409300502174847,0.007199051603162143,0
0.3818442005774047,0.2781193580324977,0.3400364413900976,0.0,-0.2,0.27075812274368216,3.1588447653429603,0.009223867257978247,0
0.48419927350473974,0.2884273450197986,0.22737338147546168,0.0,-0.13333333333333333,0.42786468779248565,1.6312341222088516,-0.014010979620102504,2
0.48185332470174785,0.25333210024969943,0.2648145750485526,0.0,0.06666666666666665,-0.12612336601307184,2.4065563725490193,0.016178050265581334,1
0.47649882938683585,0.2882523782710488,0.23524879234211543,0.0,0.4,0.6768843901196844,2.9050483829895595,0.014624181883981957,2
0.35232270046156366,0.2899550174606036,0.3577222820778328,0.0,-0.1333333333333333,-0.5809937611408199,2.413101604278075,-0.0031914375739885426,2
0.417774939162914,0.2879433426845931,0.29428171815249293,-10.0,-0.06666666666666671,0.19118482620320876,2.321866644385027,-0.009668441238451286,0
0.35617566215309004,0.3020000760003547,0.3418242618465553,0.0,-0.2,-0.8681630546955625,2.8547471620227043,-0.006300730807303367,0
0.6313258706587636,0.20949827098093501,0.15917585836030154,10.0,-0.13333333333333336,0.9602508075242262,3.474026220786624,0.07072310182340713,0
0.4408195898915156,0.30243933028155773,0.2567410798269267,0.0,-0.2,0.19839701361440487,1.968269653052262,-0.008361586109418673,0
0.4262780193844421,0.26149828079885945,0.3122236998166984,0.0,0.1333333333333333,0.47521529090527226,2.7593992858643146,-0.0032500416764750795,1
0.3787774204952945,0.30854054782067036,0.3126820316840351,0.0,0.2,-0.4054759323939138,1.7302982857601674,-0.020205938424841197,1
0.43146719308593234,0.29033306450642177,0.27819974240764594,0.0,0.13333333333333336,-0.16508040695766324,2.887102067607483,0.013028388396528756,1
0.428150207282193,0.28198412443358933,0.2898656682842176,0.0,-0.13333333333333336,0.1772234985231378,2.638660978011159,0.003976712795110526,0
0.6523214581037864,0.21345988217126188,0.13421865972495173,0.0,0.2666666666666667,1.2380816170861941,2.7159610983981697,0.029210329112735134,0
0.6724884717372879,0.20320847298148484,0.12430305528122741,0.0,0.33333333333333337,1.3941818181818184,3.069818181818182,0.028599958631493227,1
0.4421673272765354,0.2793332516627215,0.27849942106074316,0.0,-0.26666666666666666,0.5069599587557998,2.5176147104313458,0.012439682238442995,1
0.2997095584635969,0.28417583134810565,0.4161146101882975,0.0,-0.3333333333333333,-0.4011861154718296,2.31990231990232,0.008235687636197198,2
0.3457893603273745,0.2762222700839974,0.377988369588628,0.0,-0.06666666666666665,-0.5680147058823521,3.84375,0.01164919019503552,0
0.38065023772852075,0.2932682649166276,0.32608149735485176,0.0,0.06666666666666665,-0.07307270734380711,2.752405309950067,0.0028496456263556458,1
0.4693212895611815,0.275501287972493,0.25517742246632547,0.0,-0.1333333333333333,-0.11350967872706974,2.5215364345799127,0.02612722290335906,1
0.2682675171184692,0.2829002907794766,0.44883219210205416,-10.0,-0.19999999999999998,-0.8411849020544675,2.180315336837076,-0.00960358163173225,0
0.4934986239806095,0.27676925795945156,0.2297321180599389,0.0,0.1333333333333333,0.15051188128111237,2.670000939231709,0.006522015890871646,0
0.5736477336094957,0.24520035051382139,0.1811519158766829,0.0,0.1333333333333333,0.9087243656586723,2.9942301007994434,0.03762478996812124,1
0.5523924317637543,0.23050449621746782,0.21710307201877782,0.0,-0.19999999999999996,0.22623473181094034,2.9984067976633035,0.048346434208266675,2
0.6867027217682676,0.19137616836164836,0.12192110987008406,0.0,0.1333333333333333,0.19657192115572597,3.044324890130612,0.04674543275200438,0
0.35541379889205976,0.29580325667282187,0.3487829444351183,0.0,-0.2,0.07870640403089246,2.5186049289885526,-0.015255545887295885,1
0.4609731045764066,0.2888195686080572,0.25020732681553615,0.0,0.0,0.8668594244802427,2.271237780531461,-0.005320787865732146,2
0.22100572883513686,0.2775726713346064,0.5014215998302567,0.0,-0.46666666666666673,-1.2462453531598512,2.289814126394052,0.011053013769099618,2
0.313038927378757,0.2933509445247471,0.39361012809649604,0.0,-0.2666666666666666,-0.3406799193316048,2.3213771247479116,0.010288260725294207,0
0.5547620376053116,0.2546448697204709,0.1905930926742175,0.0,0.2,-0.0035669698591043186,2.5931870875691105,0.013601249150594907,1
0.4179631989771613,0.2987365172176505,0.28330028380518835,0.0,-0.46666666666666673,-0.6707089552238804,2.2509328358208958,0.011450864126637261,1
0.41296543612237646,0.2962863129004986,0.2907482509771248,0.0,-0.26666666666666666,-0.20441271901362745,2.131732641142116,0.00762713162567491,0
0.3579463707268642,0.2854787005797077,0.356574928693428,0.0,-0.33333333333333337,-0.4034073054939826,2.552082006335618,0.02074701558192893,1
0.4319384511924681,0.2818692007781665,0.2861923480293654,0.0,0.2,0.3610798411248701,2.9098787196533635,-0.007340432723682566,1
0.6532661175197194,0.2132809470441093,0.13345293543617123,0.0,0.6666666666666667,1.118601747815231,2.822721598002497,0.02757059178179888,0
0.33963697442108776,0.3052293070777749,0.3551337185011374,0.0,-0.26666666666666666,-0.3457216940363008,2.495208748261997,0.017463791642803594,1
0.3516710183868968,0.2939836589038727,0.35434532270923064,0.0,0.2,-0.02896177349163742,3.0279458369346006,-0.016556802887316757,0
0.297953399866394,0.28005830077531935,0.42198829935828663,-10.0,0.13333333333333336,-0.29378277153558074,2.272134831460675,-0.004303951551595575,0
0.40896842622548013,0.2791760514353577,0.3118555223391621,0.0,0.2666666666666666,-0.5684634448574966,3.226456009913259,0.013383974258823372,1
0.3978449028460253,0.3103190242198997,0.291836072934075,0.0,-0.06666666666666671,-0.8875060610958461,2.0218199450460643,-0.011853720428176395,1
0.5072263605293138,0.2689615283498379,0.2238121111208483,0.0,0.06666666666666668,0.5943532123307406,2.530394698934025,0.019619293101016733,0
0.3128140703517588,0.3128140703517588,0.37437185929648237,0.0,-0.06666666666666665,-0.2283380107850772,2.413565099842779,-0.01297899412882253,0
0.5978322875071306,0.22418710781517398,0.17798060467769536,0.0,0.4666666666666667,0.587830687830688,2.45026455026455,0.018739879301665652,0
0.39441147378832836,0.28325914935707225,0.32232937685459945,0.0,0.13333333333333336,0.3481650987371814,2.463598610051699,-0.024805098319661878,0
0.5217388359673689,0.2630739482765044,0.21518721575612684,0.0,-0.06666666666666665,0.1754385964912284,2.5814536340852134,0.020879013097407917,0
0.4205742865929655,0.29734869943833864,0.2820770139686959,0.0,-0.3333333333333333,-0.07129629629629608,1.9657407407407406,0.010316708252616213,2
0.46620913163664096,0.27833380993232293,0.2554570584310361,0.0,-0.6,0.13963636363636378,2.2923636363636364,0.020021552013691823,0
0.5868758136320534,0.26065154851256006,0.15247263785538645,10.0,0.06666666666666665,1.16315753811406,2.083948051948052,0.006851796347372874,0
0.3178626030104533,0.29112649621518155,0.3910109007743652,0.0,-0.13333333333333333,-0.2158273381294964,2.392086330935252,-0.01010688224872569,1
0.5873175713049767,0.22776461911583248,0.1849178095791907,0.0,-0.06666666666666671,-0.10850439882697982,2.4167481264255457,0.04515738927211943,2
0.29734193952325444,0.29266675179490137,0.4099913086818442,0.0,-0.2666666666666667,0.021722602367763688,2.026408478021381,-0.005822732440452338,2
0.29882752426766396,0.29044918246576684,0.41072329326656903,-10.0,0.06666666666666665,-0.35750000000000004,2.3570161290322584,-0.0034590747983874737,2
0.39155339364458785,0.31508842114833835,0.2933581852070737,0.0,-0.13333333333333336,0.09201694362984703,2.2190941674812645,-0.01206673048025636,1
0.43867965590649016,0.28487428874415366,0.27644605534935623,0.0,-0.39999999999999997,0.21891256112854984,2.801338705967037,0.025310072726409838,2
0.5863308237190961,0.2384312045302718,0.17523797175063208,0.0,0.33333333333333337,-0.01639372852683163,2.494985960689932,0.010702372811871808,0
0.44471624266144816,0.3082191780821918,0.24706457925636013,0.0,0.13333333333333333,1.0195580592692508,2.035148966556909,-0.015080024324051367,2
0.4736094308832785,0.2643089458470421,0.26208162326967943,0.0,0.4,0.39612733836560554,2.325894322284214,-0.021315790855777228,1
0.40528525358165013,0.2949861022904415,0.29972864412790845,0.0,-0.3333333333333333,-0.014948688626290174,2.185498277163636,0.011963023822977703,1
0.4115119819669258,0.28221516588064094,0.30627285215243333,-10.0,-0.19999999999999996,0.32472031620553365,2.0586396837944667,-0.013270974835106586,2
0.39581697185136194,0.2719794982019592,0.3322035299466788,0.0,-0.13333333333333341,-0.7025512037369745,3.333381243262666,0.021633200468860525,1
0.4995539696699376,0.26690454950936665,0.23354148082069584,0.0,-0.3333333333333333,0.249303099646349,2.4161431246099436,0.027509185465524166,2
0.4285406492387245,0.26615914966963516,0.3053002010916403,0.0,0.2,1.2043795620437958,3.0778588807785887,-0.0032536829007727697,0
0.3794183613376937,0.2907692114924382,0.329812427169868,0.0,-0.13333333333333336,0.5349095525230085,2.400983814662012,-0.006913321484972534,0
0.31249343192107376,0.31673063099796966,0.3707759370809566,0.0,0.2,0.09599096555618292,1.808770939205722,-0.04109894312664164,2
0.4340999637090181,0.2769480480636169,0.288951988227365,0.0,-0.4666666666666666,-0.09420289855072461,2.4057971014492754,0.030242497996055162,0
0.37501200703298904,0.2890959435022114,0.3358920494647996,0.0,-0.39999999999999997,-0.8880866425992779,3.0032300969029073,0.0072797169541980455,2
0.3798643430042579,0.2740370333696406,0.3460986236261016,0.0,-0.19999999999999996,0.42008532983262215,3.045618641286511,0.00624175972790042,0
0.4843229987738658,0.2942722017866526,0.2214047994394815,0.0,-0.2,-0.619203156593564,1.8366528320112643,0.006496962914484927,1
0.4610324369959774,0.27607547112148495,0.26289209188253765,0.0,0.0,0.2257826932132383,2.9351750117720927,0.017611250609905038,1
0.5574845255100173,0.25176720506904005,0.19074826942094275,10.0,0.3333333333333333,1.0508704523895642,2.281446500105778,0.011973095097759123,0
0.5591289106730157,0.23520032262567664,0.20567076670130754,0.0,0.1333333333333333,1.130325814536341,2.5087719298245617,0.007724959225821837,0
0.35731447100925756,0.30593591962230554,0.33674960936843706,0.0,-0.19999999999999996,-0.0011333531670139063,2.095570005808435,-0.003238648715001402,0
0.2909779363576786,0.28828369620621863,0.4207383674361028,0.0,-0.5333333333333333,-0.9234844943119838,2.6513947327411564,0.008914194215898674,1
0.3493167577238356,0.2834880678184319,0.3671951744577326,0.0,-0.33333333333333337,-1.0842105263157897,2.9947368421052634,0.005487792865276453,2
0.40644918156346777,0.29771755337451455,0.2958332650620176,0.0,-0.06666666666666671,0.8657474707428454,2.0286918344272644,-0.02058297144053084,1
0.22799307309023045,0.26795737613190873,0.5040495507778607,-10.0,-0.4666666666666667,-0.7579864323157568,2.3369256860931236,-0.0035739447473485952,2
0.4699899652177849,0.2687586295354575,0.26125140524675755,0.0,-0.1333333333333333,-0.058896083872957083,2.2229417206290476,0.02128758481180143,0
0.6121005232780111,0.23709210142160933,0.15080737530037955,0.0,0.26666666666666666,0.47933630357965906,1.954217237670917,0.008501219808723426,1
0.5386106437559575,0.26325351689195675,0.1981358393520858,0.0,0.4,1.0420736123609071,2.505249142213346,0.010276980060059282,0
0.5023194168323393,0.25115970841616964,0.2465208747514911,0.0,0.2666666666666667,0.758232306019443,2.6408296411704564,0.024331618576441505,0
0.2575562457389592,0.27497916824482993,0.46746458601621094,0.0,-0.26666666666666666,-1.0198889916743759,2.6310514955288316,-0.005615391912852374,2
0.34940757797781036,0.2861712371781453,0.36442118484404434,0.0,0.0,-0.20779610194902554,2.562818590704648,-0.0076531706005099065,1
0.4364663266765169,0.2804918735999238,0.2830417997235595,0.0,0.2,0.7484948002189384,2.4124247400109473,0.004583181124150404,1
0.5461970944663919,0.25380354117867665,0.1999993643549315,0.0,0.0,-0.014823717948717618,2.4210737179487185,0.014545939785842843,0
0.46860664156110915,0.2679675910076458,0.263425767431245,0.0,0.06666666666666667,0.6956294846705808,3.0126549249836923,0.03165302863423031,1
0.6611070437612664,0.2113743609304729,0.12751859530826068,0.0,0.0,0.7155619841742538,2.485322896281801,0.051517844599686224,1
0.4535279220300726,0.27723071791749243,0.26924136005243504,10.0,0.6,0.5406491959499704,1.8539309112567006,-0.03828279129212647,0
0.3397248853689037,0.2865777407253022,0.3736973739057941,0.0,-0.19999999999999996,-0.7042044713277587,2.563304275633043,-0.005679952144851841,1
0.45617148461215146,0.27945640498762436,0.2643721104002242,0.0,-0.2,0.48275862068965536,2.312159709618875,0.005114631206499354,0
0.5059732958538299,0.26001405481377377,0.23401264933239635,0.0,0.46666666666666673,0.8155172413793104,2.7879310344827593,0.017238902222999952,0
0.6582880562501174,0.20912059057609994,0.1325913531737825,10.0,0.4666666666666667,1.2678620689655173,2.607832083958021,0.02167303304702972,0
0.6485989169864886,0.21323800010514696,0.13816308290836446,0.0,0.13333333333333336,1.176775248739267,2.493389668801963,0.02455598584836749,0
0.28589223048638807,0.2832932102092391,0.4308145593043728,0.0,-0.46666666666666673,-0.5094561795592721,2.4127075673467426,0.00854639386764583,1
0.6205008192123206,0.222027544315309,0.1574716364723704,0.0,0.06666666666666671,0.5700103638247971,2.370043091692576,0.03473418700341546,0
0.3719167798670194,0.30506899263601917,0.32301422749696146,0.0,0.2666666666666667,0.2108429943481489,2.3507420414636906,-0.02783042931333468,0
0.36686350825392566,0.30373439806737346,0.3294020936787008,0.0,-0.4666666666666666,-0.746641674476726,1.9281177013135777,0.005934606713242696,2
0.49150570165231555,0.2653013730509658,0.24319292529671865,0.0,-0.19999999999999998,-0.13680248731795097,2.4552446408116513,0.03069315792786642,0
0.31428744718274265,0.2690010715079959,0.41671148130926144,0.0,-0.5333333333333334,-1.0812905551550105,2.8300288392213413,0.005427612945468563,1
0.2572017659324146,0.29176325322958285,0.45103498083800253,0.0,-0.1333333333333333,-0.9056662515566626,2.0084059775840597,-0.017579323969436705,2
0.5659863945578232,0.2394557823129252,0.1945578231292517,0.0,0.0,0.782707622298066,2.4835039817974973,0.038885510222571806,2
0.4466323316558079,0.2820125598672623,0.2713551084769298,0.0,0.5333333333333334,0.6626286608479816,2.2814283209000528,-0.01702745007613765,0
0.4018685469448889,0.26868444637237526,0.32944700668273574,0.0,-0.19999999999999998,0.386029269500747,3.203083281094008,0.012533491154662013,1
0.5019654759870107,0.2622628610493933,0.23577166296359597,0.0,-0.13333333333333336,-0.4280314782952077,2.2120836036442615,0.03192146539427665,0
0.38972521897583495,0.2932101960946721,0.31706458492949285,0.0,-0.33333333333333337,0.26690328305235167,2.481632653061225,0.00625524070873662,2
0.6479848866498741,0.21599496221662468,0.13602015113350124,0.0,0.8,1.1483641075477813,2.3793326854551347,-0.006303082978316055,0
0.33855751673767503,0.31147291539866095,0.34996956786366407,0.0,0.5333333333333334,0.3110658717464011,1.5930202123018757,-0.05312025226096345,2
0.6217269185467066,0.21292017758448858,0.16535290386880497,10.0,0.33333333333333337,0.7157797101449279,2.8746202898550726,0.0473062889263014,1
0.3787250684395776,0.27352366053969496,0.34775127102072745,0.0,-0.1333333333333333,0.053410481807054655,2.800235260455579,-0.008855425919552573,0
0.3374499096817059,0.28411436164690734,0.37843572867138675,0.0,-0.2,-0.19752340682573233,2.1244337058290546,-0.006591421786251939,0
0.3423923183124168,0.28070000870657597,0.37690767298100725,0.0,0.19999999999999998,0.375573485208037,2.631545641512419,-0.02708899100544504,1
0.658070073004791,0.21286093477603718,0.12906899221917173,0.0,0.6,0.9147828915270777,2.5735892014961785,0.019267242551582964,0
0.5581996912023616,0.24596134150605375,0.19583896729158481,10.0,0.20000000000000007,0.6266311369509046,2.290713824289406,0.021035307833775607,0
0.39053468952249126,0.2737178615714821,0.3357474489060267,0.0,-0.2666666666666666,0.21406904521161385,2.842987144301604,0.01031106637644208,2
0.45540796963946867,0.2778530767145568,0.2667389536459745,0.0,-0.2,-0.5605875152998774,2.460919741213499,0.022039527601045494,1
0.2471465474598319,0.2624626715277651,0.4903907810124032,0.0,-0.19999999999999996,-0.6733408148979431,2.3844709385659844,-0.00852690456237451,2
0.5493969394079041,0.24259085636193167,0.20801220423016414,0.0,0.4666666666666667,0.13205980066445222,2.882890365448505,0.009982565410095012,0
0.4810502342481582,0.2674032820749074,0.25154648367693444,0.0,0.2,1.114285714285714,2.496345514950166,-0.014633933540267652,0
0.4917734934894519,0.2780862016755829,0.2301403048349652,0.0,0.0,-0.025662251655629076,2.1200331125827816,0.014530286547249194,1
0.41525423728813554,0.2669491525423729,0.3177966101694915,0.0,0.06666666666666671,0.5516255267910899,2.809301625526791,0.003865446496918501,0
0.2528250191647029,0.24424349109906024,0.5029314897362369,-10.0,-0.33333333333333337,-0.855847323862821,2.7739417420002868,-0.006087276678762132,2
0.46275774574690853,0.2670773275453586,0.27016492670773273,0.0,-0.06666666666666665,0.001885902876001877,2.0449473518780454,0.010283649273590711,0
0.43978542407313354,0.2742191467750127,0.2859954291518537,0.0,0.20000000000000007,0.09400940094009402,2.1942194219421944,-0.017488900954409026,1
0.3912137351549836,0.28858050216679343,0.32020576267822287,0.0,-0.26666666666666666,-0.04633879781420758,2.516658860265418,0.013706917905266958,0
0.38809507098947643,0.28257073144551004,0.32933419756501353,0.0,0.19999999999999996,-0.6486721001580463,2.194923920790852,-0.021768055543130826,0
0.46537496736699924,0.24944098250871155,0.2851840501242891,0.0,0.06666666666666668,0.49262295081967244,3.168032786885246,0.021457918148163224,0
0.5692897251621405,0.22551573653765952,0.20519453830020007,0.0,0.1333333333333333,0.7450980392156864,2.7058823529411766,0.04491545256919782,0
0.519973742153417,0.24247480204045355,0.23755145580612957,0.0,0.4666666666666667,0.7263773468759618,3.0655586334256695,0.029964563102898967,1
0.47771493799616044,0.2745810200799045,0.24770404192393508,0.0,0.0,0.4807817589576546,2.3570032573289907,0.0026515931297286244,0
0.6070584764601,0.23313467674527533,0.15980684679462462,0.0,0.4666666666666667,0.451114213329197,1.9375937128380127,-0.0029131648248464925,0
0.3937650983549983,0.287472679167146,0.31876222247785574,0.0,0.13333333333333341,0.01140065146579805,3.1058631921824107,-0.011589986285942988,0
0.23423758071036044,0.2789874468759218,0.48677497241371787,-10.0,-0.4,-0.901267529665588,2.761893203883495,-0.004605853594494641,2
0.31439345174566125,0.3032014518453303,0.3824050964090083,0.0,0.2666666666666667,-0.8052088149175529,2.3308676221297584,-0.03575949275599605,1
0.3883624306678401,0.27129085736507097,0.340346711967089,0.0,-0.19999999999999996,-0.707305723592369,3.6815164948201122,0.03255674105494244,0
0.39979315948880845,0.31498854990027325,0.2852182906109182,0.0,0.06666666666666665,-0.09337676438653641,2.004343105320304,-0.010878862335435557,0
0.5434638354346383,0.2568015925680158,0.1997345719973457,0.0,-0.13333333333333341,0.9420527859237536,2.2089149560117303,0.018775703064382587,0
0.6461398405054792,0.2032327047143047,0.1506274547802162,10.0,0.4,1.6243806451612908,3.3630903225806454,0.04617136012680689,0
0.6369518689960678,0.1996416305808571,0.163406500423075,0.0,-0.19999999999999996,0.9086799276672692,4.163652802893309,0.0863250153306887,2
0.5534098993800183,0.2576481349730664,0.18894196564691534,0.0,-0.33333333333333337,0.1992210321324246,1.8701071080817917,0.020246211690768234,0
0.1810164641711469,0.22781584271295566,0.5911676931158975,-10.0,0.0,-0.9370464519806212,3.6208332858364205,0.008684393257372802,0
0.45056513888941907,0.3072706520950793,0.24216420901550173,0.0,-0.2666666666666666,-0.10573019918814308,1.9333522137260455,0.010823248488508908,0
0.7430935319630397,0.16087591929096737,0.09603054874599283,10.0,-0.19999999999999996,1.1337937604191481,3.6340992161694823,0.07021365416411152,1
0.4919121600999898,0.2581859403839726,0.24990189951603758,0.0,-0.1333333333333333,0.30365382217234094,2.215779191087833,0.01492873606655426,2
0.26279721113163695,0.2598772421190632,0.4773255467492998,0.0,0.20000000000000007,-0.28139371013202785,2.9432762201453793,-0.011950628437820243,2
0.5957010492081682,0.21304114971681648,0.1912578010750152,0.0,0.13333333333333341,0.7665229885057472,3.137212643678161,0.061800457187618285,0
0.4300608166811469,0.29626411815812337,0.27367506516072976,0.0,-0.13333333333333333,0.0973020787262272,2.043343653250774,-0.009499528180240469,2
0.6542199774087007,0.20697667426868185,0.13880334832261748,10.0,0.5333333333333333,2.059016557827052,3.768897356513456,0.043830059792950404,1
0.47974010892493596,0.28521134524500763,0.2350485458300565,0.0,0.06666666666666665,0.43281859917020615,1.8248103503301993,-0.01767139122755712,2
0.4184758987940258,0.29438525372576574,0.28713884748020846,0.0,-0.13333333333333336,0.11183565320624211,2.159288381135906,-0.007550803855222721,0
0.29972864412790845,0.2949861022904415,0.40528525358165013,0.0,-0.1333333333333333,0.23459119496855374,2.629559748427673,-0.00934418052918684,2
0.3821474902704321,0.2800119748528091,0.33784053487675886,0.0,-0.4666666666666666,-0.22682273468436964,2.4752504076403445,0.012405980922334081,1
0.6102051551814834,0.22882693319305628,0.16096791162546029,0.0,0.7333333333333334,1.3285024154589378,3.1934190137635587,0.02454125340478841,0
0.5435862691960254,0.2686690755796447,0.18774465522433,0.0,-0.06666666666666665,0.16133158758107968,2.1629268439508182,0.012651486711360072,0
0.3166992020131507,0.2937210264727644,0.38957977151408496,0.0,0.13333333333333336,-0.4349717268377554,1.982959342936827,-0.018415652405996685,1
0.4300579425386451,0.28279567736632116,0.2871463800950338,0.0,-0.06666666666666667,0.6894278179107902,3.0630088292626994,0.029459520068935707,0
0.3572919433797579,0.29604189594322794,0.34666616067701417,0.0,0.26666666666666666,-0.8009153318077804,2.429667519181586,-0.0312885722398078,2
0.41296543612237646,0.2962863129004986,0.2907482509771248,0.0,0.2,0.3230994152046782,1.9203216374269005,-0.023641610148871228,0
0.4354348379703317,0.26397466097918126,0.30059050105048707,0.0,0.13333333333333336,1.551315789473684,3.9197368421052627,0.029110926262175263,0
0.4418891591341815,0.2969382566156442,0.2611725842501745,0.0,-0.19999999999999996,-0.1089783281733745,2.0705882352941174,0.009762114485119489,0
0.5296819135543434,0.2499303399076794,0.22038774653797732,0.0,0.33333333333333337,0.40283888255209743,2.6840837904875707,0.004650615539074976,0
0.27987443320544125,0.2632717125915591,0.4568538542029996,0.0,-0.2666666666666667,-0.943535308860386,2.8895768833849327,-0.011338642286745804,2
0.23934313669394064,0.26287406305429994,0.49778280025175947,0.0,-0.6000000000000001,-1.1021421140371768,2.3071909351850692,-0.004520843175590233,1
0.671924019918092,0.20437076316983543,0.12370521691207258,0.0,-0.06666666666666665,0.9417149010634003,2.126261946426168,0.03161017232932917,0
0.6827661456465114,0.19167820072453293,0.1255556536289558,10.0,0.13333333333333336,1.8259453803065444,3.8166300757124985,0.07621881204520486,1
0.47814061817652487,0.2758503566403028,0.2460090251831724,0.0,0.0,0.14817411627227584,2.0576102833771546,-0.00942270591261496,2
0.29018502457357614,0.28315023609906526,0.4266647393273586,0.0,-0.26666666666666666,-0.04107762069885257,2.68765004001067,-0.011624397848688961,0
0.42040505313815923,0.25997192701022664,0.31962301985161423,0.0,-0.26666666666666666,-0.2730996040310656,2.938837244871948,0.02184868687909941,0
0.2785393998810691,0.29342987094389356,0.4280307291750374,0.0,-0.2666666666666667,-0.42958824107481286,2.3753702741783775,0.004930808532501274,1
0.6047564025988592,0.2381905012793461,0.15705309612179483,0.0,0.4,0.8296952441210589,2.1583886955604767,0.0035908387799923336,0
0.4464369096994691,0.2673504702784786,0.2862126200220522,0.0,0.06666666666666665,-1.0673678938141746,3.2877535687453046,-0.0020894125478022607,1
0.2501670453026861,0.2651343044233596,0.4846986502739543,0.0,-0.13333333333333336,-0.9335233297985152,2.7780355249204667,-0.0155501382215337,2
0.4746489582045836,0.2648890786580821,0.2604619631373342,0.0,-0.13333333333333336,-0.23323170731707332,2.647865853658537,0.022840638212348552,1
0.6484916357527823,0.21418072373486388,0.1373276405123539,0.0,0.39999999999999997,1.0289855072463767,1.9468599033816425,0.013104822132827487,1
0.76709318631584,0.1494973941382308,0.08340941954592912,10.0,0.13333333333333333,1.683669049166125,2.994368637643491,0.03955699431268722,0
0.3231334149326805,0.3231334149326805,0.3537331701346389,0.0,0.06666666666666671,-0.15397105344195305,1.5089163237311385,-0.011023773178772733,2
0.42773719138630195,0.2561722739621259,0.3160905346515723,0.0,-0.13333333333333336,0.7270892687559358,3.3861585944919277,0.043822071474349356,1
0.6488721359357423,0.2118766158157526,0.13925124824850507,0.0,0.6000000000000001,1.4016045304388869,2.8032090608777733,0.01043784223913602,0
0.4511378900850741,0.26758035314501527,0.2812817567699107,0.0,0.2,-0.4696541990119971,2.79075511644319,0.01966338993604222,1
0.39641943734015345,0.30179028132992325,0.30179028132992325,0.0,0.06666666666666665,0.048012803414243965,2.181915177380635,-0.023293372923775035,0
0.35566257781954264,0.2978957260080882,0.34644169617236925,0.0,-0.06666666666666665,0.36726372506189053,2.1380515508955877,-0.021326310184404118,1
0.3440293607636492,0.3068065118941397,0.34916412734221114,0.0,-0.13333333333333336,-0.2264069960834808,1.8889731975197934,0.004019336590798728,2
0.32185851343368715,0.270547735929766,0.407593750636547,0.0,-0.46666666666666673,-1.1839770453429983,3.044512402310567,0.002824679223994264,2
0.3357325830428758,0.29535967748708686,0.3689077394700374,0.0,-0.4,-1.1190787944052174,2.209400506614129,-0.01609050517736288,2
0.3165799548444096,0.24904289781093553,0.434377147344655,-10.0,0.0,-0.7098930481283423,3.6680973824936673,0.012276515174269975,1
0.3541311460301369,0.29307405188700986,0.3527948020828534,0.0,-0.1333333333333333,0.21486068111455148,2.7071207430340554,-0.004534722542684666,1
0.5049318681318681,0.269978021978022,0.22509010989010989,0.0,0.4,0.8724597872389954,2.2412067320002795,-0.01287681657577805,1
0.6193280481314821,0.22108400772542267,0.15958794414309518,0.0,0.19999999999999996,0.7986111111111113,2.3418209876543212,0.03603212798905009,0
0.33706758182437674,0.27063107294305033,0.39230134523257293,0.0,-0.06666666666666665,-0.1880368098159506,2.5634969325153376,-0.005128388571761622,2
0.3532976112975111,0.2809354499474185,0.3657669387550703,0.0,-0.33333333333333337,-1.0020449897750512,2.3517382413087935,-0.006042518818447529,2
0.6000937078415691,0.2255773937910477,0.17432889836738322,0.0,0.26666666666666666,0.26266043179783116,2.639111957587731,0.029720306937168317,0
0.4512917125652474,0.2739512741964991,0.2747570132382536,0.0,-0.26666666666666666,-0.08540372670807439,1.8618012422360248,0.010295101598614464,0
0.7557175454592697,0.1567039726370392,0.08757848190369108,10.0,0.2,1.9652103331451158,3.348609542631282,0.03388700850221804,0
0.4842103721710098,0.2797982090688769,0.23599141876011334,0.0,0.2666666666666667,0.6229374340829449,2.1539141972578504,-0.003530211626736224,1
0.37785702707083807,0.2802723293888799,0.341870643540282,0.0,0.33333333333333337,0.7880664227413456,2.927103855896426,-0.0023783670976606497,0
0.3291756785325159,0.26786788740181805,0.402956434065666,0.0,-0.1333333333333333,-0.8558830230656855,3.0496026161660836,-0.005823341819825023,0
0.6680106339402604,0.20155493265438892,0.1304344334053507,0.0,0.19999999999999996,1.2068919100821107,2.2164490510162875,0.018256374209299486,0
0.5630056318908111,0.23600741134816827,0.20098695676102069,0.0,0.0,0.33006362672322376,2.8777836691410394,0.027630034652477153,0
0.6597643280673731,0.20366637953384126,0.13656929239878565,0.0,0.1333333333333333,1.0329558652729387,2.1024487030584593,0.028442008268827368,1
0.20952597280030202,0.24399108059774072,0.5464829466019573,-10.0,-0.26666666666666666,-1.4214914827719713,2.7100416182733262,-0.016379896434111474,2
0.5082601371259021,0.2742518041969677,0.21748805867713022,0.0,0.0,0.6354030974091767,1.9119988420900278,0.007454102533803297,0
0.702679093865807,0.1857978518571617,0.11152305427703142,0.0,0.8,1.7238575161307526,2.737028742067936,-0.009401885658479658,0
0.342728297632469,0.2784667418263811,0.37880496054115,0.0,-0.06666666666666665,0.14965986394557862,2.633376754957302,-0.014320744691555143,0
0.20611128021319283,0.2368975220678216,0.5569911977189854,0.0,-0.6666666666666666,-1.495800350474349,2.8597498338268172,0.01873920729475806,2
0.7150738813640061,0.18118893318894547,0.1037371854470485,0.0,0.5333333333333333,1.1174886621315194,2.239465230536659,0.0031643390208309086,0
0.3514112605290379,0.2686074577607014,0.3799812817102605,0.0,-0.26666666666666666,-0.8207070707070707,2.691455370026799,-0.005639768246327337,1
0.30705693309545773,0.27056610916237434,0.42237695774216805,0.0,0.2,0.20280934343434343,2.7957025613275617,-0.01889235536965217,2
0.3330816117374184,0.28798748584066025,0.37893090242192135,0.0,0.0,0.10856009070294781,2.404478458049887,-0.025800766931158847,1
0.2772790041585717,0.2840213507642513,0.4386996450771769,0.0,-0.3333333333333333,-1.0135135135135136,1.9494494494494496,-0.019482660372719895,2
0.40241614273017545,0.2863820402251555,0.311201817044669,0.0,-0.2,-0.6177606177606174,2.3974995403566832,0.004785791939601047,2
0.5078493758959477,0.26698367189958394,0.22516695220446836,0.0,0.13333333333333333,0.053238834402269175,2.582083468510061,0.009417060614760775,1
0.7248493216153785,0.17125560895308395,0.10389506943153759,10.0,0.33333333333333326,2.489514514514515,3.715740740740741,0.0363613823272515,0
0.5324754374937973,0.2427867279764465,0.22473783452975618,0.0,0.33333333333333337,1.0910602910602911,3.2347424347424347,0.0362218169403018,2
0.3967186871430764,0.29043268373402786,0.3128486291228958,0.0,0.0,0.1799573560767591,2.340582800284293,-0.015874958593796895,0
0.46549600551431125,0.24302518729448452,0.29147880719120417,0.0,-0.1333333333333333,0.7017012837908363,3.507253940089761,0.05450826761713046,2
0.3910802758574902,0.3034681361361694,0.3054515880063404,0.0,0.06666666666666665,0.48765264586160106,2.5392130257801897,-0.012430627404779404,1
0.39601786166191827,0.2677943133301223,0.3361878250079594,0.0,-0.06666666666666667,-0.06069651741293525,2.8845771144278607,-0.005513223300183112,2
0.5449335584666664,0.26181165378845417,0.1932547877448796,0.0,-0.1333333333333333,-0.16372682044323827,2.3897396136202107,0.03595043762457706,0
0.5521938026521773,0.2697131579428265,0.1780930394049961,0.0,0.0,0.43459608676999995,1.5761102717624458,-0.005048861969517593,2
0.2532649683547803,0.2625134082104324,0.4842216234347872,-10.0,-0.7333333333333334,-1.8230246246246247,3.102380780780781,0.012628428650231394,1
0.5700057598156858,0.2302486320437746,0.1997456081405395,0.0,0.3333333333333333,0.8000222444666891,2.5350906462017573,0.028378033290069493,0
0.6189507102446173,0.21049900280841713,0.17055028694696572,0.0,0.0,1.4355410162661448,3.9484735632704355,0.06241503133282855,0
0.35870674749494824,0.27839926671249715,0.36289398579255466,0.0,-0.3333333333333333,-1.5993781667434364,2.995278673422386,0.010772487344772874,0
0.35051033728259384,0.281039819983341,0.3684498427340651,0.0,-0.4666666666666667,-0.740545407769488,2.1923076923076925,-0.006158249509176761,1
0.2698095608239409,0.2770151574038088,0.4531752817722503,0.0,-0.5333333333333333,-0.13374412562293214,2.6263257279968197,0.01335769791068775,0
0.47641614879062905,0.28041310859748736,0.24317074261188357,0.0,0.33333333333333337,-0.0935424614949838,1.9836088738165887,-0.006792108221537918,1
0.582396402184388,0.23771281721811757,0.1798907805974944,0.0,0.26666666666666666,0.47308181432810503,2.225236682209976,0.010341942216971156,0
0.5050162838745343,0.24781966184824636,0.24716405427721927,10.0,0.2666666666666666,0.8501538461538465,3.392711879836141,0.030070151556767066,2
0.5856450902686042,0.2509907529722589,0.16336415675913696,0.0,0.33333333333333337,0.8736028928336622,2.0476425284117594,0.002552740763384187,0
0.45349836951891126,0.2616825325515286,0.2848190979295601,0.0,0.39999999999999997,0.20348659144645764,2.844769500287895,-0.005517325280170626,0
0.5833861397545942,0.22766288380667093,0.18895097643873496,0.0,0.06666666666666665,0.23722431414739087,3.7391070467993552,0.0545735397908349,2
0.2718774484640531,0.2687434144759949,0.4593791370599519,0.0,-0.6000000000000001,-0.9777777777777779,2.8634920634920635,-0.002215331054847447,0
0.4277086361495069,0.2922899143592242,0.2800014494912688,0.0,-0.26666666666666666,0.13833828188498365,2.029293214125765,-0.010564737000362423,0
0.2947396459734117,0.27802306903760626,0.4272372849889821,0.0,-0.4666666666666667,-0.9050222536293873,2.8142472818338478,-0.004064356259346202,0
0.37654386016661684,0.2924727467331898,0.3309833931001935,0.0,-0.6,-0.45568862275449107,1.9574850299401199,0.014929811401817483,2
0.453504607651494,0.2684538769431257,0.27804151540538025,0.0,0.39999999999999997,0.4049202829690637,3.334917115404921,0.0031656321575244117,0
0.41234040113674514,0.28411259346617196,0.30354700539708274,-10.0,0.0,-0.03772738396280295,2.1921445468635294,-0.002562674150304478,2
0.7218303966337534,0.1724962344896837,0.10567336887656298,0.0,0.5333333333333334,1.145946479707712,3.155426088673842,0.040663819391647205,0
0.43587324490815255,0.3028469948387813,0.2612797602530662,0.0,0.06666666666666665,0.35503130915974923,2.297655453618756,-0.01024627168274339,1
0.5196353071944763,0.2460706877984425,0.23429400500708122,0.0,-0.2,1.1602600438071646,2.996522019048419,0.02945814229850252,0
0.2930426884650319,0.2858734483802604,0.42108386315470786,0.0,0.2666666666666667,0.36798418972332025,2.5972332015810284,-0.031345973509161684,2
0.40343407552174215,0.27409785719271307,0.3224680672855447,0.0,-0.5333333333333334,-0.933333333333333,2.6222222222222222,0.02265708687800566,1
0.33067848949693074,0.2887038205514999,0.3806176899515692,0.0,-0.06666666666666665,-0.22784233310549107,2.567023619655199,-0.008021025312541341,2
0.5351234189959498,0.2637718835844059,0.20110469741964423,0.0,0.5333333333333334,0.3080230219818323,2.2579571458289998,-0.011990447898067025,0
0.3000448515655621,0.2777200858240768,0.42223506261036114,-10.0,0.13333333333333341,-0.532786147186147,2.4815861471861473,-0.012778429732573315,2
0.3646769794507714,0.2803522724906831,0.35497074805854556,0.0,-0.2,-1.610817166372722,3.938859494415051,-0.005631857174382637,2
0.5032685822300823,0.24372954898577287,0.25300186878414466,0.0,0.2666666666666666,0.27796924708377513,2.9502916224814424,0.010297156433394572,0
0.21140355291631016,0.2618791203261034,0.5267173267575864,0.0,-0.4666666666666666,-1.1744074901969634,2.558648874438348,-0.00273483510537903,2
0.24645252009041635,0.2865199543382448,0.467027525571339,0.0,-0.4,-0.3980515362886953,2.3257623796621893,0.010855091993273058,1
0.3439122670263091,0.2693648103009531,0.3867229226727376,0.0,-0.06666666666666671,-0.6082327847729136,3.2723474257692047,0.014410944584867857,1
0.5395064090300363,0.26076143103118427,0.19973215993877944,0.0,-0.2,0.44472800285226444,2.9266980665903564,0.039479116793416424,2
0.3852881605597496,0.30077333824341745,0.313938501196833,0.0,-0.26666666666666666,-0.3317412071211465,2.013026487190621,0.012435465265231926,1
0.6265949916783043,0.22660838291278482,0.1467966254089109,0.0,0.5333333333333334,1.3345864661654137,2.246440569508879,-0.009374463673729516,0
0.4177994170372683,0.2684993371738064,0.31370124578892533,0.0,0.2666666666666666,-0.26469098277608916,2.178610396695503,0.004284166084773167,0
0.4785300065923998,0.2752606232611149,0.24620937014648533,0.0,-0.2666666666666666,1.3816327229833245,3.0849350738342416,0.02037255494710083,2
0.5558604358326207,0.2352255748611594,0.20891398930621988,10.0,-0.20000000000000007,0.7203242147923001,2.826423505572442,0.05860555490175301,1
0.6048334085196881,0.23733969195076368,0.15782689952954826,0.0,0.06666666666666665,0.22322927156764039,2.103054716347768,0.021313741297663946,0
0.3416325715996408,0.27923859894222136,0.3791288294581379,0.0,0.2,-0.3256479567498807,2.851327715058038,-0.015829910760876253,0
0.6136488887744328,0.22155494321547217,0.16479616801009503,0.0,-0.2,0.050150602409638534,2.279066265060241,0.03512717563395418,2
0.5377821264203095,0.2507717193280688,0.21144615425162167,0.0,0.06666666666666665,0.45092711759378445,2.0688715926811168,0.00334127993243849,0
0.4574279319156174,0.268920167466242,0.2736519006181406,0.0,0.20000000000000007,0.4076125815256252,2.103718625457756,-0.02198520836740664,1
0.4996651038178165,0.25050234427327533,0.24983255190890824,10.0,-0.33333333333333337,-0.13079818949384148,2.579694912303608,0.0429802303730733,0
0.5040496625873753,0.26047259100185594,0.2354777464107688,0.0,-0.2,0.29849398270450944,2.2944749260538737,0.02261521781719711,0
0.7286804897810135,0.1727242642443884,0.09859524597459803,0.0,0.0,1.520895895895896,2.6219969969969967,0.0345591385589753,2
0.3097945847369621,0.3077429649704922,0.3824624502925458,0.0,-0.2666666666666667,-0.0177552314521241,2.2428662016487007,-0.002310826647466957,1
0.4248273476496353,0.28935608818241415,0.28581656416795037,0.0,0.2,-0.14776334776334776,1.9763347763347765,-0.016158678116726943,0
0.2604124663670555,0.2526704741237106,0.48691705950923403,0.0,0.06666666666666668,0.0522590361445785,2.522138554216868,-0.019981830477429047,2
0.460278303171674,0.27725963069391635,0.2624620661344096,0.0,-0.26666666666666666,0.28885729252413395,2.6086956521739135,0.01399982053451837,1
0.3340617604012531,0.2553513182245195,0.4105869213742274,0.0,-0.4666666666666666,-0.8501285948094457,3.4425999532382505,0.018284041006389695,0
0.28274258519059986,0.2643202637759149,0.4529371510334852,-10.0,0.06666666666666665,-0.6266662261574378,2.761202149685036,-0.009010542153033652,2
0.40314769975786924,0.28087167070217917,0.31598062953995154,0.0,0.2666666666666666,0.49790128817484447,2.061079751049356,-0.031131552926418393,2
0.2195732693411237,0.27048881005790604,0.5099379206009703,0.0,0.3333333333333333,-0.9952854897852278,2.4678423840288692,-0.020564963305269718,1
0.6147509821315422,0.2118869598276517,0.17336205804080598,0.0,0.5333333333333334,1.5124529739511408,3.1863422067717515,0.02598933642719381,2
0.6025630399268467,0.22669240579772146,0.1707445542754319,0.0,-0.4,1.25375574407918,2.8289589961117003,0.05397232718569167,0
0.1662824171265509,0.21373744484531546,0.6199801380281336,0.0,-0.39999999999999997,-1.4705596815688557,2.703994951701374,0.020178097389803223,2
0.4351265012545742,0.259147362243029,0.30572613650239694,0.0,-0.26666666666666666,-0.7974063599365383,2.207046668659416,0.015393955695718331,1
0.6122392211404729,0.21988873435326844,0.1678720445062587,0.0,0.4666666666666666,1.094340030945348,2.866664502656323,0.034692770884293345,1
0.6040290045436877,0.2152287257569462,0.18074226969936602,10.0,0.4666666666666667,1.9268225971370154,4.334235685071576,0.08348900202235554,1
0.4337780206464795,0.2865322705187755,0.27968970883474503,0.0,-0.06666666666666665,0.16161885593734093,1.9269380925822648,-0.0191237319941443,0
0.5509080902586682,0.24325811777655476,0.20583379196477714,0.0,-0.19999999999999996,1.3161620426715679,2.9678845532897844,0.04568525523681699,0
0.5927947779580222,0.22569054196956023,0.18151468007241764,0.0,-0.1333333333333333,0.7237909014021124,3.4550773217874413,0.07750969601543267,2
0.19339609727904605,0.24389116184276563,0.5627127408781883,-10.0,-0.5333333333333332,-1.357547076801735,3.2280784777679186,0.006844048918921264,2
0.4660061535201087,0.26091152328006084,0.2730823231998304,0.0,0.06666666666666665,0.53471548959654,2.8615109254978,0.015518229053134602,0
0.4421051007379348,0.25799557933474,0.29989931992732516,0.0,-0.06666666666666665,0.15133647798742156,2.9762840670859543,0.01221613174953673,0
0.7037725179739882,0.18571774779869132,0.11050973422732047,0.0,0.4666666666666666,1.2803234501347713,2.8975741239892185,0.029944633163169088,0
0.5564034940051998,0.23724819033724256,0.20634831565755754,0.0,0.1333333333333333,1.4428493300519551,2.8975936560021873,0.019572188729984452,0
0.6565003989038815,0.1915909327413368,0.15190866835478165,0.0,0.2,0.9879870886160197,2.7627477732299535,0.03967795735254276,0
0.23678951461863887,0.2521074347017853,0.5111030506795757,0.0,0.1333333333333333,-1.0962126558456835,2.8557986356151495,-0.014950751385602812,2
0.5907611572202389,0.22330206421243484,0.1859367785673262,0.0,0.3333333333333333,1.7444578300847413,4.1950596690657855,0.07230744274464762,1
0.6050481166970009,0.2239841585849474,0.1709677247180516,0.0,-0.06666666666666665,0.6945165945165948,1.7911976911976915,0.030293677788715057,2
0.6676136363636365,0.19886363636363638,0.13352272727272727,0.0,-0.2,1.0787649653434153,2.7926906112161314,0.05989224416608108,0
0.26657147235938594,0.2584712342490179,0.47495729339159626,0.0,-0.3333333333333333,-1.4492753623188406,3.4516558146047744,-0.00815508101785728,1
0.19760123179988653,0.23474432048407573,0.5676544477160378,-10.0,-0.2666666666666666,-1.01747256515775,2.9002229080932787,0.007463370253091323,2
0.4714396339843852,0.265769085447288,0.2627912805683268,0.0,-0.19999999999999996,0.003624051275148643,2.3085206622694843,0.003834958879458228,0
0.6030538440932226,0.22255558532011788,0.17439057058665952,0.0,0.13333333333333336,1.6280791492798494,3.2433705747745325,0.0491283072192108,0
0.71425930718326,0.16950719065399836,0.1162335021627417,10.0,0.4,1.582559339525284,3.049019607843137,0.035891970764430514,2
0.504319540375557,0.24947721944110005,0.24620324018334283,0.0,-0.19999999999999996,0.018919848641210768,2.4785001719986237,0.017614489813428613,0
0.4270070799225897,0.2816703328405034,0.29132258723690696,0.0,-0.06666666666666665,0.13773410598807434,2.153355169228185,-0.015623416184352978,0
0.31389951353559364,0.29140827113273177,0.39469221533167465,-10.0,0.13333333333333341,-0.2846085802742149,2.7479728733598705,-0.015735637920370804,2
0.45833889679430195,0.2949562616594246,0.24670484154627337,0.0,0.2666666666666666,0.4198878504672896,1.8434392523364487,-0.031289447276426796,2
0.5339347574581974,0.2532210909354595,0.21284415160634296,10.0,0.06666666666666665,0.6084194927329727,2.686276432031918,0.03172425365656362,2
0.5168841097575163,0.28698166830095234,0.19613422194153138,0.0,0.06666666666666665,0.11394448371543431,1.8357722376375514,-0.003273486950727267,1
0.3630300082475099,0.32283291390868524,0.31413707784380485,0.0,-0.06666666666666665,0.05625879043600579,1.6971401781528366,-0.01483093115782369,2
0.6505578966434546,0.20771693373981703,0.14172516961672837,10.0,0.4666666666666667,1.5426327283873362,3.1947611080601286,0.03489316459792835,2
0.26345225745343015,0.2641964728699653,0.47235126967660457,0.0,-0.4666666666666666,-2.133953179478665,4.220355304665449,0.012729548445483574,1
0.47965261927295,0.2605355452875355,0.2598118354395145,0.0,-0.2,0.08984079546921975,3.0636264689062305,0.02506410653353508,2
0.26744560467362805,0.27370164220985327,0.4588527531165187,0.0,-0.06666666666666665,-0.8587652095538529,2.138380651945321,-0.015347986456727636,1
0.6369827134625459,0.20900995285489785,0.1540073336825563,0.0,0.26666666666666666,1.2132819861526487,2.811053300012291,0.02882617386299957,1
0.49514147052206425,0.27605232427336324,0.22880620520457245,0.0,0.39999999999999997,0.46294399606702474,1.970584620426892,-0.023114810924104334,0
0.5954766676209562,0.22473518465502434,0.17978814772401946,0.0,0.33333333333333337,1.2780637187079158,2.8129208404818566,0.024760378751026435,1
0.5630565157381734,0.2372268568846111,0.19971662737721535,0.0,-0.5333333333333333,0.15593469088240686,2.702867975295053,0.05113882644605117,2
0.3601182619713848,0.2608098833218943,0.37907185470672083,0.0,0.19999999999999998,0.1449381272532395,3.9547403293384003,0.012312646004001837,2
0.46069127616976807,0.2758711771754068,0.2634375466548251,0.0,-0.13333333333333333,0.0007125615697731735,2.1312716551914566,0.015129506892246125,1
0.3838988036869975,0.2691704255736419,0.3469307707393607,0.0,-0.3333333333333333,-0.5844856330293222,2.5885609057130097,0.014437268535532788,2
0.47405516024256983,0.27147926327844846,0.25446557647898166,0.0,-0.06666666666666665,0.6175373709354294,2.0920326706734476,0.00632650594823958,0
0.26440957630171313,0.2802900313348491,0.45530039236343783,0.0,-0.26666666666666666,-0.5836192422804585,1.9567121687714435,-0.012567277174473701,1
0.6593093112272052,0.19709878356686972,0.14359190520592505,0.0,0.39999999999999997,1.1334851572176279,3.8503336130089103,0.06704122539069457,1
0.49398230280344124,0.26905664331368984,0.23696105388286898,0.0,-0.2666666666666666,0.4790634202398909,2.1860710096004214,0.012906353415712668,0
0.496651463541366,0.2523526355291265,0.2509959009295075,0.0,-0.26666666666666666,0.011657809017658227,2.6284930567461,0.022597183782500307,0
0.4302732166191791,0.2714223488557031,0.2983044345251178,0.0,-0.26666666666666666,-0.9108015640273708,3.104349951124145,0.013947277759900623,1
0.42936755889555017,0.2957865405724901,0.27484590053195984,0.0,0.4666666666666666,0.8563667232597625,2.0570458404074703,-0.03836189924988359,0
0.22738693467336685,0.25753768844221103,0.5150753768844221,0.0,-0.4,-1.8251592398686523,3.159740996188794,0.005379926720896183,2
0.4574132492113564,0.2744479495268139,0.2681388012618296,0.0,0.1333333333333333,0.05388062991354614,2.316867086282482,-0.010039794075884567,0
0.46180070332775375,0.2776301847387091,0.26056911193353705,0.0,-0.19999999999999996,0.024161884627000974,1.836303231652069,0.011247571858080785,0
0.666618054542803,0.19046230129794367,0.14291964415925332,10.0,0.13333333333333336,1.3270902547065337,3.8449197120708747,0.06720850934761424,0
0.4642951372558017,0.2720796576921753,0.26362520505202297,0.0,0.1333333333333333,-0.17078872892826358,1.8274886181862926,-0.004775672546879661,0
0.6174840432709322,0.21836086776091512,0.16415508896815273,0.0,0.3333333333333333,0.9360162481337512,2.8190781067158057,0.033131672946147495,2
0.47466392463443774,0.25488802528315013,0.2704480500824122,0.0,0.0,1.1789838600545857,4.052700000760243,0.06300677821744327,1
0.704932735426009,0.17757847533632284,0.11748878923766817,0.0,0.2666666666666667,1.6698307229868692,2.872172124663819,0.04104929018937331,0
0.36026295303174466,0.2603581005103365,0.37937894645791886,0.0,-0.06666666666666665,-0.5968992248062015,3.666666666666666,0.028533579969896472,1
0.36806718559981005,0.2579529029272907,0.3739799114728993,0.0,-0.2,-0.18035121025154255,2.9011645102935013,0.013889163333618282,2
0.26042318767997996,0.2913484412169776,0.4482283711030425,0.0,-0.1333333333333333,-0.6422182468694096,2.3963710707896757,-0.009967135713290887,1
0.4326128608554891,0.27117132677530653,0.2962158123692043,0.0,-0.1333333333333333,0.369082125603865,2.770738440303658,0.00350330583698355,1
0.3245834209148872,0.2756078159839427,0.3998087631011701,0.0,0.06666666666666665,-0.3999999999999999,2.7746031746031745,0.006705399406846224,1
0.4489795918367347,0.2693877551020408,0.2816326530612245,10.0,-0.06666666666666665,0.4507473219911784,2.6713396345305607,0.006615074338616356,1
0.22437264401170573,0.26680414689071025,0.508823209097584,0.0,-0.4666666666666667,-0.5029239766081871,1.617933723196881,-0.005057036195027953,2
0.32355643828729896,0.2765111401387006,0.3999324215740005,0.0,0.1333333333333333,0.2781456953642385,2.781456953642384,-0.02014872345317975,0
0.5778898607975922,0.23376951655379985,0.18834062264860799,0.0,0.3333333333333333,1.1276107997962304,2.7781456953642385,0.011801890098380285,0
0.5060121275133612,0.24437331092508785,0.24961456156155087,0.0,0.06666666666666667,-0.630429173475531,3.4118861271179153,0.04534110850689954,0
0.6702706191805581,0.19738901708918977,0.1323403637302522,10.0,0.33333333333333337,1.4243739130434787,2.7026347826086963,0.021658474374569914,0
0.2982739573062805,0.2606763996626317,0.44104964303108773,0.0,0.2666666666666666,-0.4426877470355731,2.007905138339921,-0.023177100295674158,0
0.4059005957724639,0.27217824206316815,0.32192116216436795,0.0,-0.6666666666666666,-0.3033908833060175,2.8816895294971676,0.03205168547218701,0
0.5020062543730633,0.2483328811526324,0.24966086447430422,0.0,-0.06666666666666665,0.6671381423856673,2.9113625648279116,0.04028632427857726,1
0.41756744112250677,0.2730719629628123,0.30936059591468107,0.0,-0.5333333333333334,-1.0943143812709026,3.213377926421405,0.013262578880481213,0
0.48159102196327835,0.2624400512945955,0.255968926742126,0.0,-0.2,-0.12252964426877444,2.4703557312252964,0.029789989771854375,1
0.5028467982393866,0.24230441573193243,0.254848786028681,10.0,0.06666666666666665,0.41246124763705105,2.709625708884688,0.011930744818656969,1
0.38909235867155,0.29000672696016144,0.32090091436828866,0.0,-0.33333333333333337,-0.26666666666666683,1.84973544973545,0.015632652450779938,2
0.32179830892967626,0.2810888843060425,0.39711280676428135,0.0,-0.33333333333333326,-0.4069309530060383,2.4284589131005507,0.012380093442049545,0
0.5988126342284175,0.21979946103443088,0.1813879047371517,0.0,0.4666666666666667,1.3858723756334677,2.254628193194746,-0.008070863762069558,2
0.486679967140007,0.24785823260180728,0.26546180025818567,0.0,-0.2666666666666666,0.20725849492972803,2.7868706635829925,0.02958025228993827,2
0.2697674046070548,0.302069650466152,0.4281629449267933,0.0,0.06666666666666665,-0.25045372050816694,1.9274047186932852,-0.007005989948820512,2
0.5036351619299404,0.2518175809649702,0.24454725710508923,0.0,0.0,0.9211478176995421,2.73932963588136,0.02210240683133291,0
0.3982957171855216,0.2550394919307836,0.34666479088369473,0.0,-0.06666666666666665,-0.47635273272454715,2.3204306937440373,0.005641148544746011,0
0.46541133441337945,0.2569991159810144,0.27758954960560606,0.0,-0.1333333333333333,0.10163817849121126,2.9738706628162097,0.01699590432209258,0
0.4699899652177849,0.2687586295354575,0.26125140524675755,0.0,0.2,0.9101679887641333,2.8874294815965604,0.009108524213894131,0
0.6631914277439908,0.20417028670721113,0.13263828554879817,0.0,0.4,1.0102588383838387,1.9098800505050506,0.012404944234060689,1
0.5018301937327025,0.24244263905008484,0.2557271672172128,0.0,0.1333333333333333,-0.07004830917874383,3.7765700483091793,0.02573457571664195,0
0.6435618568002286,0.22060631025066935,0.1358318329491021,0.0,0.19999999999999996,0.41003357158327947,1.8503627896902752,0.009322879824162467,0
0.2826032139009238,0.25342136029158924,0.46397542580748685,-10.0,-0.26666666666666666,-0.8961553945249596,2.9637479871175527,-0.007565689049685853,2
0.4249476042494761,0.25850979258509793,0.31654260316542604,0.0,0.2,0.8396595353117093,3.0825856912813436,0.0041459110069807514,0
0.3228876848733343,0.2962366378679162,0.38087567725874943,0.0,0.19999999999999996,-0.3318110460967607,1.980162694448409,-0.014638806847105001,2
0.37512683360683463,0.29008255145373235,0.3347906149394331,0.0,0.4,-0.06318733026807566,1.896964319324568,-0.028957785646545053,0
0.3712980698393989,0.2588772653602476,0.36982466480035364,0.0,-0.2,-1.3485682478817491,3.382707650442204,-0.003050557185315106,0
0.2810947401158496,0.26587878552268396,0.4530264743614663,0.0,0.0,-0.40189540189540196,2.5962325962325967,0.00237099656014067,1
0.49425899171165694,0.25663447646566795,0.24910653182267506,0.0,0.26666666666666666,0.47218611560601653,1.7454969891503302,-0.02351014219781572,0
0.5429647568711041,0.2490398351515464,0.20799540797734942,10.0,0.2666666666666666,0.15344661174833374,2.9492985567102874,0.02108400108690034,0
0.4881991641457489,0.25133703598878177,0.26046379986546936,0.0,-0.6666666666666667,-0.6596148234607522,2.999562299387219,0.05883880528255053,0
0.48592671269251203,0.2549123738714817,0.2591609134360064,0.0,-0.13333333333333336,-0.18947368421052602,2.389473684210526,0.020938646267584182,1
0.3173136167590881,0.3019100431300062,0.38077634011090566,0.0,-0.4,-0.004661411984066222,1.7666751419611832,-0.0034926408912983598,0
0.43575736524677133,0.2534023808771985,0.3108402538760302,0.0,-0.2,0.5233979135618485,3.548733233979136,0.03932601300583066,0
0.2068780911413996,0.23442718368032966,0.5586947251782708,-10.0,-0.39999999999999997,-0.998830076004343,2.722342562432139,0.007002903730546406,2
0.5958302489255212,0.21856389972267953,0.18560585135179927,0.0,0.46666666666666673,1.0717330410425039,2.8579547761133437,0.03065697709533055,0
0.6473757244306587,0.20177944657578972,0.15084482899355156,0.0,-0.13333333333333336,0.8449695667740782,2.5635517364840674,0.041605139838253535,0
0.43495176465917657,0.28337766485370597,0.2816705704871174,0.0,-0.2,0.8301222586936874,3.042195899338757,0.03785592183218445,1
0.3853256958152181,0.2911081275594595,0.3235661766253225,0.0,0.0,-0.5015523197341378,1.9253137434955618,-0.012033257771667083,0
0.314477468839885,0.25311601150527335,0.43240651965484184,-10.0,-0.33333333333333337,0.22424734356552545,3.355298110979929,0.007424894178313879,1
0.5562277877272263,0.24786808577764993,0.19590412649512373,0.0,0.06666666666666665,0.23893152302243237,2.127951593860685,0.01395671629002826,2
0.6654568341550403,0.1920906325395993,0.1424525333053603,0.0,0.33333333333333337,0.3019992773696256,2.3675177646633747,0.02087166160591092,2
0.647800088290771,0.20868727676481214,0.14351263494441696,0.0,-0.06666666666666665,1.2403438146012404,2.9086425126029085,0.04632642008778154,2
0.6102826815671469,0.22445492855714777,0.16526238987570527,0.0,0.19999999999999996,0.8151828847481023,2.1788819875776397,0.03156534995729443,2
0.2926857577394889,0.27705269056052506,0.4302615516999859,0.0,-0.06666666666666665,-0.36731817462714444,1.9683306726496097,-0.008264385357167947,1
0.39018580276322057,0.266793711291091,0.3430204859456884,0.0,0.5333333333333334,0.6534691524120699,2.729194695368057,-0.015594997801048005,2
0.42594093664178473,0.28526319609954387,0.2887958672586714,0.0,-0.2,-0.2404266480153876,2.4523518097569506,0.008365998740400504,0
0.5427127886392124,0.24892426572251872,0.208362945638269,0.0,0.13333333333333336,0.3276942355889727,2.470551378446115,0.0144970878793802,1
0.5435645484517423,0.23850281207576443,0.21793263947249336,10.0,0.1333333333333333,1.2625171624713964,3.5387185354691084,0.04349683256447201,0
0.26056390920971595,0.2635081341725376,0.47592795661774645,0.0,-0.26666666666666666,-0.7765918292234082,2.6186970923813027,-0.007687011520907172,2
0.607547249287213,0.220146532682896,0.172306218029891,10.0,0.5333333333333334,1.3225000000000002,3.3525000000000005,0.03664156444264666,0
0.212941814099338,0.24162827610235765,0.5454299097983043,0.0,0.2666666666666666,-0.8281179138321996,2.564172335600907,-0.020137441215695856,1
0.28461107649105094,0.27296033066977987,0.44242859283916924,0.0,-0.06666666666666665,-0.17812307546544137,1.9568272616735363,-0.016268732815459208,2
0.57206024595827,0.22523144949564738,0.20270830454608263,0.0,-0.06666666666666665,-0.3009774661676692,3.962606786994489,0.06767331889763206,0
0.6067216327134248,0.22246459866158907,0.17081376862498615,0.0,0.2666666666666667,-0.17187225968973707,2.6342054495304605,0.03643353818976092,1
0.20142211846818547,0.2252044890825013,0.5733733924493132,-10.0,-0.6000000000000001,-1.4963440860215051,3.4172043010752686,0.004510837347806718,2
0.5796897038081804,0.2270803949224259,0.1932299012693935,0.0,0.06666666666666671,1.092875122001336,2.806030718652078,0.04427819032946312,0
0.3290642733726939,0.2732580515726463,0.3976776750546598,0.0,-0.3333333333333333,-0.6642476545389167,2.7354450655421534,0.00534051462547086,1
0.41000627807021783,0.2596706427778046,0.3303230791519776,0.0,-0.1333333333333333,-0.04643309413254526,2.739552553820177,-0.003288345122605396,2
0.6431186487072162,0.2100274866273566,0.1468538646654273,0.0,0.2,1.060683482758087,2.414022700174974,0.0343351931326612,0
0.38438904679028885,0.311355127900134,0.30425582530957723,0.0,-0.4666666666666667,-0.14860754835427692,1.9987877607126237,0.004616904885454798,0
0.4319775596072931,0.2650771388499299,0.30294530154277705,0.0,-0.1333333333333333,-0.3934125534656828,2.174521477194564,0.016896172957167443,2
0.4317260415768136,0.2422151298197188,0.3260588286034677,0.0,0.0,-0.6187608395810287,2.899067283925328,0.016792260300273032,2
0.48520703485207034,0.2538412825384128,0.2609516826095168,0.0,-0.19999999999999996,-0.49612847720103237,3.0961616832445324,0.052084357619754884,0
0.5661000322993552,0.23730455899417416,0.19659540870647063,0.0,0.13333333333333336,1.0548523206751055,2.5617842073538273,0.0298228218453358,2
0.3943091274077799,0.2823301002889542,0.3233607723032659,0.0,-0.13333333333333336,0.21076857852340858,2.827206105020895,0.004806668441592832,2
0.2655329218184774,0.26478070390964314,0.46968637427187954,0.0,0.2,-0.21665043816942542,2.6314508276533592,-0.015666894550872834,2
0.5899244816231085,0.22623317499138632,0.18384234338550523,0.0,0.06666666666666665,0.825458889975019,2.710980775496904,0.04909844250670703,0
0.690052430052951,0.179839919029244,0.13010765091780502,10.0,0.4666666666666667,1.9940909090909096,3.9339736070381233,0.04652699937225924,0
0.4577189286789046,0.2762563948239543,0.2660246764971412,0.0,-0.3333333333333333,0.03476433018028979,2.8288463093216913,0.014998326340411983,0
0.5427806357057204,0.23755284819690564,0.21966651609737392,0.0,0.06666666666666671,1.1111379735512417,2.5907211759301796,0.009216245666299527,0
0.5345943092123601,0.2542228372613125,0.21118285352632737,0.0,0.2666666666666666,0.10884353741496589,1.9229024943310657,-0.005578510844264528,1
0.6037288253318623,0.22070275454348737,0.17556842012465038,0.0,0.2666666666666666,1.2458535243132518,2.756164299799746,0.025141932314680315,0
0.3797353769081012,0.27556018501295837,0.3447044380789406,0.0,-0.33333333333333337,-0.7447605362520444,2.924010578290047,0.012528063789542021,0
0.23694983941444853,0.24439328986725845,0.5186568707182929,0.0,-0.3333333333333333,-0.7699999999999997,2.3728571428571428,-0.008237012838727104,0
0.41438946206514526,0.275850973268218,0.30975956466663684,0.0,-0.06666666666666665,-0.10994296708582407,2.5286882429739572,0.011266748861866793,0
0.4296669666966697,0.2656345634563457,0.30469846984698473,0.0,-0.33333333333333326,-0.43885343655194065,2.2915576943194895,0.02526258207997789,0
0.3290039656728005,0.29096288214188293,0.38003315218531647,0.0,-0.19999999999999996,0.054816257347902964,2.4205705218363445,-0.01384431941019415,2
0.5890755511702118,0.22213350139592714,0.18879094743386104,0.0,-0.06666666666666665,-0.10763799190562273,2.4756738138293297,0.04707600459914585,1
0.410351321514384,0.2616566010779921,0.32799207740762387,-10.0,-0.20000000000000007,0.04187534397358306,2.4276761144744086,-0.0039746904900601066,2
0.5686310284011433,0.21942467919479414,0.2119442924040625,0.0,0.0,0.20922690658018617,3.243017051992886,0.04869378486853959,0
0.562704028623948,0.23063918210265522,0.2066567892733968,0.0,0.0,-0.1939393939393934,3.5463203463203468,0.05905666423634326,0
0.4645283320457149,0.28379998401577106,0.25167168393851397,0.0,0.13333333333333336,-0.6712842712842713,2.7284271284271284,0.009977033143487135,0
0.727758602777361,0.17250574288055964,0.09973565434207946,0.0,0.39999999999999997,1.194182389937107,2.2188155136268346,0.011150239502762171,0
0.33768567018396217,0.2968192514992788,0.36549507831675904,0.0,-0.2,-0.4624830096528205,2.502476559080333,0.007443617561751659,2
0.6430818961013025,0.19967210906785623,0.15724599483084126,0.0,0.0,0.8234637479920501,2.797380816248741,0.058565762068639726,2
0.5723970944309927,0.23680387409200965,0.19079903147699756,0.0,0.39999999999999997,0.19492732972356808,2.9649472784269024,0.02410514628704663,0
0.21109462578305307,0.2368117375535773,0.5520936366633695,-10.0,-0.8,-0.6326086956521739,3.3434032983508244,0.03618752506173098,2
0.2936935624817944,0.2856102534226624,0.42069618409554327,0.0,-0.33333333333333326,-0.7919485233459824,2.727822691525051,-0.00451103569440503,0
0.2503328894806924,0.24900133155792278,0.5006657789613848,0.0,0.0,-0.08771760092361491,1.9323671497584543,-0.016419544102727945,0
0.6534941790846918,0.2044850494728904,0.1420207714424178,0.0,0.3333333333333333,0.3636983861824714,2.9141019659778973,0.02999437675585004,1
0.3738027066554061,0.2708715265618885,0.35532576678270544,0.0,-0.39999999999999997,-0.6448916408668731,2.4975232198142416,0.008893497929093275,0
0.5085030208100246,0.25990154396956816,0.23159543522040726,0.0,0.4,0.3402880603042132,2.2301790281329925,-0.011078420872937589,0
0.6965070191537965,0.18052599722748308,0.12296698361872035,10.0,0.4,1.4477502579979362,3.091197110423117,0.03048342354409994,0
0.39894997037854185,0.28324242609956896,0.31780760352188925,0.0,0.06666666666666665,0.6672584381562712,2.676394812617723,0.004590221422936636,0
0.4410493274241161,0.24933988643710034,0.30961078613878357,0.0,-0.06666666666666665,-0.8211788211788213,3.5904095904095907,0.028076759078596192,0
0.49280511956596246,0.26524921449726024,0.2419456659367774,0.0,0.0,0.2793522267206481,2.481781376518219,0.015493043167021547,2
0.5439360272840017,0.23330921868540722,0.22275475403059114,0.0,0.4,1.1803147506001606,3.207522005868232,0.016635585621695315,0
0.3505163629115643,0.2750364381547968,0.3744471989336389,0.0,-0.4,-0.7564027656052197,2.1114519427402865,0.0052473393321567086,1
0.40777197331094656,0.24509129104516209,0.34713673564389136,0.0,-0.13333333333333336,1.1503067484662581,4.106650662398862,0.0571406923116049,2
0.3074245535869678,0.2425771868147168,0.44999825959831524,0.0,0.19999999999999996,-0.5295726768119404,2.9017608158712456,-0.004018623865651383,0
0.5101942409090432,0.26152814029791294,0.2282776187930438,0.0,-0.33333333333333337,0.4854627900773538,1.9791944518538278,0.013978002741287354,1
0.43370248428614183,0.2702783597725232,0.2960191559413349,0.0,-0.1333333333333333,0.3301197779725389,2.5942156003505703,0.004653086933228856,2
0.4939465291861828,0.2557695726470919,0.2502838981667253,0.0,-0.33333333333333337,0.22860681114551062,2.4577089783281734,0.02599300409776234,0
0.3811476927254102,0.26911004241419456,0.3497422648603952,-10.0,-0.4666666666666667,-0.3958548331613345,2.5281217750258,0.029716760687767574,1
0.5218661083006841,0.23295270171028049,0.24518118998903538,0.0,-0.2666666666666666,-0.28338509316770133,2.7600931677018634,0.03930599134247914,2
0.6735995562950639,0.1924570160843039,0.13394342762063227,0.0,0.1333333333333333,0.5706521739130437,2.5892857142857144,0.04125538182096511,0
0.3357064554670083,0.27051128875312547,0.39378225577986614,0.0,-0.26666666666666666,0.3831195216810823,2.6818366517675747,-0.008231942160239258,0
0.5802474176295268,0.22349242640754505,0.1962601559629282,0.0,-0.20000000000000007,0.24662512980270002,3.7512980269989624,0.0656934059466382,0
0.5543639323143897,0.2244172063344999,0.2212188613511104,0.0,-0.3333333333333333,0.31483819678264147,3.19082023943135,0.04772738154805156,0
0.2995653841237377,0.27169883676339,0.4287357791128723,-10.0,-0.4,-0.9005663322185061,2.5926778149386847,-0.011950147994360949,1
0.27181550118143294,0.2807943916108497,0.44739010720771744,0.0,-0.39999999999999997,-0.4381270903010037,2.449275362318841,0.010879642852093308,0
0.24918821755769452,0.26026324944914764,0.4905485329931578,0.0,0.1333333333333333,-0.4349011588275391,2.464439900022722,-0.005544945950434754,1
0.4155749281644183,0.2903862075683047,0.2940388642672771,0.0,0.1333333333333333,-0.011326097215667685,2.253893345917886,-0.003418045687138438,0
0.6158522901152709,0.21668876874426193,0.1674589411404672,10.0,0.2666666666666666,1.0967905982905983,2.7343119658119663,0.036172598014173274,0
0.6308737770494963,0.21220299773483056,0.15692322521567303,0.0,0.19999999999999996,0.5564102564102564,2.3656410256410254,0.029744434864619862,1
0.4712840772606755,0.2744536685223934,0.2542622542169312,0.0,-0.1333333333333333,0.13888888888888884,2.133190883190883,-0.0036826508855855034,0
0.691762621789194,0.18866253321523474,0.1195748449955713,0.0,-0.33333333333333326,0.670403964054758,2.623036869068615,0.062460253321689696,0
0.3655487599973116,0.31615027891659386,0.31830096108609446,0.0,0.2666666666666666,-0.1032391276293716,2.374499935475545,-0.014666048253350661,2
0.6579297670064669,0.1987787806700389,0.1432914523234943,10.0,0.2666666666666666,1.3664381584644256,3.1149227882811377,0.030353151236526377,2
0.5280063169376236,0.254651547950843,0.2173421351115334,0.0,0.0,0.38474522419476564,2.291095754398507,0.006865658537137942,1
0.34338750047645067,0.31448282871917366,0.34212967080437573,-10.0,0.06666666666666665,-0.28033205619412493,2.3790455720649164,-0.015228536278096172,1
0.5578429783325228,0.26770050971704396,0.17445651195043319,10.0,-0.06666666666666665,0.4916557448667541,2.384010484927916,0.025819470524790722,1
0.2923662675093471,0.2817668862099145,0.42586684628073845,0.0,0.26666666666666666,-0.5987445678416222,2.2984065668759053,-0.024810499734154334,1
0.34555694618272836,0.2827284105131414,0.3717146433041301,0.0,-0.06666666666666665,-0.3186866248189282,3.2222758731691616,0.005104265352270876,2
0.4576184853325925,0.2637123474797991,0.27866916718760854,0.0,-0.2666666666666666,0.24956317920306859,2.540634988280418,0.018425734654229253,2
0.46895462672289767,0.2681665825225765,0.26287879075452575,0.0,0.0,0.46025641025640995,3.0480276134122284,0.01943871993116314,1
0.38628124124492463,0.2882160344892472,0.32550272426582816,-10.0,-0.1333333333333333,-1.2621855921855922,2.907484737484738,-0.011459144830650858,2
0.6953301662455866,0.18597653149083557,0.11869330226357785,0.0,-0.1333333333333333,0.7942612942612942,2.3083028083028085,0.049492336814747295,0
0.5881708777733418,0.22889408543888673,0.18293503678777165,0.0,0.26666666666666666,0.9821289821289825,2.846930846930847,0.031455628361811705,0
0.3148698021161116,0.31380963443221893,0.37132056345166947,0.0,0.33333333333333337,0.025960539979231534,1.6874350986500521,-0.030395217418234477,0
0.3869675813173134,0.2869513449153001,0.3260810737673865,0.0,-0.1333333333333333,-0.47237378378259565,2.577127858358211,0.013786994763850091,2
0.30696512276209553,0.2925310260804923,0.40050385115741216,0.0,-0.4,0.15434155007772565,2.8747501665556294,0.0020234217274715527,1
0.6624747234010386,0.19748189429079582,0.14004338230816557,0.0,-0.13333333333333336,0.6027727546714887,2.7473747660289964,0.05616095831441337,0
0.41119151067477266,0.2745308027152159,0.31427768661001143,0.0,-0.19999999999999996,0.35944291107515647,2.45328511151296,-0.007773846716542299,2
0.3437876960193003,0.28950542822677927,0.3667068757539204,0.0,0.19999999999999996,-0.23070284146233466,2.5310923253961226,-0.018150888762494988,0
0.6758579523872279,0.1984433987860371,0.12569864882673507,10.0,0.2,1.775743735649396,2.9986647698911852,0.021402099316758405,0
0.3874225996516463,0.29925912344886785,0.3133182768994858,0.0,-0.33333333333333337,-0.22396925227113906,1.9458420684835782,0.020872636538938616,1
0.5267803536658585,0.27183709212494733,0.20138255420919426,0.0,0.1333333333333333,0.7606443735475998,2.1785812753554694,0.022356722871765267,0
0.31544922204527404,0.28380841861824047,0.4007423593364855,0.0,-0.06666666666666665,-0.7222222222222221,2.5317460317460316,-0.014289793573683207,2
0.3179972936400541,0.2841677943166441,0.39783491204330174,0.0,0.06666666666666665,-0.4584662649178777,2.7980621529008625,0.0031944993935013044,2
0.6628719780119325,0.20909384541315992,0.1280341765749075,0.0,0.2,1.2399053188526874,2.2981063770537453,0.021945700651805677,1
0.1934267110474015,0.24153283607473458,0.5650404528778639,-10.0,-0.4666666666666667,-1.599516031457955,3.090139140955838,0.014250323895392158,2
0.6229129538734183,0.2143049153234237,0.16278213080315806,0.0,0.06666666666666665,-0.041631409713995815,2.699949229988154,0.031242396592353283,0
0.5262134223490457,0.24078660457102857,0.2329999730799257,0.0,-0.2,0.3697749196141482,3.5267465653317744,0.04887575268565314,0
0.2805122757318224,0.24147190745986777,0.4780158168083096,0.0,0.0,-0.6199663145000767,2.711835859745828,-0.00698032523447506,1
0.38369016117392346,0.29348087563146497,0.32282896319461146,0.0,0.0,-0.03957457333663106,2.147441321582462,-0.00847599474171401,1
0.6276515371651071,0.2164816644388911,0.1558667983960016,0.0,-0.06666666666666665,0.5614147909967848,2.4049303322615225,0.041052761071526334,0
0.18554412961455946,0.24657838277724345,0.5678774876081971,-10.0,-0.06666666666666665,-1.3359137393322535,2.597311606991756,-0.013697774481227692,1
0.4638227096323412,0.27000630359000843,0.2661709867776504,0.0,-0.19999999999999996,0.888671419917051,2.1562048557714713,0.0020832458693613165,0
0.49018230545619595,0.27864529863730186,0.2311723959065023,0.0,0.06666666666666667,-0.0224850099933378,2.0561292471685544,0.009609173660583281,0
0.20980803579170063,0.2855185808174519,0.5046733833908473,0.0,-0.33333333333333326,-1.1656871609403252,2.523282097649186,-0.006495477616015571,1
0.5468231765350561,0.23672598275315085,0.21645084071179302,0.0,0.13333333333333333,0.30017152658662116,3.5020011435105776,0.03456898906904149,0
0.4357712540302053,0.2723570337688783,0.2918717122009163,0.0,0.0,-0.33757178014766187,2.2054963084495487,0.016737673996916724,0
0.2974404481295582,0.27079115942430887,0.43176839244613296,0.0,-0.26666666666666666,-0.19011159290076418,2.9975129236819145,0.01037515363272401,1
0.6107253916918025,0.22300951057003765,0.16626509773815976,0.0,0.13333333333333333,-0.016194968553459255,2.3234276729559746,0.038776688327744946,0
0.5675675675675677,0.24324324324324323,0.1891891891891892,0.0,-0.2666666666666666,0.7404848977380469,2.111201408641474,0.044202194605821865,1
0.2359278506761716,0.2812713414968172,0.48280080782701107,0.0,-0.2,-0.12530961102389648,2.2190127332984475,-0.004386919586238741,2
0.48726953467954354,0.2528533801580333,0.2598770851624232,0.0,0.0,0.03449883449883462,2.892973692973693,0.009374187580880822,0
0.4546232282827349,0.26911604892598673,0.27626072279127845,0.0,0.0,0.44737484737484756,2.733089133089133,0.006000354169562461,0
0.438360183823092,0.2820867648166725,0.27955305136023534,0.0,-0.5333333333333333,-0.18710622710622693,2.4854212454212457,0.03005222167659033,1
0.5381519075953798,0.2537626881344068,0.2080854042702135,0.0,0.19999999999999996,0.38374652455977765,2.0056186283595925,-0.007831071552484414,1
0.6270201958830535,0.2172697888059883,0.15571001531095827,0.0,0.4666666666666667,-0.1272986683576407,2.104787571337984,0.01976589993216471,0
0.5277418322016035,0.260922637708614,0.2113355300897824,10.0,0.0,0.4919243407195216,1.7201238520515632,-0.0028753507453521676,1
0.4196012444465966,0.2861500841333059,0.2942486714200976,0.0,0.06666666666666665,-0.5486851457000712,2.8002842928216065,0.013195434599115596,0
0.31524989846528745,0.28632788943177484,0.3984222121029378,0.0,0.26666666666666666,0.3882767978290367,2.589633649932158,-0.030830149464924905,2
0.41514467473835415,0.26164580340652577,0.32320952185512003,0.0,0.5333333333333334,-0.24179104477611912,2.802985074626866,-0.014797531397927333,0
0.27155990957045967,0.25663903541823657,0.47180105501130365,0.0,0.06666666666666665,-0.5126112759643917,2.715875370919881,-0.003115158215617586,1
0.6358474417051124,0.2178777947101434,0.14627476358474417,0.0,0.4,0.5401942271378478,2.3529808470461293,0.021167957174795804,0
0.5417770286539851,0.24993980255237178,0.20828316879364314,0.0,-0.06666666666666668,0.49795110922707364,2.219019358485234,0.017524233305240555,1
0.2868847704960502,0.2642572393019956,0.44885799020195427,-10.0,-0.4666666666666666,-1.4708744247205785,2.6757396449704145,0.00815788385490901,2
0.5818422377220105,0.22737038901272744,0.1907873732652621,0.0,0.2666666666666666,-0.056094674556212754,2.727337278106509,0.016558498300215052,0
0.5505578844716877,0.23575526539089905,0.21368685013741306,0.0,-0.06666666666666676,0.9669176976869286,2.346691769768693,0.023105452657766645,0
0.569356781498434,0.23112503011322572,0.19951818838834018,0.0,0.26666666666666666,0.7947821409359875,2.489241527703067,0.029392007004351628,0
0.3256578947368421,0.3034539473684211,0.37088815789473684,0.0,-0.06666666666666665,-0.7789910979228488,2.259584569732938,-0.023891627074871913,1
0.4512954455353187,0.2638930995079406,0.2848114549567407,0.0,0.0,0.39665671641791,2.4981492537313432,-0.004111661269226463,1
0.25767941889350027,0.2688182986727582,0.4735022824337416,0.0,-0.39999999999999997,0.16501906054144833,2.5556632422304064,-0.004759916387093888,1
0.2681226988438475,0.24953285839067407,0.4823444427654783,-10.0,-0.1333333333333333,-1.3427218934911243,2.533412228796844,-0.029826086914759575,0
0.40061096521785733,0.28720724583311,0.31218178894903265,0.0,0.13333333333333341,-0.5126308602639965,2.327605826126536,-0.0044451428122398995,0
0.35851933315004125,0.28703541703116797,0.3544452498187908,0.0,0.2,-0.13830186907109976,2.4164083779468397,-0.013977097434496766,2
0.5875852279928016,0.23240311256431706,0.1800116594428814,0.0,0.39999999999999997,1.1092214663643236,3.235071806500378,0.044823860175006836,0
0.5543470700197926,0.23637133950082523,0.20928159047938236,0.0,0.19999999999999996,0.353867623604466,2.3873604465709732,0.004897851893696736,1
0.2651268617155062,0.2827485866633646,0.452124551621129,0.0,-0.39999999999999997,0.20306616460462612,2.370898332436794,-0.007333704530562202,0
0.3468095470043838,0.2630297126156844,0.3901607403799318,0.0,-0.7333333333333334,-0.3412228796844181,2.489151873767258,0.03755126761051736,2
0.6373140994888254,0.1997551655114229,0.16293073499975189,0.0,0.2,1.1535771920387305,3.5742334588488434,0.0648216015224673,0
0.7716906570698031,0.14774457200228824,0.0805647709279087,10.0,0.2,1.6466732412886265,2.9932873109796194,0.035092371761433094,1
0.4308661806499444,0.27418756950451,0.2949462498455455,0.0,0.0,0.40748637763563145,2.511253257521914,-0.00740021477822278,2
0.2055951169888098,0.24933875890132248,0.5450661241098678,0.0,-0.4666666666666667,-1.3344869853630397,2.4004614608118824,0.014465044328536847,2
0.3178876417101799,0.26717052508405437,0.41494183320576583,0.0,-0.33333333333333337,0.17869834500964576,2.9485226926591537,0.0035842875119008744,1
0.47657393850658863,0.25109809663250365,0.2723279648609077,0.0,0.13333333333333336,0.1461442786069651,3.2058457711442783,0.01794741292231139,0
0.6055920585539649,0.23974595634270074,0.15466198510333432,0.0,0.26666666666666666,1.1774730807963438,2.32838661841683,0.00920355882465218,1
0.4680529529105966,0.26295109714078463,0.26899594994861875,10.0,-0.6,0.9234418708738953,2.2151952556786396,0.02509605522711733,0
0.6503149152609724,0.20313524468021696,0.1465498400588107,0.0,0.3333333333333333,0.8404697544465396,2.6577016559525704,0.03021377040836004,0
0.46488598753042176,0.2602843551354172,0.2748296573341611,0.0,-0.2,-0.2398914518317501,4.096607869742198,0.03795637450726996,0
0.35848766266443194,0.284392948192756,0.35711938914281194,0.0,0.33333333333333337,-0.2502423723980609,2.624009124607927,-0.02063569278376226,0
0.6825516119844544,0.19938074806368922,0.11806763995185637,0.0,0.33333333333333337,1.9408303532932611,2.9553120799411596,0.024745469421560307,0
0.25255432436321773,0.2669448841559937,0.48050079148078867,0.0,-0.6,-0.8804025287059737,2.1746871371435943,0.002780916186152338,1
0.38033974519110664,0.29702722957781663,0.32263302523107673,0.0,0.3333333333333333,0.09846340950019883,3.045349299529902,-0.017829009885353575,2
0.4869992972593113,0.2656359803232607,0.247364722417428,0.0,0.19999999999999996,-0.17532325224632905,2.344948498794653,0.006416981479158312,0
0.5245380738606049,0.2437800969900461,0.23168182914934904,0.0,-0.13333333333333336,0.2620456466610315,3.1225697379543536,0.03631609859031537,0
0.438593019712446,0.2874471175346185,0.27395986275293543,0.0,-0.13333333333333336,-0.11806142575373357,3.0687517610594535,0.029258140382403652,0
0.6497534595196437,0.20518530300620327,0.145061237474153,0.0,0.6,1.6099537037037035,3.0715939153439153,0.030195451993617617,0
0.49156059767570554,0.2587161040398451,0.2497232982844493,0.0,0.13333333333333341,0.38149350649350644,2.207792207792208,-0.010129431765186714,0
0.5625169671698608,0.2425397832472646,0.19494324958287448,0.0,0.06666666666666665,0.2412539953588162,1.8634791365646484,0.007837905846223125,0
0.41327661226404416,0.2668586124904971,0.3198647752454588,0.0,-0.2,0.06294058408862035,2.706445115810675,-0.002010405190096265,1
0.48226374421403106,0.2628066471278709,0.25492960865809816,0.0,0.0,0.03601361969617667,2.556966998428497,0.007231954595899814,2
0.3006166122597026,0.2782493047999033,0.4211340829403941,0.0,0.06666666666666668,0.15954976368057272,2.5090839548670876,-0.023463810106830574,1
0.35611290999704887,0.286414970425761,0.3574721195771902,0.0,0.13333333333333336,0.4266682113067659,3.0471501390176092,-0.010177228378424663,0
0.25558624061055557,0.2584026179175589,0.48601114147188546,0.0,-0.6666666666666666,-1.51712111604312,2.8772986683576414,0.013991044618632875,1
0.21961450645144157,0.24881856316040987,0.5315669303881484,0.0,-0.4,-0.7205856920504985,2.749755000864703,0.006235255856125221,0
0.5274633207328872,0.26598577712171234,0.20655090214540053,10.0,0.19999999999999996,0.6941097724230255,1.8092369477911645,0.0049203508514307215,0
0.45667557792105673,0.25790218587828273,0.28542223620066043,0.0,0.1333333333333333,0.5923694779116468,2.815547905909352,0.013078188613866892,2
0.5816288817517913,0.23294092030357816,0.18543019794463053,0.0,0.2,0.8509036144578316,2.296686746987952,0.012906654275991802,1
0.6742894923625898,0.19731839881768415,0.128392108819726,0.0,0.19999999999999996,1.1363636363636367,2.681818181818182,0.026059279051840467,0
0.6755651350456349,0.1996316673154124,0.1248031976389526,0.0,0.06666666666666665,0.27220543806646513,2.426283987915408,0.03885839355524434,2
0.5111354280652389,0.26127872440206346,0.22758584753269762,0.0,-0.3333333333333333,0.15274624232984957,3.0425400161378096,0.04180115293598252,1
0.4786485062612137,0.2751176165020465,0.24623387723673984,0.0,0.6,1.137587170342776,2.500511096472299,-0.030668347065386903,0
0.2657715424668964,0.2800945597255914,0.45413389780751223,0.0,-0.5333333333333332,-1.334742962865072,2.3813928901810497,0.011411927655848086,2
0.26166363780323193,0.2699584505289828,0.4683779116677852,-10.0,-0.39999999999999997,-1.0140327757349035,2.0038854762259017,-0.015520479500181206,1
0.6254180602006688,0.2084726867335563,0.1661092530657748,0.0,0.6,0.9557581898007435,3.247455010372944,0.03619540112065589,0
0.5900143743820262,0.23163527290553623,0.1783503527124376,0.0,-0.06666666666666665,0.8208913680038301,2.7136288230513155,0.0542069139656115,0
0.27605187725782937,0.2606729425916551,0.4632751801505156,0.0,-0.39999999999999997,-0.5079066265060239,3.3324548192771086,0.027324596813647073,0
0.5281156928779847,0.2466397826897184,0.225244524432297,0.0,0.39999999999999997,0.009821896280775011,2.367077003666841,-0.006658430433163942,0
0.4750842467057019,0.25363576314640457,0.27127999014789356,0.0,0.0,-0.5846447951711109,2.6245794666847297,0.021152435449780627,0
0.41433684589390335,0.25939093399452123,0.3262722201115754,0.0,0.0,0.1388804780072268,3.182946769212136,0.008465687270960698,0
0.3027166882276844,0.26563173781802507,0.43165157395429066,0.0,-0.13333333333333336,0.10717797443461174,2.0344149459193708,-0.023541308883927803,1
0.42241386200337283,0.2578824958639376,0.3197036421326897,0.0,-0.4,-0.34070796460176966,3.066371681415929,0.02709743216598981,2
0.5312621114802755,0.25477420060089506,0.21396368791882944,0.0,0.6000000000000001,0.8892309007738018,1.9054947873724326,-0.024018476801380806,2
0.4519039821621434,0.2860676584329164,0.2620283594049403,0.0,-0.6666666666666667,-0.47216191260512574,2.089956993004084,0.03662923701375609,2
0.3472017673048601,0.27172312223858613,0.38107511045655373,0.0,0.0,0.2120381250816037,2.8442355398877135,-0.007107745878055682,2
0.41724165791387247,0.27328108588510946,0.30947725620101807,0.0,-0.39999999999999997,-0.8550655919076972,2.843369685474949,0.013051984028059571,0
0.5319164458652377,0.245714683654283,0.22236887048047943,0.0,-0.2,-0.3047619047619048,2.4813077469793887,0.035108757852246875,2
0.640029744614598,0.20627890223781745,0.15369135314758442,0.0,0.7333333333333334,1.6041916167664674,3.026347305389222,0.022689963273434643,0
0.19270072992700732,0.24087591240875914,0.5664233576642336,-10.0,-0.20000000000000007,-1.324783209500731,2.499220956081149,-0.013613013224094861,1
0.4809127920391197,0.26207045408873375,0.25701675387214656,0.0,-0.39999999999999997,-0.405688622754491,1.690119760479042,0.024774900778040176,0
0.5082252785075089,0.25138024528328395,0.2403944762092073,0.0,0.06666666666666665,0.2437624750498999,2.676397205588822,0.019479060912446333,2
0.38643984624192357,0.26719555083012997,0.3463646029279463,0.0,0.3333333333333333,0.7398664210041457,2.8955550437586366,0.00218971280770458,2
0.7034060923864509,0.18095359823481236,0.11564030937873669,0.0,0.4,0.9789511885320271,2.7935039012883327,0.03304070342476939,0
0.5206611570247933,0.24793388429752067,0.23140495867768593,0.0,-0.06666666666666665,0.8072727272727274,2.9260606060606067,0.046908053280136475,2
0.4919324659659423,0.25748531276454284,0.2505822212695149,0.0,0.4,0.6086102719033237,2.711329305135952,0.007878888951876328,2
0.46579387735013295,0.2769957672999311,0.25721035534993597,0.0,0.06666666666666665,0.47681597267831366,2.904242742677,0.012735598345632038,0
0.15972150057154735,0.19588485919152035,0.6443936402369324,0.0,-0.4,-0.8309530348805274,2.670832188959077,0.012810751586330077,2
0.44799110008129733,0.26828120320054766,0.28372769671815495,0.0,-0.06666666666666665,0.45333333333333314,2.815238095238095,0.010159999010572018,2
0.5416066299838506,0.2459263700451605,0.21246699997098897,10.0,-0.13333333333333341,0.6724726153846157,2.1777526153846156,0.031548000881649774,0
0.4447980012256635,0.2796634139442795,0.27553858483005705,0.0,0.19999999999999996,0.40843838435811686,1.8532544378698228,-0.031733984161684825,1
0.4013424523933435,0.2816650343603887,0.31699251324626787,0.0,0.4666666666666666,-0.13532110091743088,2.6077981651376145,-0.0129976522542114,2
0.4034075674972985,0.2704929354317146,0.3260994970709869,0.0,-0.33333333333333337,-0.4718042813455656,2.874984709480122,0.03411327081576221,0
0.4819730981452346,0.249340749440468,0.2686861524142974,0.0,-0.3333333333333333,0.48419093205690755,2.58603909054647,0.025048945648223908,0
0.24594891513320516,0.2348255973633617,0.5192254875034332,0.0,-0.4666666666666666,-0.7872340425531914,3.451718494271686,0.017896016151373484,2
0.6203901061706835,0.2105143955770184,0.1690954982522982,0.0,0.3333333333333333,0.4805326385873496,3.0858300767115363,0.03768236224099797,0
0.462692149170343,0.25747607199010825,0.2798317788395488,0.0,-0.19999999999999996,0.8091585164967712,2.9512919656211016,0.040272066057560896,2
0.33381299669686365,0.2701376851882134,0.396049318114923,0.0,0.1333333333333333,-0.8448402304871659,2.587323205866946,-0.02654474931533718,0
0.5998323905300649,0.22878692646134507,0.17138068300858997,0.0,-0.13333333333333341,-0.062392426850258254,1.8767928858290306,0.037920177903685404,0
0.592115453478011,0.22762589209130352,0.18025865443068542,0.0,-0.33333333333333337,0.3169601482854496,2.399907321594069,0.040579741354106025,0
0.2679988079385258,0.26199323241049166,0.47000795965098247,-10.0,-0.19999999999999996,-0.6238082765845994,1.8422432203731314,-0.02004425603149637,0
0.6908086584395982,0.18916667117514355,0.12002467038525838,0.0,0.2,1.0341866751470823,1.9882334234377486,0.024365375666280165,1
0.29441289289063666,0.2794278055279396,0.42615930158142384,0.0,-0.06666666666666665,-0.20080321285140568,1.9954819277108433,-0.01679165499283164,1
0.15268103407975314,0.19251086905708006,0.6548080968631668,-10.0,-0.5333333333333333,-2.005072036397338,3.022310219900582,0.01543044035247959,2
0.3318633527750117,0.26268620318247404,0.40545044404251435,0.0,0.20000000000000007,-0.5462398373983741,2.837906504065041,-0.004990909140818067,1
0.36651256982081054,0.269838239810104,0.3636491903690855,0.0,0.2666666666666667,0.08750000000000013,2.307012195121951,-0.029318212578000324,2
0.6198334873226784,0.21324546582202236,0.16692104685529938,0.0,0.19999999999999996,0.9015009380863043,2.7307692307692313,0.03414936254665768,0
0.5956686007286466,0.21312913237080017,0.19120226690055322,0.0,0.0,1.1065621370499426,3.626887340301975,0.07188450630706167,1
0.24991188136077438,0.26709779870363565,0.48299031993558994,0.0,-0.6000000000000001,-0.5521064301552105,2.216740576496674,0.006726831589013521,2
0.29644928207876786,0.2745872406275313,0.428963477293701,0.0,0.3333333333333333,-0.2757158006362672,2.43679187363956,-0.024430778134192532,2
0.4385069185450513,0.26637096484685063,0.295122116608098,0.0,-0.06666666666666668,0.5291622481442209,3.040296924708378,0.01975025954260018,2
0.41921211949642295,0.2858847175770713,0.2949031629265057,0.0,-0.06666666666666665,0.0431192660550459,2.587461773700306,-0.0026106856604977136,1
0.5988530279085681,0.22620114371364802,0.17494582837778397,0.0,0.06666666666666665,0.4672190787010546,3.5330352286293545,0.056636724065059596,0
0.29601915594133493,0.27027835977252324,0.43370248428614194,-10.0,-0.1333333333333333,-0.7482451923076925,2.3902163461538466,-0.017641026432496154,1
0.3909402438973858,0.2901699325822211,0.3188898235203932,0.0,0.4,0.006250000000000089,2.44375,-0.03303843559758085,0
0.3580956085932682,0.2851703630742744,0.3567340283324574,0.0,0.39999999999999997,-0.17657342657342645,2.3977272727272725,-0.02464648013379639,2
0.3360970736136042,0.29031295213063646,0.37358997425575924,0.0,0.0,0.005859375,1.6985677083333333,-0.018286975590394994,2
0.4749062606309603,0.2570234432535692,0.26807029611547045,10.0,-0.06666666666666665,0.937106918238994,2.4377905386929175,0.011082297807418595,1
0.5173068276593481,0.25035437381374864,0.23233879852690323,0.0,-0.6,0.20711835334476847,2.368353344768439,0.03873994462193442,1
0.47809580086420206,0.24466521401927832,0.27723898511651957,0.0,0.33333333333333337,0.22150000000000025,1.709,-0.028919135859902523,1
0.3993091537132988,0.27599309153713303,0.3246977547495682,0.0,0.0,0.464975845410628,2.457729468599034,-0.012050946709701804,1
0.2869571592658667,0.3027444463452186,0.41029839438891463,-10.0,0.33333333333333337,-0.41613344271260577,1.5362865736942848,-0.03475352962325218,1
0.44404047483464015,0.28380568575058035,0.2721538394147794,0.0,-0.19999999999999996,0.2699173386074344,1.9028601856077891,-0.004704758004268117,2
0.5120402960271667,0.26696117997997587,0.22099852399285735,10.0,-0.33333333333333326,0.5335610932475885,1.4957797427652735,0.004159488957356183,0
0.4129033561657675,0.2797882443272514,0.3073083995069811,0.0,0.2666666666666666,-0.01582054309327019,1.823612750885478,-0.016755509914936295,2
0.3009072724383914,0.29616110094882686,0.40293162661278165,-10.0,0.06666666666666665,-0.3254762478900409,1.5602242585001207,-0.02078886134151381,1
0.5063893717493659,0.27472737177018386,0.21888325648045023,10.0,-0.06666666666666665,0.46884667698513227,1.6087556868814785,-0.008921773583694614,0
0.49529804256054244,0.25507174398894417,0.24963021345051334,0.0,-0.06666666666666667,-0.4557416267942582,3.061004784688995,0.04901462016445579,0
0.4327979342640816,0.2741476651056939,0.2930544006302246,0.0,0.39999999999999997,0.05943821301888619,2.555843159812099,-0.019332172574894668,1
0.3568731117824773,0.29682779456193353,0.3462990936555891,0.0,-0.06666666666666671,0.797449908925319,2.6408014571949003,0.0033848487432423524,2
0.21319588435507217,0.24703650091936935,0.5397676147255585,-10.0,-0.39999999999999997,-1.307274887146591,2.6185982418626756,-0.010200240551322126,0
0.3976710274999487,0.2789632580969789,0.32336571440307244,0.0,0.26666666666666666,-0.16530054644808734,2.1188524590163933,-0.02093610440780036,1
0.6643496202049728,0.20144794935247556,0.13420243044255178,0.0,0.26666666666666666,0.7424968474148805,3.1636822194199246,0.05978046949576088,0
0.7068266409196432,0.1811672167017338,0.11200614237862294,0.0,-0.13333333333333336,0.9396031061259709,2.3948806442335346,0.04261907819198274,0
0.4412111308392125,0.2664864949798093,0.2923023741809783,0.0,-0.06666666666666665,0.45424739195231,2.667064083457526,0.004390022726572351,0
0.3850088848204189,0.2878681815734209,0.3271229336061602,0.0,-0.19999999999999996,-0.11320465098430477,2.997684741036366,0.018897874033582285,2
0.24811969973330616,0.26715160851966774,0.484728691747026,0.0,-0.3333333333333333,-0.9731773032533075,3.0080025736920417,-0.006132920515426243,1
0.4125973905578015,0.2699124139960258,0.3174901954461727,0.0,-0.13333333333333336,-0.1866442057558566,3.36138462570532,0.027223612042632905,1
0.41305218689682793,0.2948517183194338,0.29209609478373816,0.0,0.19999999999999996,-0.36105682229460756,1.972638436482085,-0.004842537287801263,0
0.6769436055902803,0.19221855467378324,0.13083783973593652,10.0,0.4,0.7977392256516044,1.9423723751956334,0.0232518257589881,0
0.29569381746810597,0.26629244357212956,0.4380137389597645,0.0,-0.13333333333333336,-0.5107860481081508,3.3019565389591534,0.018797593257083633,1
0.46845354615268786,0.25598554434573106,0.27556090950158113,0.0,-0.13333333333333336,1.592012779552716,3.806070287539936,0.04787438208975303,0
0.6732973615167566,0.1937646651155883,0.13293797336765506,0.0,-0.2,1.1828186013489526,2.971955981540646,0.049875975224671576,0
0.25047011844737294,0.2787970961289211,0.47073278542370595,0.0,-0.33333333333333337,-0.7591054313099042,2.361661341853035,-0.009440201860239888,1
0.44378781538076445,0.2863584986096064,0.2698536860096291,0.0,0.19999999999999996,0.09207490237841676,1.8115459708910193,-0.027739446184762206,2
0.6685000202208112,0.19703158490718647,0.13446839487200227,0.0,-0.33333333333333337,0.9921901528013585,2.459083191850594,0.05190350986922154,0
0.5422764201441816,0.23750334350618585,0.22022023634963245,0.0,-0.06666666666666665,1.080198903480811,3.6098431722555144,0.06488150993956421,0
0.26333770741290013,0.2902421790680881,0.4464201135190116,0.0,-0.06666666666666668,-0.08838709677419365,1.8625806451612905,-0.017113521580511853,2
0.29877318434864963,0.27027747601481894,0.43094933963653154,0.0,-0.06666666666666671,-0.4627263952762162,2.617384886163629,0.0022051077618044923,2
0.35339969365806134,0.27789590154120547,0.36870440480073324,0.0,-0.2,-0.29856546530248473,3.1641507031967144,0.011186689891175383,2
0.7646361640792959,0.14536359842620308,0.09000023749450087,0.0,0.0,1.5905459441483967,3.530671338540526,0.04906104149837354,0
0.43567546200217416,0.27961260994169385,0.28471192805613205,-10.0,-0.1333333333333333,-0.28759496278746366,1.9976925652185111,0.019215059924262645,0
0.4080030694952918,0.2592284695688318,0.33276846093587625,0.0,-0.1333333333333333,0.10996784565916373,3.582636655948553,0.022317869627431763,1
0.3142421922093156,0.280371776282563,0.40538603150812136,0.0,-0.13333333333333336,-0.6466237942122184,3.2922829581993573,0.011815929040863982,2
0.5781593294816503,0.23069411668972253,0.19114655382862722,0.0,0.19999999999999998,0.9461414790996785,2.3019828510182205,0.014775602953580713,0
0.7038941763120548,0.1887458174385147,0.10736000624943037,0.0,0.4666666666666667,0.7261521972132906,2.4487061705711226,0.034472271194077586,0
0.16519998853411236,0.22942198896668903,0.6053780224991987,0.0,-0.4666666666666667,-1.0258632741507059,2.354536558087516,0.010687472779639107,2
0.4828699097140885,0.2471682387454701,0.2699618515404414,0.0,0.1333333333333333,0.23250061835270852,2.2112292851842694,-0.003789954990024602,1
0.2797786645467753,0.2781182570420467,0.44210307841117796,-10.0,-0.13333333333333336,-0.9779349767774204,2.1487531261164703,-0.020355110070858107,2
0.2488272240161811,0.2481672048543345,0.5030055711294843,0.0,-0.5333333333333334,-1.590740740740741,3.4648148148148152,-0.007380360704045963,2
0.6495983084794604,0.2007342412468719,0.14966745027366768,0.0,0.4,0.7799999999999999,2.4466666666666668,0.032816390115306016,0
0.5148055925340911,0.24918781340745902,0.23600659405844987,0.0,0.4666666666666667,-0.08904006046863144,2.8860166288737714,-0.004266522600233302,0
0.12612266240157477,0.19880351870078738,0.6750738188976377,0.0,-0.6666666666666666,-0.8319266939956595,1.9893899204244032,0.029333170420656113,2
0.31162928442449994,0.29590036155133903,0.392470354024161,0.0,-0.19999999999999998,-0.8961598746081505,3.0771943573667713,-0.006182335821550311,0
0.3133342902253481,0.2646524089756471,0.42201330079900484,0.0,-0.13333333333333341,-0.5816987610091053,2.9436035229138677,0.006705676115191905,1
0.4296211762741114,0.27305369220920195,0.2973251315166866,0.0,0.13333333333333333,0.6037036164077907,3.274958556265272,0.021072326272025432,0
0.3187270993324299,0.31235255734578127,0.3689203433217889,0.0,-0.19999999999999996,-0.5337331334332833,2.794602698650675,0.008747684559704094,0
0.6364572605561277,0.21215242018537592,0.15139031925849644,0.0,0.2,0.820420958351993,2.2534706672637705,0.022308888143024674,1
0.4548566637049346,0.2797029036513926,0.2654404326436729,0.0,0.2666666666666666,0.17098888572242799,2.023368481048732,-0.02547907549435796,1
0.6811938876401096,0.18914437926425576,0.12966173309563464,10.0,0.3333333333333333,2.0416469737159395,3.128697853870268,0.035099097638848,2
0.6395482109738055,0.2021797570175256,0.15827203200866902,0.0,0.06666666666666665,1.3746188130424584,3.6265540699038237,0.0666242632573737,0
0.5638082255663373,0.25159184259143,0.18459993184223267,0.0,0.0,0.752855659397716,3.245067497403946,0.06484955609243603,1
0.47301394784718015,0.2601576713159491,0.2668283808368708,0.0,0.26666666666666666,0.14029287727552076,3.0393964439358303,0.006051804919145254,0
0.3659864284794162,0.2882846944330171,0.3457288770875666,0.0,-0.39999999999999997,0.0031152647975078995,3.492211838006231,0.015749864779995515,0
0.6271884205549697,0.21783467287340438,0.154976906571626,0.0,0.26666666666666666,0.6425475453339232,2.5956656346749227,0.038116279894613414,1
0.5801246812621293,0.23118830119604664,0.1886870175418239,0.0,0.4666666666666667,0.9077453696159907,2.3335234370756615,0.006270658162217613,0
0.48464429944903387,0.256967993938636,0.2583877066123302,0.0,-0.06666666666666665,-0.15245332582793858,2.732432685993058,0.030359890970246384,2
0.3914760511535969,0.2870023810604591,0.3215215677859439,-10.0,0.4666666666666667,0.20268185758513946,1.5466818575851393,-0.04779857351017153,0
0.45658906676207955,0.2728885092892895,0.27052242394863096,0.0,-0.06666666666666665,-0.007367043910121884,2.6955759631139733,0.005203557918450452,2
0.30589878586010527,0.2666809928011174,0.4274202213387773,0.0,-0.33333333333333337,-0.8240379252649193,2.38845510317903,-0.01431132369605398,0
0.483082479107715,0.26700285170056043,0.24991466919172456,0.0,0.26666666666666666,-0.4035108622264585,2.7101950037729856,0.026485066034471372,0
0.36758381695962594,0.3023673333054987,0.33004884973487536,0.0,0.3333333333333333,-0.3720984418232125,2.8991990680064075,-0.014363520592614865,0
0.6407634628493524,0.19904567143830948,0.1601908657123381,0.0,0.2666666666666666,1.2187934389769253,3.545732554906867,0.0483018535159947,0
0.2932408121305577,0.2878437419686456,0.4189154459007967,0.0,0.0,-0.049558206718158804,3.0810699737704126,-0.012113614889111501,0
0.680437347843643,0.1820701497159748,0.13749250244038214,0.0,0.33333333333333337,1.1988826667725754,3.4494353760408814,0.043405387113343186,0
0.23058096096869768,0.2621409249001675,0.5072781141311349,0.0,-0.6000000000000001,-0.8709480122324157,2.108868501529052,0.0037272437361995925,2
0.47191074547810896,0.27892038090944943,0.24916887361244153,10.0,-0.2666666666666666,-0.06057066879404327,1.6072926472543545,0.00994649098478595,0
0.15795411443187674,0.21446980675153907,0.6275760788165842,0.0,-0.39999999999999997,-0.9945208970438326,2.2980377166156982,0.011452016307087393,2
0.17432054013895354,0.22943659327112267,0.5962428665899239,0.0,-0.8,-0.9166040570999245,2.6948884686131764,0.016135789723875082,0
0.3547606591681925,0.2675908972011509,0.3776484436306566,0.0,-0.6000000000000001,-0.6108374384236454,2.541871921182266,0.017384369805818867,1
0.6183515649731424,0.22231211026415354,0.1593363247627039,0.0,-0.06666666666666665,1.202126209622461,3.2270877548238865,0.04999018912446063,0
0.20560478261414478,0.24289062402085498,0.5515045933650001,0.0,-0.4,-1.148162182644941,2.792724516862448,0.002154446797120124,0
0.5907247379976422,0.24332962005602365,0.16594564194633413,10.0,-0.4,0.7836194839643119,2.3196696407041237,0.055140723573562256,0
0.4653524038242313,0.27190649176939097,0.26274110440637777,0.0,-0.2,-0.5007802525180873,2.903958008228117,0.041499373632247705,1
0.6712268840723803,0.1937562139590376,0.1350169019685822,0.0,0.4666666666666666,1.1532605097649786,3.0413770274743466,0.027056805730864553,0
0.21488954500427973,0.23846161244097364,0.5466488425547466,0.0,0.33333333333333337,-0.8706971189729811,2.8647857889237205,-0.01869719083908908,2
0.5717120579114204,0.25687884245883,0.17140909962974946,0.0,0.3333333333333333,-0.045169563978341154,2.2802792818466795,0.02124288578010136,2
0.39762835776915917,0.2509098728169025,0.3514617694139384,0.0,-0.4666666666666667,-0.009313504581643262,2.6465374793450507,0.008096248439560194,0
0.5723866291434332,0.24319017404021515,0.18442319681635178,0.0,0.3333333333333333,0.9009463722397478,2.5968454258675084,0.017371433029354844,1
0.620698981955697,0.2125295833907261,0.1667714346535769,0.0,-0.1333333333333333,0.6351759381785484,3.1735401846747724,0.06714796149032021,0
0.1716985007188334,0.2126720065721914,0.6156294927089752,0.0,-0.4666666666666666,-1.4559561843906892,2.460063897763578,0.0203229816683948,0
0.2440837636910505,0.25469610124283526,0.5012201350661143,0.0,-0.4666666666666666,-1.1969365761193576,3.214760689117508,0.005554462522877446,2
0.42734469501898276,0.2736505503191731,0.2990047546618441,0.0,0.26666666666666666,-0.19208211143694975,3.2565982404692084,0.009963644848210829,2
0.30036661060629893,0.2831250226862999,0.4165083667074012,0.0,-0.06666666666666665,-0.2687283391095707,2.4505465209277526,-0.009701702763783626,1
0.6818871286864243,0.1887243164243235,0.12938855488925227,0.0,0.39999999999999997,0.685483870967742,2.298387096774194,0.031390852657213975,1
0.3703099916622074,0.2865089537936956,0.3431810545440969,0.0,0.06666666666666665,0.48548387096774204,2.814516129032258,-0.00821417165445032,0
0.5996894811747961,0.22706689093026264,0.17324362789494113,0.0,0.2666666666666666,1.4177953025887198,2.995028287330705,0.023182683371913093,0
0.29505414741447605,0.2817233877421353,0.4232224648433887,0.0,-0.46666666666666673,-0.40758373005930015,2.098053954731479,0.0070154625478529575,2
0.4402354627595202,0.29031007296525635,0.26945446427522357,0.0,-0.06666666666666665,0.2957088231128735,1.7980456026058633,-0.012471446325377389,1
0.6340305620697481,0.20852560708071716,0.15744383084953478,0.0,-0.06666666666666665,0.7524429967426713,2.5798045602605866,0.057456619700267164,0
0.38701888704135706,0.2699094255446928,0.34307168741395017,0.0,0.13333333333333336,-0.09045698924731171,2.920295698924731,-0.016122911227688275,0
0.6334927824577742,0.21405692192637119,0.1524502956158546,0.0,-0.3333333333333333,-0.18284457478005856,1.7731671554252197,0.0643306134944851,1
0.659764229302689,0.20061353439182403,0.13962223630548706,0.0,0.4,0.7244087116291593,2.596870647988859,0.04032567035271539,0
0.7181731505650292,0.17068100470466874,0.11114584473030213,0.0,0.39999999999999997,1.8484144377260845,3.701977662186782,0.061939126211067785,0
0.45901639344262296,0.26229508196721313,0.2786885245901639,0.0,0.06666666666666665,0.8982652549309538,2.5986850790800835,0.003059017907610928,1
0.5263053701185535,0.2813283960393469,0.1923662338420996,0.0,0.26666666666666666,1.0826065023650946,2.2757546735292182,0.0048923430697909165,2
0.24203389830508473,0.26237288135593223,0.4955932203389832,-10.0,-0.2,-0.5547603833865816,2.0171737527648075,-0.010270633993284206,1
0.2690212136722971,0.2652107148950691,0.4657680714326338,0.0,0.06666666666666665,-0.08394403730846123,2.5243171219187213,-0.01104949529147281,2
0.4623384028991815,0.29700853097637286,0.24065306612444576,0.0,0.2,0.3417460317460317,2.3925396825396827,-0.008326158669555384,1
0.20800711135423436,0.23689698793121136,0.5550959007145544,0.0,0.0,-0.952118588482225,2.5451921815558185,-0.005539170999990128,2
0.5609509931743232,0.2336130071324488,0.205435999693228,0.0,-0.19999999999999996,0.3392002303566932,3.1956232228341075,0.045145181331156414,2
0.16719932369739582,0.2208292954493907,0.6119713808532135,0.0,-0.6000000000000001,-1.4351997209140068,2.9650561079132514,0.007502373551289743,2
0.34187991344812324,0.2964401781164106,0.36167990843546627,0.0,-0.1333333333333333,-0.26951183864367145,2.6489330605086234,-0.004839148647828084,0
0.3885408370214058,0.2770365139708841,0.33442264900771,0.0,0.26666666666666666,0.03304080136031429,2.537694719112895,-0.023794216639627108,2
0.5715612290476526,0.2409666878247173,0.18747208312763008,0.0,0.06666666666666665,0.14810484263860446,2.6814771509305277,0.026734403896149117,0
0.36808735470236,0.2905952800281789,0.34131736526946105,0.0,0.0,-0.4118673223153555,1.8346817084956755,-0.011286587056580422,2
0.7650057009298753,0.15127926240253162,0.08371503666759313,10.0,0.1333333333333333,1.0886585209003217,2.132311254019293,0.009493022086143665,0
0.2921705919796308,0.27498408656906426,0.4328453214513048,0.0,-0.2,-0.8362767805442964,2.4063404748118122,-0.01927166317135659,0
0.7052351557363403,0.1746671800985722,0.12009766416508742,0.0,0.5333333333333333,1.9439911564983947,3.649523608990893,0.034033518044874866,0
0.5414086378313122,0.25802670618406887,0.20056465598461887,0.0,0.26666666666666666,0.6200540436209226,2.086952325805829,0.007655838056522257,0
0.23282442748091606,0.25572519083969464,0.5114503816793893,0.0,-0.06666666666666665,-0.39477176220806787,2.131767515923567,-0.002601610660158793,1
0.7504754181752151,0.15608889729101813,0.09343568453376683,0.0,0.4,1.4068476213586623,3.0546215088801842,0.02304751486670531,0
0.46424750222275796,0.28766256272698504,0.24808993505025695,0.0,-0.33333333333333337,0.1327664243587987,2.3777259635166645,0.010053032071601353,1
0.39571845604930256,0.2967888420369769,0.3074927019137204,0.0,0.26666666666666666,0.4334384858044167,2.64794952681388,-0.02033687574561749,1
0.3072931962799804,0.25677924620655895,0.4359275575134606,-10.0,0.06666666666666665,-0.6783693278330502,2.603649599611745,-0.015586726914884108,1
0.27626072279127845,0.26911604892598673,0.4546232282827349,0.0,-0.13333333333333336,-0.14392971246006392,1.7570287539936102,-0.01642359224252954,1
0.2520465316673848,0.2671262386902198,0.4808272296423956,0.0,-0.4666666666666667,-1.230031948881789,2.523961661341853,-0.011810388101887725,0
0.5128140746728119,0.2599583813438355,0.22722754398335254,0.0,-0.3333333333333333,-0.1498397435897436,3.234775641025641,0.05763183432345054,1
0.5818421052631578,0.23302631578947372,0.18513157894736845,0.0,0.2,0.8554292929292935,2.6862373737373737,0.02421790366017562,0
0.5066320898529901,0.25608452629181194,0.2372833838551979,0.0,0.06666666666666665,0.350234560760877,1.8764860870124032,-0.006770565059828149,0
0.30341223486012914,0.2976329541961266,0.3989548109437442,0.0,-0.2666666666666667,-0.29339250493096636,1.9748520710059174,0.003675260707059147,2
0.34996723953394676,0.26721145354728704,0.38282130691876626,0.0,-0.5333333333333333,-1.1228499974480683,3.24022427835014,0.017769621724737616,2
0.3887059015125297,0.2668892372208538,0.3444048612666164,0.0,-0.19999999999999996,-0.402436960568624,3.425621932645118,0.017696441984209388,2
0.4758168964429518,0.2748854211122038,0.24929768244484443,10.0,0.0,0.4577749196141483,2.179743754637646,-0.003961837708312321,0
0.6251552556356866,0.20341277298341212,0.17143197138090127,0.0,0.2666666666666667,1.0588842975206614,2.7560507674144037,0.03888690711576204,1
0.5488581197226997,0.24441338143901473,0.20672849883828556,0.0,0.39999999999999997,1.221221959858323,3.6002066115702474,0.03173344987822968,0
0.27791529257648573,0.26386339576082074,0.4582213116626936,-10.0,-0.1333333333333333,-0.6342348128062414,1.7239784025498313,-0.011575725150900829,2
0.4125611467603371,0.2872741727441611,0.30016468049550166,0.0,-0.06666666666666671,-0.2737285390346613,2.64172335600907,0.0031193076031161837,2
0.43221375556655117,0.28947649678377035,0.27830974764967836,0.0,-0.06666666666666665,0.3674808962888617,1.53987303190212,-0.016687724511950386,1
0.6580675383591252,0.21531242038478288,0.12662004125609186,0.0,-0.06666666666666671,0.5289902280130294,2.5667752442996745,0.04517924601081291,0
0.5036335873545505,0.2511416816298831,0.2452247310155665,0.0,0.0,0.0563569618944213,2.6053461558347557,0.006305663461444455,0
0.8149890293216313,0.1196982610114784,0.0653127096668903,0.0,0.8666666666666667,2.0436824961426368,2.636173495628322,-0.03586486081439866,0
0.1930890686816124,0.2381758562925473,0.5687350750258403,0.0,-0.33333333333333337,-1.2076591154261056,1.8128371089536137,0.010863763722964909,2
0.6824638282710667,0.19978107793405156,0.11775509379488178,0.0,0.2666666666666667,0.9040941079776035,1.864694097703807,0.014695936180023295,0
0.5574597240600738,0.24199801974700877,0.20054225619291735,10.0,0.4666666666666666,0.8538886058753611,2.466004415011038,0.002282074526941069,0
0.3618503712164478,0.26624785836664766,0.37190177041690464,0.0,-0.8,-0.5463576158940393,3.6258278145695364,0.060338287649572386,1
0.5512630483458955,0.23428679554700557,0.21445015610709892,0.0,-0.1333333333333333,-0.229351222728706,3.067572603996445,0.052024582818624876,0
0.1998296686280582,0.26269742954475067,0.537472901827191,0.0,-0.6,-1.4421803362200714,2.551706571574121,0.021119884176924508,1
0.26226487230463374,0.2819544272824591,0.4557807004129072,0.0,-0.1333333333333333,-0.6840675057208239,1.4612414187643024,-0.018627640132678508,2
0.47826795207842787,0.26630829149821555,0.25542375642335663,0.0,-0.06666666666666667,0.3530132148553201,1.6175381635907953,-0.0053127649458064585,0
0.5522724992475168,0.23239189324771745,0.21533560750476569,0.0,0.0,0.6302083333333334,2.1680372807017543,0.02440746454989673,2
0.3736781146137577,0.3210293080874207,0.30529257729882164,0.0,-0.2,0.23344370860927133,2.9486754966887423,0.00878415573875807,1
0.51122372072507,0.26059593563422795,0.22818034364070203,0.0,0.2666666666666667,0.8088269346547495,2.5686565090538607,0.02022515705925909,1
0.6473780997492338,0.2036221788799108,0.14899972137085538,0.0,0.0,0.5918874172185431,3.050496688741722,0.05789119313475477,2
0.3318784745928021,0.26816541500048763,0.39995611040671025,-10.0,-0.20000000000000007,0.16243690084749707,2.583360348261011,-0.011210628189080751,0
0.6292100318444589,0.21453614358083375,0.15625382457470727,0.0,-0.1333333333333333,0.46111111111111136,2.441666666666667,0.03858920800338528,0
0.6203655050521558,0.21145641368594928,0.168178081261895,0.0,0.2,0.9624561403508771,2.997543859649123,0.045011547070964664,0
0.5093969067946864,0.2823163579825973,0.2082867352227162,0.0,0.2,0.7581456953642385,1.7594701986754968,0.003043478031924729,2
0.3298837463091615,0.2762044384777891,0.39391181521304935,-10.0,-0.2666666666666666,-0.44404482934284273,2.673632195618951,0.014282075235856673,1
0.4961809270270943,0.2734058169332968,0.23041325603960885,0.0,0.0,0.3285729302758631,2.5390818579087266,0.011600612883076955,0
0.4307733696254213,0.28116345682138283,0.28806317355319583,10.0,0.0,-0.18071140447378053,2.6942427576090946,0.012523672323307922,0
0.2840532148338901,0.280661534656769,0.4352852505093408,0.0,-0.19999999999999996,-0.9831752406009835,2.7095017194027102,-0.005062506130644295,0
0.42394258350426295,0.31652469917041254,0.25953271732532446,0.0,0.1333333333333333,0.00599943534726155,1.9117024280067758,-0.010334304659061544,0
0.26747536551527873,0.30383124043968557,0.42869339404503576,0.0,0.0,-0.2497048406139315,2.743211334120425,-0.008451495650908192,0
0.42657114816889774,0.27360248570599854,0.2998263661251038,-10.0,-0.19999999999999996,0.5617773362035657,2.406188662582106,0.006056662926058609,2
0.7678642605700283,0.15458653430617733,0.07754920512379426,0.0,-0.19999999999999996,0.9676847770714744,2.852554873862101,0.04277621952066091,0
0.5053071258189848,0.2693040842473673,0.22538878993364794,0.0,-0.19999999999999996,0.07116905813097874,1.7727878955114056,0.022850198261185728,2
0.6805724014795954,0.19285213840694898,0.12657546011345572,0.0,-0.20000000000000007,0.2673547950420918,2.6363213333897377,0.05269647897854857,1
0.3097150842839482,0.3056797085929522,0.38460520712309965,0.0,-0.06666666666666676,0.14192343604108326,2.651727357609711,-0.01625481403016582,0
0.3744203727995054,0.3039126402593388,0.3216669869411558,10.0,0.1333333333333333,-0.3617479275459734,2.1852420591834276,-0.0024284314427784337,1
0.5888061752842773,0.22834190700048806,0.18285191771523457,0.0,0.06666666666666676,0.035080051527419887,2.6850616488774386,0.030850286750785716,0
0.4231272761895694,0.3100140439408727,0.266858679869558,-10.0,-0.1333333333333333,0.5308073699699314,2.0691926300300683,-0.009217470032027664,2
0.48811506051729564,0.2904360640461167,0.2214488754365878,10.0,-0.06666666666666676,0.1277360962248426,2.517923067762296,0.008486986146814923,0
0.42134342539142655,0.2973404552604054,0.281316119348168,-10.0,-0.2666666666666667,0.0480160775018037,2.5183860661651036,0.004041215143530508,1
0.4570379427581422,0.26244475704599196,0.2805173001958657,-10.0,-0.5333333333333332,-1.177002427184466,2.2890169902912625,0.007658637104298205,2
0.5123192092448579,0.25270731884584635,0.23497347190929574,0.0,-0.13333333333333336,-0.024571497063406333,1.8132965759718727,0.021582343730687792,1
0.36669147488270926,0.2694706803893108,0.36383784472798,0.0,0.39999999999999997,-0.6598197330765732,2.7957420631736607,-0.01715192794386544,2
0.27106554409533123,0.27584905369701357,0.45308540220765514,0.0,0.1333333333333333,0.1286474631576131,2.201449624221028,-0.03257272546123993,2
0.6851708289495542,0.20767345921701091,0.10715571183343485,0.0,0.0,1.3552693208430915,2.46768149882904,0.024042571242705257,1
0.5394584896116662,0.26292934787795497,0.19761216251037877,0.0,0.33333333333333337,0.6183891660727016,2.260584461867427,0.009290113699874869,0
0.6371218601316414,0.22246297729062064,0.14041516257773806,0.0,0.13333333333333333,1.2102637205987175,1.8945117605131863,-0.009140757110707054,0
0.7328197404396677,0.17935167643647698,0.0878285831238553,0.0,0.26666666666666666,1.5474817377931571,3.134783325094744,0.03788578124639408,1
0.3738027066554061,0.2708715265618885,0.35532576678270544,10.0,0.2666666666666666,0.6986711574383251,2.6980710974323245,-0.0047175443007179685,1
0.3358433174771766,0.28480329962350237,0.37935338289932097,0.0,-0.2,-1.0005085176709887,2.7625222476481057,-0.0022347179722957966,2
0.6746548075613308,0.20080731959534254,0.12453787284332664,0.0,0.3333333333333333,0.6944444444444444,1.4985380116959066,0.01440363205803974,0
0.3573243155448571,0.28805837130077716,0.3546173131543658,0.0,-0.33333333333333337,-0.6497221314154954,1.9982020268061458,-0.010066797310816944,0
0.1833323254749173,0.23837867256407821,0.5782890019610045,0.0,0.2,-1.630528226191613,3.269653262011653,-0.01945453013771059,0
0.22162972837860356,0.28495250791534743,0.493417763706049,0.0,-0.39999999999999997,-0.8237986270022886,1.922196796338673,-0.0027128556986791286,0
0.367788792079703,0.2996362363588634,0.3325749715614335,0.0,0.0,-0.1566080977845683,2.089381207028266,-0.014827552503236308,2
0.538530711185831,0.2415060405833366,0.21996324823083238,0.0,0.06666666666666671,0.4918620340698263,2.722423680215888,0.025264313362476365,1
0.6789103210783013,0.19600339813557646,0.12508628078612224,0.0,0.2,0.7134502923976612,2.1169590643274856,0.03566639411170147,0
0.3701687801759117,0.2789996147319928,0.35083160509209543,0.0,0.13333333333333336,0.7240245167651411,2.7724841251738326,0.0032234565206516463,2
0.6097368176322886,0.221984562447689,0.16827861992002233,0.0,0.06666666666666665,1.1022243151566884,2.750410206979774,0.043511645408426114,0
0.3060341574069292,0.2707564447375425,0.42320939785552814,0.0,-0.33333333333333337,-0.925927288513469,1.8583295930305286,-0.01735239186650822,0
0.5346422870787318,0.25294903904800214,0.21240867387326595,0.0,-0.19999999999999996,0.6771215283653937,2.843308700475734,0.05169574845262215,0
0.7300995075536946,0.17637235294836445,0.09352813949794102,0.0,0.06666666666666665,1.7147425610261386,2.912214564574204,0.04780686398556333,1
0.5528655680936893,0.2677696483644649,0.17936478354184573,0.0,0.06666666666666671,0.6410786665563736,2.0886756555546366,0.020162649573058244,1
0.5194240023841857,0.2507086518174337,0.2298673457983805,0.0,0.0,0.95920533818623,2.794206854716409,0.029929531492109307,2
0.3330022558163025,0.30984646981583114,0.35715127436786637,0.0,-0.1333333333333333,-0.005527188503448022,1.7079012475654052,-0.013941501933646294,1
0.17544644855211924,0.23900102940518284,0.5855525220426979,-10.0,-0.7333333333333333,-1.2227958431109625,2.162386858866913,0.027536569549219347,2
0.6568415876744885,0.20643592755483922,0.13672248477067225,10.0,0.33333333333333326,0.586962962962963,2.5158518518518522,0.03309701384033081,0
0.39283588950131126,0.29524458361891004,0.31191952687977875,0.0,-0.19999999999999998,0.02539682539682553,1.5809523809523809,-0.005141347061954349,2
0.3408709280197022,0.2986678607410724,0.3604612112392253,0.0,0.26666666666666666,-0.1749829118250169,1.9393939393939394,-0.02736602475326283,0
0.6444280929207934,0.20233656250846416,0.15323534457074242,0.0,0.06666666666666665,0.541847041847042,2.410533910533911,0.03637112970544265,0
0.27868780850041497,0.2944131393875858,0.4268990521119993,0.0,0.3333333333333333,-0.8204585537918871,2.636331569664903,-0.030392705858387964,2
0.35661033281139026,0.2894707331154186,0.3539189340731911,0.0,0.0,-0.3124999999999998,2.3011363636363633,0.006040761460028965,1
0.4830760515507719,0.26837558419487323,0.2485483642543549,0.0,0.5333333333333333,0.6881578947368424,2.4381578947368423,-0.0025157276221480784,0
0.26760137297108616,0.28724184071208325,0.44515678631683053,0.0,0.1333333333333333,-0.6093749999999999,2.275240384615384,-0.020116107908083186,1
0.23469232967273312,0.2673625687464943,0.49794510158077243,0.0,-0.19999999999999996,-0.49605263157894763,2.4644736842105264,0.003326038929940739,2
0.4091195070013552,0.2949764470542686,0.29590404594437636,0.0,-0.19999999999999996,-0.24921875000000004,1.53828125,0.006292259681244583,2
0.26532278813777366,0.2660722875392928,0.4686049243229336,0.0,-0.06666666666666665,-1.1127387152777777,3.0343967013888884,-0.008547931384587037,2
0.7069759745325317,0.1884324741740014,0.10459155129346687,10.0,0.06666666666666665,1.45425,2.9636249999999995,0.03871745907573754,0
0.6427787284161871,0.21673370519344876,0.14048756639036425,0.0,-0.13333333333333336,1.117897727272727,2.1633522727272725,0.02206382981720789,1
0.5375936224243789,0.2542672538493684,0.2081391237262529,0.0,0.39999999999999997,0.3040209218698924,2.330827067669173,-0.0038011062913372307,1
0.5738234676497351,0.2329382393429618,0.193238293007303,0.0,-0.2,0.730052556139513,3.138079311992356,0.06995722622532519,0
0.44731494920174164,0.2722786647314949,0.2804063860667634,0.0,-0.39999999999999997,0.19955341101586166,2.4684307787074586,0.016248299676622835,0
0.3526228246567861,0.2960701074948487,0.35130706784836524,0.0,-0.13333333333333333,-0.23074534161490667,1.9524844720496892,0.006569766007057054,2
0.320633159295956,0.3020756130987624,0.37729122760528155,0.0,-0.1333333333333333,0.012084287908159075,2.0261322726013944,-0.01031568979316383,2
0.4675492876672903,0.27342063606274286,0.25903007626996694,0.0,-0.13333333333333341,-0.3643185244924434,2.5705669904274346,0.03875238073763376,2
0.36151815098920076,0.2916922152841215,0.34678963372667776,0.0,0.06666666666666665,-0.6714437367303606,2.3062632696390657,-0.018424006141330274,0
0.6405643404980589,0.20736672663573524,0.15206893286620585,0.0,0.4,1.0676372459811954,2.402183803457689,0.02263990572356578,0
0.5609008282257893,0.24715155227890978,0.19194761949530084,0.0,-0.1333333333333333,1.4164012738853504,3.207802547770701,0.03871441395203823,0
0.23615744299708732,0.25833797631725575,0.5055045806856571,0.0,0.06666666666666665,-1.2246447819696225,3.0355218030377267,-0.015333120488715185,0
0.29723742558440586,0.26524019563480977,0.43752237878078437,0.0,0.4666666666666667,-0.32339316734221213,2.539953676896352,-0.0292103747751708,1
0.6407006429439926,0.22009951498781866,0.1391998420681889,0.0,0.39999999999999997,0.8527662262462494,2.013475811970311,0.006664378037046115,0
0.6253664149323787,0.24176536659756911,0.13286821847005212,0.0,0.06666666666666665,0.45800865800865814,1.4277056277056277,0.0037630529903253107,0
0.5675675675675677,0.24324324324324323,0.1891891891891892,0.0,0.06666666666666665,0.6839528081764109,2.419139636530941,0.035326928461865026,0
0.6465508573982014,0.20604367983019603,0.1474054627716025,10.0,0.2666666666666667,1.3007968901846452,2.9007968901846457,0.037767616598678444,2
0.5149561451897616,0.2453455979699912,0.23969825684024715,0.0,-0.3333333333333333,0.6603678508440416,2.9203829680020164,0.05435282705531086,2
0.5455372945638433,0.25223767383059414,0.20222503160556257,0.0,0.4,0.5015873015873016,1.4539682539682541,-0.023745414314336633,1
0.4787234042553191,0.2843326885880077,0.2369439071566731,0.0,-0.06666666666666665,0.18932178932178945,1.9440115440115444,-0.006904426865462943,0
0.3893028206492815,0.30734433209153805,0.3033528472591804,0.0,0.0,-0.07314524555903867,2.3824451410658307,-0.0032238509087489375,0
0.5419555335364382,0.24544059503090002,0.21260387143266168,0.0,0.06666666666666671,0.28538859259862415,2.4105361722916583,0.022190675739363952,0
0.22219917365208375,0.259745294407699,0.5180555319402174,0.0,0.13333333333333336,-0.9901133349409211,2.5232698336146613,-0.014181774701798544,2
0.37051004053926656,0.2717073630621288,0.35778259639860466,0.0,-0.6666666666666667,-0.16041047799081798,2.513097488522819,0.02401282157765061,2
0.4394648513213255,0.2819458232874769,0.2785893253911974,0.0,-0.06666666666666665,-0.35601355166572546,2.2131564088085827,0.01940262935942838,0
0.13791079812206572,0.19894366197183097,0.6631455399061033,0.0,-0.6,-1.7014537902388367,2.9350986500519207,0.031074297686003782,2
0.6289373285167195,0.21249809965757638,0.15856457182570421,10.0,-0.06666666666666665,0.5726263275588303,2.5713186855450614,0.04668566189851142,1
0.25642866372812245,0.2496087524587575,0.4939625838131201,0.0,0.06666666666666665,-1.221003134796238,3.1677115987460818,-0.01485998320055859,2
0.6014189788420119,0.23223109083998483,0.16634993031800333,0.0,0.1333333333333333,0.26824899238692335,1.7908643081056874,0.012317687292164647,0
0.32774859626879194,0.28491215359536315,0.38733925013584497,0.0,0.06666666666666665,-0.021097046413502074,2.239300783604581,-0.01391115892803696,0
0.6900548763570458,0.18694713781784508,0.12299798582510908,0.0,0.4666666666666667,0.8690148596587781,3.114474408365438,0.03580659958948351,0
0.426641095628785,0.2818649881031012,0.29149391626811394,0.0,-0.13333333333333336,0.6075949367088606,2.548523206751055,0.011037330686143654,0
0.24032243970639636,0.2740519049283467,0.4856256553652569,-10.0,-0.1333333333333333,-0.5317072168337991,2.1930996218970904,-0.007312307839747345,2
0.31452474408667286,0.2866311123480994,0.39884414356522774,0.0,-0.26666666666666666,-0.24972482113373684,1.9296917996697853,0.005844330818331578,0
0.7180901579300716,0.17713798962221883,0.10477185244770967,0.0,0.5333333333333334,1.2895569620253167,2.7136075949367093,0.023406888827202987,0
0.43799705679754525,0.25964368463898807,0.3023592585634667,0.0,-0.4666666666666667,-0.13560494475022766,2.190073527219383,0.02200331044602316,0
0.6741987163926945,0.19812604984901588,0.12767523375828954,0.0,0.0,1.1282011089993533,2.5702921409957487,0.030096159853905124,2
0.6181117183216734,0.22012940911927517,0.16175887255905144,0.0,-0.13333333333333336,0.5478014656895405,2.7463357761492335,0.05074831704657223,0
0.732653971948099,0.16395053917719699,0.10339548887470415,0.0,0.4666666666666666,1.436618012234268,2.85385500575374,0.020082948476655482,0
0.25048144257703076,0.26534051120448177,0.48417804621848737,0.0,-0.4666666666666667,-0.37345703278559605,2.3626071232015096,0.015048362968525963,0
0.1851435679112123,0.2538825077590066,0.560973924329781,0.0,-0.5333333333333334,-0.7487850467289721,1.7110280373831777,0.007422794999945165,1
0.4560906300337355,0.25121569461751203,0.29269367534875235,10.0,-0.20000000000000007,0.12177395948220804,2.9263249550124804,0.018293640358867602,0
0.27889230769230766,0.26621538461538463,0.45489230769230765,0.0,0.19999999999999996,-0.30855956089600967,2.8448513361730985,-0.016496194446880108,1
0.4039327173655532,0.29376924899312956,0.3022980336413172,0.0,-0.13333333333333336,-0.07179779256306018,2.137365055531105,0.003358879931706693,0
0.3042512220411791,0.3003505653483434,0.3953982126104775,0.0,-0.06666666666666665,-0.1556401068794403,1.9868740226318446,-0.01938997429019601,2
0.37213691026827006,0.27663274745605915,0.3512303422756707,0.0,0.4,-0.32094322220287275,2.568577749398554,-0.022050638536457945,2
0.5749191858769032,0.22526881562003656,0.19981199850306017,0.0,0.5333333333333332,0.9237437356088312,2.7712312068264935,0.015955010603497022,0
0.4534606205250597,0.2744630071599045,0.27207637231503584,0.0,0.06666666666666665,-0.4562394127611519,2.344438170525127,0.013829810832933775,0
0.7533152457066461,0.1546541232907684,0.09203063100258532,0.0,0.3333333333333333,1.7244444444444444,2.83655806182122,0.0077693943623831085,0
0.40903826224778,0.2838477638022473,0.30711397394997253,0.0,-0.4666666666666666,0.22676358981392597,2.8078975383871834,0.022301432895205198,0
0.7154084918755113,0.1802279085301769,0.10436359959431178,0.0,0.19999999999999996,0.8603383997705767,2.1680527674218526,0.021862960653548758,0
0.29558726638047805,0.3022618175568114,0.40215091606271053,0.0,0.0,-0.43016919988528823,2.0074562661313453,-0.013185514514089447,2
0.6111796526525577,0.20328366707791595,0.18553668026952644,0.0,-0.13333333333333341,1.2087754516776599,3.617722971035274,0.062411880388776875,0
0.23737703098333587,0.24874082501977218,0.5138821439968919,0.0,-0.4666666666666666,-1.3126959247648906,2.398902821316615,0.008397278409114362,0
0.2970873786407767,0.30679611650485444,0.39611650485436894,-10.0,-0.06666666666666665,-0.798375605585637,2.224707893986891,-0.01141494531032955,1
0.49019380294766157,0.26598584194035046,0.24382035511198794,0.0,0.06666666666666665,0.24596093561610832,2.910537738123945,0.022266584629518693,1
0.7366728820842039,0.16948814497227158,0.09383897294352446,0.0,0.13333333333333336,0.4344827586206901,1.8827586206896554,0.016259002925129162,1
0.47091734759310167,0.25745206640392093,0.2716305860029775,0.0,-0.2,0.6720606638829345,2.5554165066227217,0.02871093133742486,2
0.44410371759797956,0.2602941233699269,0.29560215903209364,0.0,-0.06666666666666665,-0.6744795529842256,2.9621152718616006,0.020492085389726467,0
0.41951691991040624,0.29699134330165267,0.2834917367879412,0.0,-0.2,-0.08369834242928198,1.3685303601683336,0.014739685891704213,0
0.18432230070866773,0.23408932190000803,0.5815883773913243,0.0,-0.6000000000000001,-1.631862153259103,3.3764104398634647,0.002024603595584873,2
0.7146904119118986,0.1763172202645174,0.10899236782358408,0.0,0.1333333333333333,1.1846502407250075,2.2919852732936845,0.02181086862551951,0
0.23007774029294054,0.25947656266370517,0.5104456970433543,-10.0,0.06666666666666665,-1.3886830689338527,2.754060986035908,-0.027720260032500887,2
0.7415781353999514,0.16805547672732715,0.09036638787272137,0.0,0.1333333333333333,1.1237563036663487,2.7593021670982694,0.027582732091932072,0
0.3068383051255148,0.3048393585123193,0.388322336362166,0.0,0.0,-0.1826854043602809,2.1374903148302162,-0.01963631205103533,1
0.3289387443275987,0.2928482864860126,0.3782129691863887,0.0,-0.4666666666666666,-0.2757480763750353,2.5102308349957254,0.008114818918348254,2
0.7213540946428076,0.16538982769588184,0.1132560776613104,0.0,0.3333333333333333,0.3349282296650722,3.2222405543639665,0.035163612685421675,0
0.6246178360293559,0.21738439769003112,0.15799776628061282,0.0,0.19999999999999996,0.7556390977443608,2.9230140568813336,0.0557539468803252,0
0.36049142684745983,0.3083150361195381,0.33119353703300203,0.0,-0.06666666666666671,0.09209217283751425,1.6381651474819177,-0.014467176255096303,0
0.511107784634855,0.2741802693084936,0.21471194605665142,0.0,0.1333333333333333,0.5915409642117717,2.2852161459549496,0.010271009748560656,0
0.5470672117121399,0.22728396235383588,0.2256488259340241,0.0,0.2666666666666667,1.1384012962462866,3.558061031596003,0.0543238773579916,0
0.5427231432329518,0.26448198247690324,0.19279487429014505,10.0,0.1333333333333333,0.5503750834609796,2.186210282392679,0.012391339645332788,0
0.31285467554897606,0.2960769800148038,0.3910683444362201,0.0,-0.19999999999999996,-0.5323267518389468,2.129307007355788,-0.008444353856360332,2
0.7023144439503858,0.16715832236119307,0.1305272336884212,0.0,0.4666666666666666,1.2713414634146345,3.759146341463415,0.04888511286268926,2
0.3903723807271225,0.2598887949039683,0.3497388243689091,0.0,0.0,-0.6957843266816439,2.396590458570107,-0.010807102300311455,2
0.4374963336657476,0.27746817621868947,0.28503549011556284,0.0,0.26666666666666666,0.6135745553438721,2.262765230290426,-0.011483699346770737,2
0.4086582389747979,0.2377835093279051,0.3535582516972971,0.0,-0.19999999999999996,-0.028661616161616443,4.03699494949495,0.0290093184240397,2
0.2483076197900614,0.26659656629017925,0.4850958139197592,0.0,0.0,-0.9982456140350877,2.3701754385964913,-0.01770392527438952,1
0.2938220366527489,0.2966472485436408,0.4095307148036103,0.0,-0.6,-0.9540379875308105,2.1023633463824853,-0.003757061180587107,1
0.36840732169156326,0.2703808121186619,0.3612118661897749,-10.0,-0.33333333333333337,-0.9690109890109886,2.8643956043956047,-0.006034059881476483,0
0.5377655259738975,0.2620273950920974,0.20020707893400513,0.0,0.33333333333333326,0.7971014492753624,2.2196209587513938,0.01242900498614008,0
0.48573688634004053,0.27201265635042265,0.24225045730953673,0.0,0.13333333333333336,0.6271062271062272,2.5963369963369964,0.01587059731564089,0
0.42456635078860216,0.27878151949372076,0.2966521297176772,0.0,-0.1333333333333333,-0.062377622377622455,2.3823776223776223,0.00997127321697383,1
0.4530513269567561,0.2687592617540079,0.2781894112892362,0.0,0.06666666666666665,0.17076923076923078,2.063076923076923,-0.016224618220751663,0
0.8364384031069735,0.1039693871723114,0.059592209720715064,0.0,0.4,2.45536624435707,3.6669579146643367,0.006738944130596836,0
0.5170514165792235,0.2148478488982162,0.2681007345225604,0.0,-0.39999999999999997,0.1269962623173635,3.321015970098539,0.05223641696618797,0
0.37573999026090316,0.26566404945207517,0.3585959602870217,0.0,0.06666666666666665,-0.2038327526132404,3.512775842044135,0.01462083037010986,2
0.2975519194205707,0.30233571233730017,0.40011236824212915,0.0,0.0,-0.12267711962833916,1.480110336817654,-0.008497532096018334,1
0.38791430140999816,0.2847830067753159,0.32730269181468596,10.0,-0.06666666666666665,0.5115627822944897,2.3263775971093046,-0.011267753086183663,1
0.2760218820161341,0.25099589804667133,0.47298221993719464,0.0,-0.33333333333333337,-1.4792884499092926,3.275297319088894,-0.014188159244957255,2
0.6132372184852729,0.2212860717647329,0.16547670974999426,0.0,0.2,1.3103337612323496,2.4175224646983318,0.0051913655295411365,0
0.5117946756634931,0.26452309079236724,0.22368223354413952,0.0,0.0,0.24944567627494463,2.27668672790624,0.011883173702656236,1
0.4618285275588773,0.2602569602817983,0.27791451215932444,0.0,-0.26666666666666666,-0.0743538100033565,2.020308828465928,0.01813391848760365,2
0.6399893326221748,0.22084138942596174,0.13916927795186346,0.0,0.13333333333333336,0.6950086008759883,1.7473510747481171,0.02560380392725925,0
0.4014033738645648,0.27106262315566876,0.3275340029797664,0.0,-0.19999999999999996,-0.2906056682491722,3.0758164292907497,0.017739556433637504,1
0.5292201046719849,0.2459560799781026,0.22482381534991241,0.0,0.4666666666666666,0.27298230470435936,2.092864336066753,-0.007988555224596294,0
0.7109641820862864,0.17978404604480808,0.10925177186890549,0.0,0.26666666666666666,0.7898116154996889,2.314892039662682,0.035286401532657385,0
0.28581583811193784,0.2893227809108573,0.42486138097720483,0.0,0.2,-0.05852830575186929,2.3762492135258917,-0.018242129590015976,2
0.19893931846816487,0.22729057399865218,0.5737701075331829,0.0,-0.4,-1.3286434347463465,3.796400381960813,0.014655705583817985,2
0.23800918631947196,0.2646768822656313,0.49731393141489666,0.0,-0.6,-0.8158724887929601,2.8102274613979743,0.006995112123062391,2
0.765315594059406,0.1538134282178218,0.08087097772277228,10.0,0.2,1.3847352806937474,2.279303970789594,0.010538808511293407,0
0.4751447394689559,0.26352565382311843,0.26132960670792577,0.0,0.1333333333333333,0.26696679252589806,2.8640236228095652,0.006150099349303162,1
0.4903218670501051,0.2760756553478597,0.23360247760203515,0.0,0.06666666666666665,0.6617080655141496,2.005329022970362,0.004883463568050583,0
0.24172307199370838,0.27973886669895026,0.47853806130734133,0.0,-0.06666666666666665,-0.10689315314957748,2.062720351371553,-0.011553199204503511,1
0.37251735125933044,0.25199703173425286,0.37548561700641675,0.0,-0.6,-0.7685686178061979,3.068125922282342,0.024734933130929115,2
0.24419720428434347,0.2202339272284032,0.5355688684872533,0.0,-0.2666666666666666,-0.6365524402907579,3.1952232606438216,0.013500257619372319,0
0.3920381313684006,0.2743123951265776,0.3336494735050218,0.0,-0.3333333333333333,0.025545171339564243,2.948909657320872,0.0038802221668919334,2
0.5879542171352372,0.2311367929769974,0.1809089898877653,0.0,0.0,0.5417445482866047,2.021495327102804,0.021262519202135954,2
0.3361334733403337,0.3126823007817058,0.35118422587796055,0.0,-0.06666666666666665,0.052152947034620034,2.1042010640249496,-0.02650017198549942,1
0.4953097552823036,0.2621416532134755,0.24254859150422087,0.0,0.1333333333333333,0.45326192794547193,3.520447906523856,0.03323897405122911,2
0.5293535107705054,0.26844707953603975,0.20219940969345485,0.0,0.26666666666666666,0.8637742117374541,3.119218519026502,0.02364183448826429,0
0.31263845521442085,0.2923121160209136,0.39504942876466564,-10.0,0.19999999999999996,-0.7664413399429173,2.788313053928196,-0.020784113890574385,1
0.431159930526217,0.2861334084401258,0.2827066610336572,0.0,-0.2666666666666667,0.07374329140890667,3.7117456675816296,0.034458479839164946,0
0.3560984001376225,0.3007053156717701,0.34319628419060727,0.0,0.1333333333333333,-0.37983940349870937,2.7173788356753663,0.006350497959215939,1
0.6145192476709439,0.21515204781156616,0.17032870451748994,0.0,-0.13333333333333341,0.15936744643369205,3.842435167356303,0.07221013971991297,0
0.527827988481138,0.25744198893221726,0.2147300225866448,10.0,-0.2,0.823250379717257,2.563640612221054,0.04533535955608958,0
0.5383726714054201,0.24990773871604385,0.211719589878536,0.0,0.4666666666666666,0.48652037617554866,2.382445141065831,-0.002166624178641663,0
0.5241885733617241,0.2543232970488149,0.22148812958946087,0.0,0.06666666666666665,0.4453853356674673,2.4565403248788833,0.011158097172194625,1
0.47987636035803977,0.29177667589670936,0.22834696374525085,0.0,-0.06666666666666665,-0.034607202327689546,2.4542669376774064,0.023800362082413595,1
0.3750614854894245,0.31505164781111655,0.309886866699459,-10.0,0.19999999999999996,-0.4484041436270735,2.1913732764051237,-0.011530513883042381,0
0.5087119755200126,0.2665364153428798,0.2247516091371077,0.0,0.06666666666666665,0.27089989350372745,2.4673855165069223,0.015340498631464361,0
0.4944457741422275,0.2729454995987441,0.23260872625902823,10.0,-0.4,0.6172128395393348,2.1686683678608603,0.028394794643113286,0
0.5319356254194414,0.2538459552939962,0.21421841928656238,10.0,0.1333333333333333,0.5842177215189874,2.7278126582278484,0.02800521065484085,1
0.3171357595533438,0.30783862002246404,0.3750256204241922,-10.0,0.0,-0.3038068913528287,2.497933222351352,-0.012921234973641726,0
0.2067168986863113,0.2810845634576062,0.5121985378560825,-10.0,-0.2,-0.6986627194773378,1.7440894242547977,-0.003971657593474759,1
0.6136818355966115,0.21710442297049934,0.1692137414328892,0.0,0.33333333333333337,0.4647465296887421,3.033082614810738,0.03448621569622401,0
0.38626455658405495,0.2997312630636011,0.314004180352344,0.0,-0.26666666666666666,-0.40117875560913496,2.220882727211841,0.013876722223555182,2
0.344112475023853,0.2855174715368193,0.3703700534393277,0.0,-0.3333333333333333,-0.7014590347923679,2.8002244668911334,0.0064501506546441045,0
0.6101957894906677,0.21885882235888554,0.1709453881504468,0.0,0.33333333333333326,0.851648351648352,3.7283272283272284,0.05500690558513477,0
0.7737159568634618,0.1517090111496984,0.0745750319868397,0.0,0.39999999999999997,0.9822276488943158,2.2412155745489084,0.014024156105289842,1
0.45698710067639425,0.27070790128044464,0.27230499804316116,0.0,-0.26666666666666666,-0.16485969387755084,2.99202806122449,0.033862022077208065,0
0.5344500144282713,0.25541395717152193,0.21013602840020665,0.0,-0.39999999999999997,0.7041666666666668,2.8708333333333336,0.06261542148425836,2
0.7093123783975248,0.17698773357327877,0.11369988802919635,10.0,-0.46666666666666673,1.1658491847826085,2.896827445652174,0.0544653100236131,0
0.2694139005926078,0.2553123465670994,0.4752737528402928,0.0,-0.5333333333333332,-1.8703703703703702,3.5,0.012633918801246036,2
0.5391051632409121,0.24848243373098644,0.21241240302810133,0.0,-0.06666666666666665,0.8479080932784637,2.8300754458161865,0.03055533853155612,0
0.30380266202753936,0.2660468398680475,0.4301504981044132,0.0,0.19999999999999996,-0.8684546615581099,3.2822477650063857,-0.014304142731927316,2
0.41605502663255467,0.2966069705993374,0.28733800276810806,0.0,0.06666666666666667,0.24907948884557063,1.6569200779727096,-0.029803640508064333,0
0.21434795236712167,0.24978216671507408,0.5358698809178043,0.0,-0.1333333333333333,-0.6685837526959018,2.8828181164629765,0.004190506534124588,1
0.3072587907511616,0.28442841620618364,0.4083127930426547,0.0,-0.3333333333333333,0.2943925233644862,2.0700934579439254,-0.01217070846110635,0
0.6674452945631257,0.21370638201789174,0.11884832341898237,0.0,0.13333333333333336,0.3836694540088541,1.5641908509591738,0.012979711304535346,0
0.23087056511934267,0.27914350146247796,0.4899859334181794,0.0,0.33333333333333337,-0.0002860411899314741,2.3223684210526314,-0.029954507819475534,2
0.4803471976030099,0.2627540226204499,0.25689877977654013,0.0,-0.2,0.10387811634349031,2.181440443213296,0.009103052835742198,0
0.4636097583908919,0.268974757783637,0.26741548382547103,0.0,0.6000000000000001,0.23750000000000004,2.433928571428571,-0.021436225645151352,1
0.32257059153524903,0.26740634544661224,0.4100230630181387,-10.0,0.0,-0.8766984126984128,2.7931428571428576,-0.019442381811268228,1
0.6498440923264335,0.20460723084335597,0.1455486768302106,0.0,0.06666666666666665,1.057524764291682,4.091299677765843,0.08013115542693006,0
0.5156102810168116,0.26145677139379403,0.22293294758939441,0.0,0.4666666666666667,0.4034612730264906,2.3060996974040453,-0.014499306022992209,2
0.6263308128591304,0.22347240167546645,0.15019678546540322,0.0,-0.06666666666666671,0.42328042328042326,2.1164021164021163,0.02562272287164502,0
0.6370284158813444,0.2085081722410721,0.1544634118775835,0.0,0.3333333333333333,0.5388685388685394,2.3622303622303624,0.024057747159673126,0
0.675299583867839,0.20200009386439724,0.12270032226776385,0.0,0.3333333333333333,0.9036226930963774,2.4347231715652766,0.02602461727158023,0
0.6571034210785763,0.19925071477866507,0.14364586414275854,0.0,0.3333333333333333,0.9261004172836181,1.9168124915870237,0.009455720969987258,0
0.7782620820623964,0.15157641205470568,0.07016150588289786,10.0,0.2,1.373920424403183,2.1974323607427055,0.006409452652630154,0
0.31769037090324354,0.2834775617290481,0.3988320673677083,0.0,-0.39999999999999997,-0.19046153846153846,2.5664615384615383,0.005795864741515888,1
0.2709553330030157,0.2647443225043793,0.4643003444926049,0.0,-0.1333333333333333,-0.7149163879598659,3.3519732441471577,0.007535315077042137,2
0.48321924158313173,0.2659794672691013,0.2508012911477667,0.0,-0.13333333333333336,-0.5084441250449152,3.3542939274164567,0.05407055456046833,1
0.20385119596316578,0.23985608252289375,0.5562927215139405,0.0,-0.3333333333333333,-0.575351422033344,2.3733246158875447,0.006045245615291378,0
0.2997437670313581,0.2668239313458332,0.4334323016228089,0.0,-0.39999999999999997,-0.3287128248428557,2.797753072520875,0.007456971826040715,2
0.2611935192013807,0.25972613988002463,0.47908034091859464,0.0,-0.4666666666666666,-0.941652774470112,2.544891640866873,0.0030215879133630996,2
0.21799304450099868,0.24589615419712654,0.5361108013018748,0.0,-0.1333333333333333,-1.1093911248710007,2.8121775025799796,-0.00558478790531533,2
0.39988968560397137,0.2719249862107005,0.3281853281853282,0.0,-0.2,-0.3512831924046875,2.2833407506304706,0.018847229643255026,2
0.5126076579848501,0.24053128566981433,0.2468610563453357,0.0,0.2,0.6308263990718985,3.2455288000047116,0.03846270143015884,2
0.3055305530553056,0.29142914291429145,0.4030403040304031,0.0,-0.1333333333333333,-0.15471698113207544,2.769811320754717,0.0022692852254287965,1
0.5557224391709222,0.2553319315109642,0.18894562931811357,0.0,0.5333333333333334,1.547587632493293,3.447574438140476,0.02531101841186334,1
0.78031212484994,0.14645858343337334,0.07322929171668667,0.0,0.1333333333333333,1.67583857442348,3.0516247379454926,0.03665133309771906,0
0.5608856088560886,0.23837638376383766,0.2007380073800738,0.0,0.26666666666666666,0.20901309878469787,1.6843996784413866,-0.00841668327313283,2
0.6781838949171902,0.1970302684180468,0.12478583666476298,0.0,0.2666666666666667,1.0124475890985325,3.3604559748427674,0.05321934645211579,2
0.7042253521126761,0.1971830985915493,0.09859154929577466,0.0,0.26666666666666666,1.0240814299900696,2.6626117179741806,0.036899514267134004,0
0.5825045666734322,0.23442256951491786,0.1830728638116501,0.0,-0.06666666666666671,0.3960410159871075,2.1673155635419787,0.018431534682668338,0
0.29287673824614513,0.2644026109166588,0.4427206508371961,0.0,0.26666666666666666,0.3103277060575971,2.69364448857994,-0.025385936900068296,1
0.24241142252776307,0.2626123744050766,0.4949762030671601,0.0,-0.26666666666666666,-0.7048339184445043,2.1307048339184442,-0.012816140794358999,1
0.2785145888594165,0.27055702917771884,0.4509283819628648,0.0,-0.4,-0.4072148708254566,2.489085426230984,0.013668424801745238,1
0.6417473541995046,0.19995496509795088,0.15829768070254446,0.0,0.46666666666666673,0.46795595708639204,3.6676548089591563,0.048667248871309576,0
0.5772208925805997,0.23229621286780233,0.19048289455159792,0.0,0.1333333333333333,0.7962962962962966,2.0925925925925926,0.025331183654165645,1
0.18111910994764396,0.2319208115183246,0.5869600785340313,-10.0,-0.39999999999999997,-1.6250498575498573,3.0608475783475777,0.01623326680560508,2
0.18335193330269808,0.19300203505547164,0.6236460316418302,0.0,-0.26666666666666666,-1.4217751479289937,3.5202366863905326,0.0048574941189287735,2
0.5986269256530474,0.23484594775619558,0.16652712659075686,0.0,0.13333333333333336,0.2580219780219781,1.8404395604395607,0.012544448601267688,0
0.24899598393574301,0.24899598393574301,0.5020080321285141,0.0,-0.7333333333333334,-1.5554461538461537,2.752246153846154,0.019635752334612178,2
0.5902978119035994,0.23767254005592292,0.17202964804047755,0.0,0.2666666666666667,0.2646153846153849,3.4953846153846158,0.04267099713106848,0
0.49046321525885556,0.25476839237057225,0.25476839237057225,10.0,0.20000000000000007,0.7505325443786985,2.0378698224852076,0.0068208560197588475,0
0.1433003476865472,0.19609521262369617,0.6606044396897567,0.0,-0.4666666666666666,-1.068896321070234,2.687625418060201,0.0211435962319049,2
0.6100322159112963,0.2276461683766545,0.16232161571204926,0.0,0.2,0.41324414715719093,2.2326421404682275,0.015170448295802719,0
0.4342857142857142,0.23999999999999996,0.3257142857142857,0.0,0.06666666666666671,0.07409828920126427,3.884867448123414,0.0258880427593442,0
0.44715447154471544,0.2682926829268293,0.28455284552845533,0.0,-0.5333333333333333,0.3254769921436589,2.4017957351290686,0.018935577748670607,1
0.3411487662537115,0.2759291491757961,0.3829220845704924,0.0,-0.5333333333333333,-0.28209109730848847,2.3887163561076603,0.008512643882300497,2
0.5136715663031453,0.24793214266898475,0.23839629102787,0.0,-0.13333333333333336,0.5944099378881986,3.6689440993788818,0.062652471630112,1
0.6335700293829578,0.2055582761998041,0.16087169441723798,0.0,0.19999999999999996,0.525895572332656,2.28709976634691,0.026083316617742214,1
0.7044320516583504,0.17845611975344877,0.11711182858820077,0.0,0.2,2.440277114190158,3.551122790253225,0.03560335827528305,0
0.5668526183192371,0.2240417491452222,0.20910563253554074,10.0,0.6000000000000001,1.1879900419946186,2.16387456936656,-0.015989332205842866,2
0.19643913403525373,0.22758192357742815,0.5759789423873181,0.0,-0.7333333333333334,-1.2897478070175437,3.0084978070175437,0.011112852823130653,2
0.45121263395375066,0.25267907501410036,0.2961082910321489,0.0,-0.39999999999999997,-0.5580592105263154,3.5866776315789473,0.06290926030064847,1
0.393939393939394,0.2909090909090909,0.3151515151515151,0.0,-0.26666666666666666,-0.3543037280701753,2.0881304824561404,0.014703003420838245,1
0.508544368952028,0.24253654519250573,0.24891908585546635,0.0,0.06666666666666665,0.5059288537549409,2.9483440098132756,0.02607167769665486,0
0.4265402843601896,0.26066350710900477,0.3127962085308057,0.0,0.0,-0.2722570532915358,3.3515673981191223,0.02381920870267057,1
0.6518832181858704,0.20570537107198575,0.14241141074214397,0.0,0.33333333333333337,0.7170224411603723,1.9759168035030106,0.026286806925804873,0
0.5550362234166861,0.2486562280906754,0.19630754849263846,0.0,0.06666666666666667,1.4611407401376058,3.067893444068993,0.02820775977097245,0
0.7099057574385776,0.16420428824231448,0.12588995431910777,0.0,0.0,1.0540397817285694,2.5242034853018835,0.043739737586461436,2
0.46851141484488484,0.27697292465829954,0.25451566049681573,0.0,0.19999999999999996,-0.3615384615384615,2.023076923076923,0.008674935283619178,1
0.3157894736842105,0.2631578947368421,0.42105263157894735,0.0,-0.3333333333333333,-1.022958579881657,2.9391715976331363,0.004286337257054906,2
0.3785957315187133,0.2576554283946799,0.36374884008660696,0.0,0.0,-0.23862659453451274,3.0125305013068893,0.00676677857544139,2
0.4821195888229332,0.2553930794845808,0.26248733169248584,0.0,0.06666666666666665,-0.22393748808843128,2.6348389555936724,0.01619777843447273,0
0.24091577399705952,0.25393824826717076,0.5051459777357699,0.0,0.0,-1.292452830188679,2.4264424391577792,-0.029428121142223845,1
0.3082293209223609,0.29828643960228474,0.3934842394753543,0.0,0.06666666666666665,0.06041902678490041,1.9563264190007423,-0.034944821488571254,0
0.5728314238952538,0.22094926350245503,0.20621931260229137,0.0,0.4,0.30697813716681666,2.1039233303384246,0.007194213145365391,1
0.6242118537200504,0.20668348045397222,0.1691046658259773,0.0,-0.20000000000000007,0.5950954549085392,3.490694144899753,0.07534336124324936,0
0.2968279284068758,0.24537775414968396,0.4577943174434403,0.0,-0.6666666666666666,-1.3099688473520246,3.674454828660436,0.017009387163007705,0
0.724837502462084,0.1600945440220603,0.11506795351585584,0.0,0.5333333333333333,1.3559190031152646,2.60202492211838,0.008424550343012815,1
0.7037533512064343,0.1742627345844504,0.1219839142091153,0.0,0.26666666666666666,1.0425752855659398,3.1609553478712353,0.048951574137334086,0
0.43421052631578944,0.28289473684210525,0.28289473684210525,0.0,0.2666666666666666,0.3019056592888877,1.968476177656418,-0.022485263128760757,0
0.5542922114837975,0.23877202956225127,0.20693575895395105,10.0,0.1333333333333333,1.1150480963376377,2.1379003282355016,-0.004514767309776846,0
0.7676324598868753,0.13378737158028398,0.09858016853284082,0.0,0.6000000000000001,2.2755417956656347,3.775899023577042,0.03541050791705236,0
0.7430694484138325,0.14175478708202344,0.11517576450414403,0.0,0.39999999999999997,1.6475748194014448,3.6651186790505674,0.04772721913625533,0
0.27548473795354195,0.2676137454405836,0.4569015166058745,0.0,-0.33333333333333337,-0.7687306501547986,2.008359133126935,-0.00495052264072976,2
0.5555197109490936,0.22491773662816958,0.21956255242273695,0.0,-0.13333333333333333,0.5602240896358546,2.8453486657821028,0.045218843419749466,0
0.2392282958199357,0.25916398713826366,0.5016077170418006,0.0,-0.13333333333333333,-0.4086687306501542,3.863777089783282,0.01429392103585464,0
0.18560997960329895,0.23796151231192175,0.5764285080847793,0.0,-0.1333333333333333,-0.6136363636363633,1.8914141414141414,-0.005788328698539291,2
0.30934416715031915,0.2379570516540917,0.4526987811955891,0.0,-0.33333333333333337,-0.14478884959434124,3.0006240898689414,0.011770490153467095,0
0.3872215661522173,0.25117074561224906,0.3616076882355337,0.0,0.0,-0.4983837506633857,2.801659670960583,0.012892224216606796,2
0.3858955689619305,0.26461410443103806,0.3494903266070314,0.0,-0.13333333333333333,-0.3495440729483279,2.6899696048632222,0.0030353041862011265,0
0.3298369253462264,0.26575432270753097,0.4044087519462428,0.0,-0.3333333333333333,-0.40121580547112456,2.7830366189028806,0.021784562517730033,0
0.8052859797646088,0.12347718356390666,0.07123683667148462,10.0,0.39999999999999997,1.7306214821763604,2.6821224202626643,-0.004680747037911992,0
0.4617951802553456,0.2652023749466413,0.2730024447980131,0.0,-0.06666666666666665,0.05123644986449871,2.0075372628726287,-0.009646716693372637,1
0.1864318669179284,0.19624407043992462,0.617324062642147,0.0,-0.6666666666666667,-1.7409318323952472,3.3403689806128836,0.023198773761318014,2
0.3243993593166044,0.29823812066203953,0.3773625200213561,0.0,0.2,0.782520325203252,1.836527293844367,-0.031137683889156997,0
0.38091260311162156,0.2916362117573353,0.3274511851310431,0.0,-0.19999999999999996,0.03630903630903659,2.2339612339612342,-0.014214920910716411,2
0.3419897585954645,0.25850402340892464,0.3995062179956108,0.0,0.0,0.262697480088784,3.5059407233320274,0.00414750024440147,1
0.5275486638073242,0.2421313097987463,0.2303200263939294,0.0,-0.26666666666666666,0.23092369477911645,3.8396442914515205,0.06106265709337577,0
0.6434086359736917,0.20732056048041175,0.14927080354589647,0.0,0.3333333333333333,1.0102911646586348,2.415913654618474,0.02627273794355056,0
0.3145882594839107,0.27295157808162845,0.41246016243446076,-10.0,-0.1333333333333333,-0.3819126819126819,1.9507276507276508,-0.006968161900622438,0
0.7091599831152385,0.17560151962853526,0.11523849725622626,0.0,0.3333333333333333,0.6012012012012016,2.252852852852853,0.0276011080943116,0
0.5815687444079928,0.24008350730688938,0.1783477482851178,0.0,0.26666666666666666,0.9377559377559379,3.0262080262080264,0.03629348461991411,1
0.37113402061855666,0.25773195876288657,0.37113402061855666,0.0,0.13333333333333333,-0.0888615888615889,2.548321048321048,-0.007967756744256593,0
0.3733681462140992,0.28720626631853785,0.3394255874673629,0.0,0.0,-0.09947836034792557,2.0144367970454926,-0.01247757154802015,1
0.7744381261846738,0.14178174925534798,0.08378012455997834,0.0,0.5333333333333333,1.4000924000924007,3.1533841533841533,0.016970201510809746,0
0.7744381261846738,0.14178174925534798,0.08378012455997834,10.0,0.39999999999999997,1.977096553298334,2.648176215475919,0.004842509565476938,0
0.30721847930702606,0.2465832531280077,0.44619826756496633,0.0,-0.3333333333333333,-1.0284596708929057,3.031427029943351,-0.010306762377871037,1
0.6210790464240904,0.20840652446675031,0.17051442910915934,0.0,-0.06666666666666665,0.5341246290801188,2.512363996043521,0.04152362799377929,0
0.344954128440367,0.25871559633027524,0.3963302752293578,0.0,-0.19999999999999996,-0.17943409247757092,2.1152518978605936,-0.010378740238633888,2
0.17916107578320983,0.2542150399626626,0.5666238842541276,0.0,-0.33333333333333337,-0.33110119047619035,2.0498511904761907,0.015771224571362902,0
0.37215556474968975,0.2658254033926355,0.3620190318576748,0.0,0.4,0.7738095238095242,3.273809523809524,0.009740372245143458,0
0.2930232558139535,0.26046511627906976,0.44651162790697674,0.0,-0.5333333333333333,-0.708562271062271,3.8060897435897436,0.03471549394461404,1
0.5019635844341307,0.2523384505533738,0.24569796501249558,0.0,-0.2666666666666667,0.046992481203007364,2.5845864661654137,0.024983264294857088,2
0.6204443996065475,0.22547857449115996,0.1540770259022926,0.0,0.2,1.1867469879518078,2.3915662650602414,0.016585401021306678,1
0.19687385962778248,0.23978226493127358,0.5633438754409439,-10.0,-0.46666666666666673,-1.356686084999338,2.505620283331127,0.013346550029180282,1
0.5184528276144348,0.23459990449553175,0.2469472678900334,0.0,-0.1333333333333333,0.32359038142620267,3.010157545605307,0.027202420780542025,0
0.6394316163410302,0.20603907637655416,0.15452930728241562,0.0,0.20000000000000007,0.3894811656005688,3.0504619758351104,0.03816217798820998,0
0.3039482984954055,0.2648692315459962,0.43118246995859844,0.0,0.0,-0.337979523868262,2.129024299987665,-0.004838146988287384,1
0.6237364311178027,0.21463447629688825,0.1616290925853089,0.0,0.5333333333333334,0.2595356550580432,2.6878701729448,0.023515101118101955,0
0.44651162790697674,0.26046511627906976,0.2930232558139535,0.0,0.33333333333333337,0.4643561566638488,2.7466892082276697,-0.0085519950110714,2
0.6357994645899245,0.19542467753711365,0.16877585787296182,0.0,0.33333333333333337,0.9899665551839466,2.94931824028814,0.038155597955674136,1
0.6568394269594557,0.19497759831849104,0.14818297472205322,0.0,-0.2,0.40453204612496685,2.9789487798337353,0.05285758647912131,0
0.4248366013071895,0.2875816993464052,0.2875816993464052,0.0,0.06666666666666671,0.17457763475462618,2.7516760525610087,-0.0021355754212503686,2
0.19563936358279313,0.24454920447849143,0.5598114319387154,0.0,-0.26666666666666666,-1.5261799410029497,2.91334808259587,0.008466562602085004,2
0.19521811670988512,0.2141538231805899,0.5906280601095251,0.0,-0.1333333333333333,-1.756296800544588,4.152484683458135,-0.004312558464130617,1
0.3551912568306011,0.2896174863387978,0.3551912568306011,0.0,-0.33333333333333337,-0.09558945105820071,2.6532531415343916,0.010873430911081783,1
0.7120253164556962,0.18512658227848103,0.10284810126582279,10.0,0.6,1.5093177655677656,2.406753663003663,0.010717964833726001,0
0.6133566993028307,0.22343708331745973,0.16320621737970972,0.0,-0.19999999999999998,-0.6960227272727273,2.4073322510822512,0.04302338187642474,0
0.4323289327824247,0.2816688501461252,0.2860022170714502,0.0,0.06666666666666671,0.2753759398496247,2.681390977443609,-0.005343202053634977,0
0.3075979138971265,0.2931792616831987,0.39922282441967477,0.0,-0.2666666666666667,0.13923013923013938,2.203112203112203,-0.020157357488672534,2
0.718358038768529,0.17787913340935005,0.10376282782212086,0.0,0.33333333333333326,0.6637668798862829,2.5560199004975126,0.03702497728792964,0
0.5051459777357699,0.25393824826717076,0.24091577399705952,0.0,0.4,-0.050248756218905344,2.748258706467662,-0.0050277996350600596,0
0.6174794173527549,0.23907536415452818,0.1434452184927169,0.0,-0.26666666666666666,0.45486851457000754,2.5472636815920398,0.04492390748641861,2
0.5633438754409439,0.23978226493127358,0.19687385962778248,0.0,-0.33333333333333337,1.1408955223880597,3.469253731343284,0.07502818807170208,0
0.5319148936170213,0.23404255319148934,0.23404255319148934,0.0,-0.2,0.2102000563539026,2.2445759368836296,0.02147076239175505,2
0.381020848310568,0.2667145938173976,0.3522645578720346,-10.0,-0.06666666666666665,0.17482231014320226,2.274748783305907,-0.018306768969639065,0
0.20549738219895286,0.20549738219895286,0.5890052356020942,0.0,0.13333333333333336,-0.5551839464882943,2.377669153588886,-0.006445077677525363,0
0.48440311937612485,0.2721205758848231,0.2434763047390522,0.0,-0.4,0.17006603253539143,2.0748055969317742,0.011363984654783,0
0.4304055431016915,0.289178724271449,0.28041573262685965,0.0,-0.06666666666666665,0.8629619638521719,2.8699757216077693,0.00784719549248486,0
0.28289473684210525,0.28289473684210525,0.43421052631578944,0.0,-0.4,0.007002801120448154,2.457983193277311,-0.009657090928096634,0
0.2545156604968157,0.2769729246582995,0.46851141484488473,0.0,-0.3333333333333333,-1.2291542879778175,3.120221826104179,-0.003282641707509082,2
0.3451714663681693,0.2966317289101455,0.3581968047216852,-10.0,-0.13333333333333336,-0.465822021116139,2.5226395173454,0.005514952924963956,0
0.43421052631578944,0.28289473684210525,0.28289473684210525,0.0,0.13333333333333341,-0.04398826979472137,2.5001286206719144,0.005337520559332176,1
0.6518832181858704,0.20570537107198575,0.14241141074214397,10.0,0.0,0.5405110672802985,2.516404120096428,0.04242660360657213,0
0.7328190743338007,0.16921458625525945,0.09796633941093967,0.0,0.3333333333333333,1.5665435256228095,3.2639954532537656,0.0394494387709865,1
0.7120253164556962,0.18512658227848103,0.10284810126582279,0.0,0.06666666666666665,0.002016806722689113,2.482689075630252,0.0315390483427318,0
0.45247446975648087,0.2898664571877455,0.2576590730557738,0.0,-0.1333333333333333,0.2571929824561403,2.2876023391812867,0.004619424748176615,0
0.42555311939406026,0.30695634841538777,0.26749053219055213,0.0,0.0,-0.030858936981385643,2.391208791208791,0.00689617625815786,1
0.3618304363249379,0.2735012415750266,0.36466832210003547,0.0,-0.3333333333333333,-0.7173307418205379,2.9902602310765576,0.013125624234652633,0
0.6928406466512702,0.17551963048498845,0.13163972286374134,0.0,0.06666666666666665,0.8717735752619475,2.8986710963455153,0.04451385684823905,0
0.5037562311310819,0.2677104542582321,0.22853331461068596,0.0,0.0,0.2576716664373193,2.4404843814503923,0.015366052282840159,1
0.45971385542168675,0.2855798192771084,0.25470632530120474,0.0,-0.1333333333333333,-0.15953340111145908,2.4517080852169792,0.01864797988159811,0
0.6276825958560994,0.22267787329180666,0.14963953085209408,0.0,-0.06666666666666665,0.31313780061371577,2.3683722257903375,0.03353155992558199,0
0.5977796754910334,0.22345573583831485,0.17876458867065187,0.0,0.39999999999999997,0.3263268523384133,2.170782974251183,0.005794502644812849,0
0.41929720071471116,0.2858844550327576,0.2948183442525313,0.0,-0.2,0.845248960551668,3.4717574282527126,0.03162838461864487,0
0.2792207792207792,0.2792207792207792,0.44155844155844154,-10.0,0.1333333333333333,-0.14827660029972178,2.384799828730464,-0.016639752446720446,1
0.3302178102915881,0.3035873417196859,0.36619484798872615,0.0,-0.06666666666666665,-0.39826313023757454,2.5887103465442376,0.007668041640212564,2
0.5296123827638224,0.27415229225421395,0.19623532498196367,0.0,-0.1333333333333333,0.25736306083126914,2.3768235617946605,0.02515380603646933,1
0.46806167400881055,0.2621145374449339,0.2698237885462555,0.0,-0.06666666666666665,-0.6333997905879316,2.981109883962765,0.02948425026876056,2
0.18707738542449287,0.2494365138993238,0.5634861006761833,0.0,-0.33333333333333337,-1.298688305913739,2.587483325922632,-0.0057331259462194695,0
0.31295487627365354,0.25036390101892286,0.43668122270742354,0.0,0.1333333333333333,-0.0661528580603723,2.708413615928067,-0.008104987659556251,2
0.3039936419630439,0.27717067355454006,0.41883568448241604,0.0,-0.1333333333333333,-0.6698597806469526,2.7315007635707347,-0.004348940051753014,2
0.5356798146837397,0.2548098577955086,0.20951032752075152,0.0,0.06666666666666665,-0.33635676492819333,2.9138321995464853,0.028931020191120815,0
0.381020848310568,0.2667145938173976,0.3522645578720346,0.0,0.33333333333333326,-0.4017924630169525,3.2263254508152466,-0.005416623029789236,2
0.5065123010130246,0.26917510853835025,0.2243125904486252,0.0,0.0,0.7331486276853245,2.0635121839330233,0.018210896455805425,0
0.1928817451205511,0.261768082663605,0.5453501722158439,0.0,-0.39999999999999997,-0.43224743313474456,2.663201926733426,0.022167851583493298,2
0.6767851921863997,0.21413295919061603,0.10908184862298441,0.0,-0.06666666666666665,1.1929680297027239,3.1241434302658795,0.049341501888509276,0
0.8067226890756303,0.11596638655462185,0.07731092436974789,0.0,0.1333333333333333,1.517015566290929,2.949114331723028,0.021159168435490816,0
0.5911178123500788,0.24748132410389964,0.16140086354602148,0.0,0.0,0.9019027901015476,2.4990633934733313,0.03184924507788556,2
0.3761600329964941,0.293875025778511,0.3299649412249948,0.0,0.0,-0.6318533854765739,2.5887585307875165,-0.0036563543547590283,2
0.6360374633055309,0.2210987372443036,0.14286379945016542,10.0,0.26666666666666666,0.891239935587762,2.469339774557166,0.026375713256726274,2
0.1780821917808219,0.2226027397260274,0.5993150684931506,0.0,-0.2666666666666667,-0.6291679491125473,2.925772032420232,0.017438660993887856,2
0.5075304311945532,0.26222405611718586,0.2302455126882608,0.0,0.39999999999999997,0.3741810667018426,3.085638071787657,0.007335432816233722,2
0.7510668563300142,0.17069701280227595,0.07823613086770981,0.0,0.19999999999999996,0.9846253059549458,2.523560362895543,0.02930300420322951,0
0.4452054794520548,0.2671232876712329,0.28767123287671237,0.0,0.39999999999999997,0.7976676384839654,2.319533527696793,-0.008847281162716492,1
0.4436536180308422,0.2823250296559905,0.27402135231316727,0.0,-0.33333333333333337,-0.32396223795640733,2.3443704012217133,0.03792394226537016,1
0.6079850440894466,0.21483074306162894,0.17718421284892444,0.0,0.06666666666666665,1.72637244602873,3.3009525383317007,0.05985916802103808,0
0.49022277901846506,0.2600904188681301,0.24968680211340488,0.0,0.4666666666666666,0.5882517053301155,2.931772845843737,0.009652112950532366,1
0.29158356601515756,0.2744315915436777,0.43398484244116475,0.0,0.13333333333333336,-0.18134389777783966,2.7592171523428237,-0.00951160748040547,1
0.3037974683544304,0.3037974683544304,0.3924050632911393,-10.0,0.13333333333333336,-0.22034690265486712,2.0062017699115047,-0.0075685783338962365,1
0.1863905325443787,0.25887573964497046,0.5547337278106509,0.0,-0.39999999999999997,-0.4338353953738572,2.6646046261430882,0.02324456343252196,2
0.6354970494779846,0.23195642305946437,0.13254652746255105,10.0,-0.13333333333333336,0.9544899408284025,2.5827976331360953,0.04816602991185204,0
0.5375059722885809,0.25226946966077396,0.21022455805064497,0.0,0.4,0.3488165680473374,2.866568047337278,0.006134929439112313,0
0.6335700293829578,0.2055582761998041,0.16087169441723798,0.0,0.26666666666666666,0.4632290786136939,2.661031276415892,0.029456605970337058,0
0.1438184763222073,0.21589378662687003,0.6402877370509228,0.0,-0.2666666666666666,-2.0633544174658236,3.3539073658437055,0.014335621911567453,1
0.2750285062713797,0.25974914481185857,0.4652223489167617,0.0,-0.2,-0.5532287110882426,2.645124774890661,0.0021186874193956373,2
0.26180640839566816,0.26928659149268724,0.4689070001116445,0.0,-0.2,-1.2576133543875476,2.374238664561245,-0.025768239007244176,2
0.29127725856697817,0.27842679127725856,0.43029595015576316,0.0,0.0,-0.371897485649608,2.150537634408602,-0.006528923022423805,1
0.574915973819211,0.23881125066336462,0.18627277551742438,0.0,0.06666666666666665,0.2628188038745225,3.2220296809739626,0.040701489244758804,1
0.3829220845704924,0.2759291491757961,0.3411487662537115,0.0,0.0,-0.11799410029498514,2.930186823992134,0.007998371834998241,0
0.7509881422924901,0.15019762845849802,0.09881422924901184,0.0,0.2,1.4941757321305011,2.9009484270054573,0.03002059669624968,0
0.5667412378821775,0.23519761372110362,0.19806114839671882,0.0,-0.06666666666666665,1.422085417468257,3.1996921893035783,0.037173749610597384,1
0.12403331350386675,0.20672218917311122,0.669244497323022,0.0,-0.7333333333333334,-1.0421957163011415,2.859304860843914,0.037471997057800174,2
0.3394255874673629,0.28720626631853785,0.3733681462140992,0.0,0.06666666666666665,0.37701924427588174,2.1385025986795902,-0.03461255753334491,0
0.4959022086400889,0.2785803583831088,0.22551743297680232,0.0,0.06666666666666665,0.5170751077830724,2.559280689811663,0.01248853453372295,1
0.3418999063572989,0.3032983040266361,0.3548017896160649,0.0,0.06666666666666665,-0.5736827275288812,2.582135812905044,-0.0072463722513857465,1
0.47853078116916714,0.26797723745473356,0.2534919813760993,0.0,0.2,0.1678366226861212,2.3117350876548204,-0.009186114359645559,0
0.5356798146837397,0.2548098577955086,0.20951032752075152,10.0,0.06666666666666665,0.3616863905325445,2.681213017751479,0.016123877614193094,0
0.37499999999999994,0.28409090909090906,0.34090909090909083,0.0,-0.26666666666666666,-0.9709521247982784,2.6869284561592255,0.005498292842518349,2
0.7977091429740233,0.1411331560646349,0.06115770096134178,0.0,0.1333333333333333,0.7025390354435893,2.4321703508737214,0.027315693695115995,0
0.4912899510509646,0.26810394471638355,0.2406061042326519,0.0,-0.06666666666666665,0.22041420118343247,2.8062130177514795,0.023478950841853363,0
0.5409582689335395,0.2642967542503864,0.19474497681607422,0.0,-0.1333333333333333,0.4841312533620229,2.0306616460462616,0.013798912052765844,0
0.5288967352535935,0.2524600416277153,0.21864322311869108,0.0,0.06666666666666667,0.09620991253644329,2.7259475218658893,0.015557723659364253,2
0.4359404280501035,0.27566821185521256,0.2883913600946839,-10.0,0.4666666666666667,-0.04941518109219967,2.1885456158748084,-0.018358952919933558,0
0.4304635761589404,0.2847682119205298,0.2847682119205298,0.0,0.0,-0.11418853255587913,2.4125364431486878,0.008229952944315999,0
0.6100322159112963,0.2276461683766545,0.16232161571204926,0.0,0.2,1.599368318756074,3.173712342079689,0.04370453035138966,0
0.45971385542168675,0.2855798192771084,0.25470632530120474,0.0,-0.13333333333333336,0.3048548611991384,3.1112942071238434,0.015145614188916245,2
0.6237364311178027,0.21463447629688825,0.1616290925853089,0.0,-0.2666666666666666,0.707644004347301,2.1084410095399106,0.049564362252821015,2
0.20485175202156333,0.2560646900269542,0.5390835579514824,-10.0,-0.13333333333333336,-1.2775971186004627,2.5588834576794444,-0.01546348553270041,2
0.4038179148311307,0.28389623103279493,0.3122858541360744,0.0,0.0,-0.3513665821358132,2.880529726683573,0.006072177340264995,0
0.37163177401582687,0.27076029249724526,0.35760793348692776,0.0,0.06666666666666665,0.012437810945273853,2.9975124378109452,-0.015148588918957873,0
0.5867388203461612,0.21932855903416026,0.19393262061967856,0.0,0.0,-0.02925373134328324,2.3737313432835823,0.04126094080842069,0
0.42767047694126925,0.2688214426487978,0.30350808040993305,0.0,-0.1333333333333333,0.10977720095176302,2.329115293099719,-0.009548507936948503,0
0.6139566515119077,0.23771142148281554,0.1483319270052769,0.0,0.2,1.1784555483452304,3.047371836469825,0.03286846665020071,1
0.2676137454405836,0.27548473795354195,0.4569015166058745,0.0,-0.4666666666666666,-0.3805207883757733,2.200402819738167,0.010530263879383661,0
0.4984696108439003,0.2575426322693485,0.24398775688675117,0.0,0.2,0.6729209731276837,2.867228494196216,0.027077137717497868,1
0.46851141484488484,0.27697292465829954,0.25451566049681573,0.0,-0.6,0.23446735846578215,3.1032444502824115,0.04113117747213185,0
0.4469434832756632,0.2502883506343714,0.3027681660899654,0.0,-0.4666666666666666,0.11200936197652345,2.5360925689311347,0.015009253083956398,1
0.4452054794520548,0.2671232876712329,0.28767123287671237,0.0,0.13333333333333333,0.9710832973672854,3.2067328441950798,0.01975562279815657,2
0.46851141484488484,0.27697292465829954,0.25451566049681573,0.0,-0.20000000000000007,0.6425655919942008,2.0845434952882735,0.012299100292921306,0
0.4569015166058744,0.26761374544058353,0.2754847379535419,0.0,-0.13333333333333336,-0.3580558455329328,2.571491981554699,0.03669547359350628,0
0.34528497409326425,0.27419689119170987,0.3805181347150259,0.0,-0.4,-0.23553412462908008,2.806008902077151,0.012351237638168588,2
0.4247787610619469,0.2920353982300885,0.2831858407079646,10.0,0.19999999999999996,0.24581722267182238,2.014123430147169,-0.023374582452121206,2
0.24968680211340483,0.26009041886813006,0.49022277901846495,0.0,0.0,-0.6809906511399051,2.1531900934886012,-0.020273565651695663,2
0.5863218893505356,0.24204570303958015,0.1716324076098841,0.0,-0.26666666666666666,0.6012793176972284,3.0575692963752665,0.06394589524567396,0
0.5605730302086578,0.23263780753659297,0.20678916225474928,0.0,0.2666666666666666,0.3166892808683852,2.2922659430122114,0.0067888062566916485,0
0.11495246326707001,0.19360414866032843,0.6914433880726015,0.0,-0.8,-1.40497512437811,3.093674484719261,0.03272387600783275,2
0.6106870229007634,0.233587786259542,0.15572519083969466,0.0,-0.06666666666666665,0.5883960643448385,2.6499297204435424,0.047367502328898525,0
0.22784123770965878,0.2830754771544245,0.4890832851359167,0.0,-0.26666666666666666,-1.229585668754808,2.612594790636334,-0.01287203295220371,0
0.46851141484488484,0.27697292465829954,0.25451566049681573,0.0,0.2,-0.46832666752677055,2.511933944007225,0.01564999545551421,0
0.5428403755868546,0.25088028169014087,0.20627934272300474,10.0,0.3333333333333333,0.832822424405915,2.9092870981190377,0.02045431306240908,2
0.2938879125170865,0.2686975200156219,0.4374145674672915,0.0,0.06666666666666665,0.14200680272108857,2.296201814058957,-0.02919794498227568,0
0.33228991090777754,0.26029376354442574,0.40741632554779683,0.0,-0.1333333333333333,-0.5073051948051952,3.0965909090909096,0.017179421178544985,2
0.6705995058740483,0.19623859224524778,0.13316190188070384,0.0,0.4666666666666667,0.8795238095238095,2.8604761904761906,0.030091824298666303,0
0.18502202643171808,0.2643171806167401,0.5506607929515419,-10.0,-0.06666666666666671,-0.7820747520976354,2.232799389778795,-0.008603626299691441,2
0.5356798146837397,0.2548098577955086,0.20951032752075152,0.0,0.33333333333333337,0.6016806722689076,2.2823529411764705,0.007928395507587171,0
0.5105671386892479,0.26403614886501103,0.22539671244574114,0.0,0.0,0.6372549019607845,2.598039215686275,0.02818846407046205,0
0.6237932570919352,0.2212980840635675,0.15490865884449723,0.0,0.4666666666666667,1.6042780748663104,3.0111065405183055,0.03086988042872385,0
0.6160766673185997,0.20672794836690783,0.17719538431449244,0.0,0.13333333333333336,1.1397424454927962,2.8406222108886903,0.02886668887572552,2
0.741306191687871,0.16115351993214588,0.09754028837998303,0.0,0.3333333333333333,1.5137550621421592,2.9102080714983942,0.028470070027737937,0
0.306420233463035,0.2714007782101167,0.42217898832684825,0.0,-0.4,-0.041988802985870155,2.3147160757131435,0.0028073696477529664,1
0.4423305588585018,0.2580261593341261,0.2996432818073722,0.0,0.2,-0.09747242005306544,2.8993157380254155,0.012224755208477933,1
0.3637488400866069,0.25765542839467986,0.3785957315187132,0.0,0.0,-0.17995201279658746,3.259130898427086,0.009867936299246038,1
0.545440451158419,0.23915465935407607,0.21540488948750494,0.0,0.2666666666666667,-0.8724340175953079,2.3636620877707464,0.017283360042860352,2
0.6009166977562223,0.22864147524383097,0.1704418269999467,0.0,0.6,1.4257838935258293,2.497293029551094,-0.003714953571180568,1
0.6590750422132745,0.2161400831276789,0.12478487465904663,0.0,0.13333333333333336,1.0804136440808771,2.3151720944590215,0.032753030067343536,1
0.7662835249042146,0.1558109833971903,0.07790549169859515,10.0,-0.2666666666666666,0.9448769853628157,2.549361569604485,0.041366005449402166,0
0.6797691170156943,0.19605972427610552,0.12417115870820017,0.0,0.19999999999999996,1.788629327329018,2.7934140163242334,0.016727320035130555,0
0.4533333333333333,0.2733333333333333,0.2733333333333333,0.0,-0.26666666666666666,-0.24441205053449933,2.564139941690962,0.020377140342778655,0
0.17718421284892444,0.21483074306162894,0.6079850440894466,0.0,-0.4,-1.0668124392614189,2.798590864917396,0.01190874580771814,1
0.4931894569255263,0.2770564302140457,0.22975411286042813,0.0,0.33333333333333337,0.27988338192419815,2.0291545189504374,-0.012098303046604197,1
0.43963204292832503,0.2554618627826753,0.3049060942889996,0.0,-0.13333333333333336,1.3943148688046652,3.079446064139942,0.0063267279988843406,2
0.24721363342201763,0.2609477241676853,0.4918386424102969,0.0,-0.3333333333333333,-0.6857142857142855,2.4660159716060335,-0.0031739394014947686,2
0.35478260869565215,0.27652173913043476,0.36869565217391304,-10.0,-0.06666666666666665,-0.21309807782111,2.340989234283695,-0.01117691429791845,0
0.24091577399705952,0.25393824826717076,0.5051459777357699,0.0,-0.20000000000000007,-0.6009248283300761,1.8061918645009025,-0.016304549157681175,1
0.3762677484787018,0.268762677484787,0.35496957403651114,0.0,-0.2,-0.22128279883381907,2.729154518950437,0.007833202780213488,0
0.2676137454405836,0.27548473795354195,0.4569015166058745,0.0,0.0,-0.8652637684895748,3.0985143888369695,-0.010840846174394292,0
0.6042059008160702,0.2244193345888261,0.17137476459510356,0.0,-0.2,0.5921052631578949,2.9780701754385968,0.06070152968056086,0
0.381020848310568,0.2667145938173976,0.3522645578720346,0.0,-0.19999999999999996,-0.2474747474747474,3.1948431685273793,0.019997129929043733,1
0.6079850440894466,0.21483074306162894,0.17718421284892444,0.0,0.0,0.2919530710835059,3.118730158730159,0.04721772636685273,2
0.1691305618715774,0.21483096773525995,0.6160384703931627,0.0,-0.5333333333333332,-1.134776741184064,2.0641905767763893,0.0020070763298613015,0
0.4141689373297003,0.2588555858310627,0.32697547683923706,0.0,0.19999999999999996,0.3038877386703477,1.9786059351276744,-0.02306135911235563,2
0.45092838196286467,0.2705570291777188,0.27851458885941643,0.0,0.06666666666666671,-0.48826086956521697,2.2450724637681154,0.00815262611089057,0
0.19806114839671882,0.23519761372110362,0.5667412378821775,-10.0,0.06666666666666665,-0.986587451615807,2.539202448465208,-0.007181607236771637,1
0.6335700293829578,0.2055582761998041,0.16087169441723798,0.0,0.2666666666666667,0.8689075630252103,2.625210084033614,0.028288974868038386,1
0.3411167512690355,0.2680203045685279,0.39086294416243655,0.0,-0.06666666666666671,0.5025073746312683,2.40811209439528,-0.01604348221962737,2
0.578368999421631,0.23423944476576056,0.18739155581260844,0.0,0.0,0.06391347099311728,2.7294685990338166,0.0265514270208691,2
0.751503006012024,0.15531062124248496,0.09318637274549098,0.0,0.26666666666666666,1.0864888123924274,2.9998565691336783,0.0413857119952179,0
0.3292721024679788,0.30271790065604504,0.36800999687597635,10.0,-0.06666666666666665,0.0029814911821198775,1.9708529771258951,-0.013669127798420111,1
0.6989748369058714,0.17707362534948742,0.1239515377446412,0.0,0.2666666666666666,1.0499139414802068,2.4842226047045326,0.034444175156432166,0
0.3961165048543689,0.27378640776699026,0.33009708737864074,0.0,-0.6000000000000001,-0.2977293790546802,2.3899443929564415,0.019375888447776102,0
0.39281588068480194,0.27150509400273076,0.3356790253124671,0.0,-0.06666666666666665,-0.3530120481927709,2.2614457831325305,0.011117701878346986,0
0.336580310880829,0.26445595854922277,0.39896373056994816,0.0,0.06666666666666665,-0.23067269076305208,2.389809236947791,-0.017303024108780984,1
0.6119691631123003,0.22001748483323175,0.16801335205446788,0.0,0.06666666666666665,1.1193913988511102,2.435479440602869,0.017578417432507543,1
0.30745658835546474,0.2635342185903984,0.4290091930541369,0.0,-0.39999999999999997,-0.5668934240362811,2.9988662131519277,0.018646762718787735,2
0.751503006012024,0.15531062124248496,0.09318637274549098,0.0,-0.19999999999999996,0.6519519519519519,2.3276276276276278,0.04325061636874461,1
0.3908629441624366,0.26802030456852793,0.34111675126903557,0.0,-0.6,-0.20615853949187302,2.2248438915105586,0.013890596914852671,2
0.7744381261846738,0.14178174925534798,0.08378012455997834,0.0,0.5333333333333333,1.345754845754846,2.9155064155064156,0.009798218788058088,0
0.4513970877607241,0.25009838646202276,0.298504525777253,0.0,0.19999999999999996,-0.3982243112677897,2.9834182008095054,0.007537184244375106,0
0.31119311193111926,0.2829028290282903,0.40590405904059046,10.0,0.1333333333333333,-0.3186480186480186,1.5273798273798271,-0.022493052197535834,0
0.3619426718919917,0.2583868518784496,0.3796704762295586,0.0,0.26666666666666666,0.048806226091544724,2.4033768632106582,-0.029637844923728673,2
0.6242118537200504,0.20668348045397222,0.1691046658259773,0.0,0.0,0.6850299401197607,2.634730538922156,0.05165193111670863,0
0.27402135231316727,0.2823250296559905,0.4436536180308422,-10.0,0.2666666666666667,-0.601936995574069,2.01644363447019,-0.030630301479864674,2
0.1705035915676015,0.21657500083644532,0.6129214075959531,0.0,0.3333333333333333,-0.707305389221557,2.008862275449102,-0.003865416929135057,1
0.5903799428981247,0.21951771548867918,0.1901023416131962,0.0,0.39999999999999997,1.207663723935528,3.3614589003810567,0.03179172727068391,0
0.18603995034420495,0.22147613136214872,0.5924839182936462,0.0,-0.06666666666666668,-0.998397435897436,2.0510531135531136,-0.009328693638601754,0
0.4196319018404908,0.25644171779141106,0.3239263803680982,0.0,-0.06666666666666665,-0.3889381839692395,2.134969930000986,0.010517660557189612,0
0.5184528276144348,0.23459990449553175,0.2469472678900334,0.0,0.06666666666666665,0.7257440476190478,3.3566964285714285,0.055069691290174916,0
0.17977041368854232,0.25167857916395925,0.5685510071474984,0.0,0.06666666666666671,-0.6593406593406596,2.019230769230769,-0.008790755718221271,1
0.17719538431449244,0.20672794836690783,0.6160766673185997,0.0,-0.1333333333333333,-0.8841991341991344,3.0984848484848486,0.006415376269975931,1
